{
	"credit": "Made with Blockbench",
	"textures": {
		"2": "block/red_shulker_box"
	},
	"elements": [
		{
			"name": "Side",
			"from": [4, 11, 12],
			"to": [6, 12, 13],
			"rotation": {"angle": 0, "axis": "y", "origin": [8, 0.5, 8]},
			"faces": {
				"up": {"uv": [13, 15, 15, 16], "rotation": 180, "texture": "#2"}
			}
		},
		{
			"name": "Side",
			"from": [10, 11, 12],
			"to": [12, 12, 13],
			"rotation": {"angle": 0, "axis": "y", "origin": [8, 0.5, 8]},
			"faces": {
				"up": {"uv": [13, 15, 15, 16], "rotation": 180, "texture": "#2"}
			}
		},
		{
			"name": "middle",
			"from": [6, 11, 6],
			"to": [10, 12, 10],
			"rotation": {"angle": 0, "axis": "y", "origin": [8, 0.5, 8]},
			"faces": {
				"up": {"uv": [6, 6, 10, 10], "rotation": 180, "texture": "#2"}
			}
		},
		{
			"name": "Side",
			"from": [10, 11, 6],
			"to": [13, 12, 10],
			"rotation": {"angle": 0, "axis": "y", "origin": [8, 0.5, 8]},
			"faces": {
				"up": {"uv": [13, 4, 16, 8], "texture": "#2"}
			}
		},
		{
			"name": "Side",
			"from": [6, 11, 3],
			"to": [10, 12, 6],
			"rotation": {"angle": 0, "axis": "y", "origin": [8, 0.5, 8]},
			"faces": {
				"up": {"uv": [8, 13, 12, 16], "rotation": 180, "texture": "#2"}
			}
		},
		{
			"name": "Side",
			"from": [3, 11, 6],
			"to": [6, 12, 10],
			"rotation": {"angle": 0, "axis": "y", "origin": [8, 0.5, 8]},
			"faces": {
				"up": {"uv": [13, 4, 16, 8], "rotation": 180, "texture": "#2"}
			}
		},
		{
			"name": "Side",
			"from": [6, 11, 10],
			"to": [10, 12, 13],
			"rotation": {"angle": 0, "axis": "y", "origin": [8, 0.5, 8]},
			"faces": {
				"up": {"uv": [8, 13, 12, 16], "texture": "#2"}
			}
		},
		{
			"name": "Corner",
			"from": [10, 11, 3],
			"to": [13, 12, 6],
			"rotation": {"angle": 0, "axis": "y", "origin": [8, 0.5, 8]},
			"faces": {
				"up": {"uv": [13, 13, 16, 16], "rotation": 270, "texture": "#2"}
			}
		},
		{
			"name": "Corner",
			"from": [3, 11, 10],
			"to": [6, 12, 12],
			"rotation": {"angle": 0, "axis": "y", "origin": [8, 0.5, 8]},
			"faces": {
				"up": {"uv": [13, 1, 16, 3], "rotation": 180, "texture": "#2"}
			}
		},
		{
			"name": "Corner",
			"from": [3, 11, 3],
			"to": [6, 12, 6],
			"rotation": {"angle": 0, "axis": "y", "origin": [8, 0.5, 8]},
			"faces": {
				"up": {"uv": [13, 13, 16, 16], "rotation": 180, "texture": "#2"}
			}
		},
		{
			"name": "Corner",
			"from": [10, 11, 10],
			"to": [13, 12, 12],
			"rotation": {"angle": 0, "axis": "y", "origin": [8, 0.5, 8]},
			"faces": {
				"up": {"uv": [13, 13, 16, 15], "texture": "#2"}
			}
		},
		{
			"name": "Side",
			"from": [6, 22, 2.5],
			"to": [10, 24, 3.5],
			"rotation": {"angle": 0, "axis": "x", "origin": [8, 8, 2]},
			"faces": {
				"south": {"uv": [8, 13, 12, 15], "rotation": 180, "texture": "#2"}
			}
		},
		{
			"name": "Side",
			"from": [10, 15, 2.5],
			"to": [12, 16, 3.5],
			"rotation": {"angle": 0, "axis": "x", "origin": [8, 8, 2]},
			"faces": {
				"south": {"uv": [13, 15, 15, 16], "rotation": 180, "texture": "#2"}
			}
		},
		{
			"name": "Side",
			"from": [10, 23, 2.5],
			"to": [12, 24, 3.5],
			"rotation": {"angle": 0, "axis": "x", "origin": [8, 16, 2]},
			"faces": {
				"south": {"uv": [13, 14, 15, 15], "rotation": 180, "texture": "#2"}
			}
		},
		{
			"name": "Side",
			"from": [4, 15, 2.5],
			"to": [6, 16, 3.5],
			"rotation": {"angle": 0, "axis": "x", "origin": [8, 8, 2]},
			"faces": {
				"south": {"uv": [13, 15, 15, 16], "rotation": 180, "texture": "#2"}
			}
		},
		{
			"name": "Side",
			"from": [4, 23, 2.5],
			"to": [6, 24, 3.5],
			"rotation": {"angle": 0, "axis": "x", "origin": [8, 16, 2]},
			"faces": {
				"south": {"uv": [13, 14, 15, 15], "rotation": 180, "texture": "#2"}
			}
		},
		{
			"name": "middle",
			"from": [6, 18, 2.5],
			"to": [10, 22, 3.5],
			"rotation": {"angle": 0, "axis": "x", "origin": [8, 8, 2]},
			"faces": {
				"south": {"uv": [6, 6, 10, 10], "rotation": 180, "texture": "#2"}
			}
		},
		{
			"name": "Side",
			"from": [10, 18, 2.5],
			"to": [13, 22, 3.5],
			"rotation": {"angle": 0, "axis": "x", "origin": [8, 8, 2]},
			"faces": {
				"south": {"uv": [13, 4, 16, 8], "texture": "#2"}
			}
		},
		{
			"name": "Side",
			"from": [3, 18, 2.5],
			"to": [6, 22, 3.5],
			"rotation": {"angle": 0, "axis": "x", "origin": [8, 8, 2]},
			"faces": {
				"south": {"uv": [13, 4, 16, 8], "rotation": 180, "texture": "#2"}
			}
		},
		{
			"name": "Side",
			"from": [6, 15, 2.5],
			"to": [10, 18, 3.5],
			"rotation": {"angle": 0, "axis": "x", "origin": [8, 8, 2]},
			"faces": {
				"south": {"uv": [8, 13, 12, 16], "texture": "#2"}
			}
		},
		{
			"name": "Corner",
			"from": [10, 22, 2.5],
			"to": [13, 23, 3.5],
			"rotation": {"angle": 0, "axis": "x", "origin": [8, 8, 2]},
			"faces": {
				"south": {"uv": [13, 13, 14, 16], "rotation": 270, "texture": "#2"}
			}
		},
		{
			"name": "Corner",
			"from": [3, 16, 2.5],
			"to": [6, 18, 3.5],
			"rotation": {"angle": 0, "axis": "x", "origin": [8, 8, 2]},
			"faces": {
				"south": {"uv": [13, 1, 16, 3], "rotation": 180, "texture": "#2"}
			}
		},
		{
			"name": "Corner",
			"from": [3, 22, 2.5],
			"to": [6, 23, 3.5],
			"rotation": {"angle": 0, "axis": "x", "origin": [8, 8, 2]},
			"faces": {
				"south": {"uv": [13, 13, 16, 14], "rotation": 180, "texture": "#2"}
			}
		},
		{
			"name": "Corner",
			"from": [10, 16, 2.5],
			"to": [13, 18, 3.5],
			"rotation": {"angle": 0, "axis": "x", "origin": [8, 8, 2]},
			"faces": {
				"south": {"uv": [13, 13, 16, 15], "texture": "#2"}
			}
		}
	],
	"display": {
		"thirdperson_righthand": {
			"scale": [0.85, 0.85, 0.85]
		},
		"thirdperson_lefthand": {
			"rotation": [90, 90, 0],
			"translation": [-3.93, -2, -5.29],
			"scale": [2.02, 2.01, 2.02]
		},
		"firstperson_lefthand": {
			"scale": [0.2, 0.2, 0.2]
		},
		"gui": {
			"rotation": [30, 35, 0],
			"translation": [0, -4, 0],
			"scale": [0.5, 0.5, 0.5]
		},
		"head": {
			"rotation": [0, 180, 0],
			"translation": [0, -0.475, -0.025]
		},
		"fixed": {
			"translation": [0, -4, 0],
			"scale": [0.5, 0.5, 0.5]
		}
	}
}