{
	"credit": "Made with Blockbench, created by regfunkid :3",
	"reggie_note": "This file's going to be pretty big, as it contains most of the file paths. Sorry!",
	"parent": "minecraft:item/generated",
	"textures": {
		"layer0": "item/firework_star"
	},
	"overrides": [
		{"model": "item/custom/fried_egg", "predicate": {"custom_model_data": 90}},
		{"model": "item/custom/cake_slice", "predicate": {"custom_model_data": 91}},
		{"model": "item/custom/pumpkin_pie_slice", "predicate": {"custom_model_data": 92}},
		{"model": "item/custom/apple_pie", "predicate": {"custom_model_data": 93}},
		{"model": "item/custom/zombie_jerky", "predicate": {"custom_model_data": 94}},
		{"model": "item/custom/apple_pie_slice", "predicate": {"custom_model_data": 95}},
		{"model": "item/custom/sandwich", "predicate": {"custom_model_data": 97}},
		{"model": "item/custom/pizza_slice", "predicate": {"custom_model_data": 102}},
		{"model": "item/custom/cut_potatoes", "predicate": {"custom_model_data": 103}},
		{"model": "item/custom/burrito", "predicate": {"custom_model_data": 104}},
		{"model": "item/custom/coconut", "predicate": {"custom_model_data": 106}},
		{"model": "item/custom/veg_burrito", "predicate": {"custom_model_data": 107}},
		{"model": "item/custom/taco", "predicate": {"custom_model_data": 108}},
		{"model": "item/custom/veg_taco", "predicate": {"custom_model_data": 109}},
		{"model": "item/custom/plain_donut", "predicate": {"custom_model_data": 111}},
		{"model": "item/custom/glazed_donut", "predicate": {"custom_model_data": 112}},
		{"model": "item/custom/filled_donut", "predicate": {"custom_model_data": 113}},
		{"model": "item/custom/glow_filled_donut", "predicate": {"custom_model_data": 114}},
		{"model": "item/custom/fish_roll", "predicate": {"custom_model_data": 115}},
		{"model": "item/custom/cheesecake", "predicate": {"custom_model_data": 116}},
		{"model": "item/custom/diamond_apple", "predicate": {"custom_model_data": 117}},
		{"model": "item/custom/emerald_apple", "predicate": {"custom_model_data": 118}},
		{"model": "item/custom/cocoa_cookie", "predicate": {"custom_model_data": 120}},
		{"model": "item/custom/berry_cookie", "predicate": {"custom_model_data": 121}},
		{"model": "item/custom/glow_berry_cookie", "predicate": {"custom_model_data": 122}},
		{"model": "item/custom/honey_cookie", "predicate": {"custom_model_data": 123}},
		{"model": "item/custom/dragon_fried_egg", "predicate": {"custom_model_data": 124}},
		{"model": "item/custom/sniffer_fried_egg", "predicate": {"custom_model_data": 125}},
		{"model": "item/custom/monster_mash", "predicate": {"custom_model_data": 127}},
		{"model": "item/custom/frosted_pumpkin_pie", "predicate": {"custom_model_data": 128}},
		{"model": "item/custom/pretzel", "predicate": {"custom_model_data": 129}},
		{"model": "item/custom/fish_and_chips", "predicate": {"custom_model_data": 132}},
		{"model": "item/custom/kabob_2", "predicate": {"custom_model_data": 133}},
		{"model": "item/custom/kabob_1", "predicate": {"custom_model_data": 134}},
		{"model": "item/custom/kabob_0", "predicate": {"custom_model_data": 135}},
		{"model": "item/custom/honey_apple", "predicate": {"custom_model_data": 137}}
	]
}