{
	"credit": "Made with Blockbench, created by regfunkid :3",
	"parent": "minecraft:item/generated",
	"textures": {
		"layer0": "item/honey_bottle"
	},
	"overrides": [
		{"model": "item/custom/apple_cider", "predicate": {"custom_model_data": 96}},
		{"model": "item/custom/hot_cocoa", "predicate": {"custom_model_data": 98}},
		{"model": "item/custom/golden_apple_cider", "predicate": {"custom_model_data": 99}},
		{"model": "item/custom/yogurt", "predicate": {"custom_model_data": 119}},
		{"model": "item/custom/fruit_punch", "predicate": {"custom_model_data": 126}}
	]
}