{
	"credit": "Made with Blockbench",
	"textures": {
		"0": "block/red_wool"
	},
	"elements": [
		{
			"from": [3, 9, 3],
			"to": [16, 10, 12],
			"faces": {
				"north": {"uv": [3, 14, 16, 15], "texture": "#0"},
				"east": {"uv": [2, 6, 3, 15], "rotation": 90, "texture": "#0"},
				"south": {"uv": [3, 6, 16, 7], "texture": "#0"},
				"west": {"uv": [15, 6, 16, 15], "rotation": 90, "texture": "#0"},
				"up": {"uv": [3, 6, 16, 15], "texture": "#0"}
			}
		}
	],
	"display": {
		"thirdperson_righthand": {
			"rotation": [45, 0, 0],
			"translation": [0, 1, 0],
			"scale": [0.35, 0.35, 0.35]
		},
		"thirdperson_lefthand": {
			"rotation": [45, 0, 0],
			"translation": [0, 1, 0],
			"scale": [0.35, 0.35, 0.35]
		},
		"firstperson_righthand": {
			"rotation": [-10, 15, 0],
			"translation": [1, 0, 0],
			"scale": [0.4, 0.4, 0.4]
		},
		"firstperson_lefthand": {
			"rotation": [-10, 15, 0],
			"translation": [1, 0, 0],
			"scale": [0.4, 0.4, 0.4]
		},
		"ground": {
			"translation": [0, 1, 0],
			"scale": [0.3, 0.3, 0.3]
		},
		"gui": {
			"rotation": [35, -135, 0],
			"translation": [0, -1.5, 0],
			"scale": [0.5, 0.5, 0.5]
		},
		"head": {
			"translation": [0, 2.4, 0]
		},
		"fixed": {
			"translation": [0, -3.5, -4.1],
			"scale": [0.8, 0.8, 0.8]
		}
	}
}