{
    "parent": "item/generated",
    "textures": {
        "layer0": "item/nuss/haselnuss"
    },
    "display": {
        "ground": {
            "rotation": [ 0, 0, 0 ],
            "translation": [ 0, 2, 0],
            "scale":[ 0.26, 0.26, 0.26 ]
        },
        "thirdperson_righthand": {
            "rotation": [ 0, 0, 0 ],
            "translation": [ 0, 1.8, 1 ],
            "scale": [ 0.28, 0.28, 0.28 ]
        },
        "firstperson_righthand": {
            "rotation": [ 0, -90, 25 ],
            "translation": [ 1.13, 2.7, 1.13],
            "scale": [ 0.37, 0.37, 0.37 ]
        },
        "gui": {
            "rotation": [ 0, 0, 0 ],
            "translation": [ 0, 0, 0 ],
            "scale": [ 0.54, 0.54, 0.54 ]
        }
    }
}

