{
    "parent": "item/generated",
    "textures": {
        "layer0": "item/obst/kirsche"
    },
    "display": {
        "ground": {
            "rotation": [ 0, 0, 0 ],
            "translation": [ 0, 2, 0],
            "scale":[ 0.4, 0.4, 0.4 ]
        },
        "thirdperson_righthand": {
            "rotation": [ 0, 0, 0 ],
            "translation": [ 0, 3, 1 ],
            "scale": [ 0.45, 0.45, 0.45 ]
        },
        "firstperson_righthand": {
            "rotation": [ 0, -90, 25 ],
            "translation": [ 1.13, 3.2, 1.13],
            "scale": [ 0.55, 0.55, 0.55 ]
        },
        "gui": {
            "rotation": [ 0, 0, 0 ],
            "translation": [ 0, 0, 0 ],
            "scale": [ 0.81, 0.81, 0.81 ]
        }
    }
}
