{
	"credit": "Made with Blockbench",
	"textures": {
		"0": "block/oak_planks",
		"1": "block/stripped_oak_log",
		"particle": "block/stripped_oak_log"
	},
	"elements": [
		{
			"name": "Back_Support",
			"from": [0, 9, 12],
			"to": [2, 20, 15],
			"rotation": {"angle": 0, "axis": "y", "origin": [8, 7.5, 8]},
			"faces": {
				"north": {"uv": [6, 2, 8, 13], "texture": "#1"},
				"east": {"uv": [5, 2, 8, 13], "texture": "#1"},
				"south": {"uv": [6, 2, 8, 13], "texture": "#1"},
				"west": {"uv": [5, 2, 8, 13], "texture": "#1"},
				"up": {"uv": [8, 3, 10, 6], "texture": "#1"}
			}
		},
		{
			"name": "Back_Support",
			"from": [14, 9, 12],
			"to": [16, 20, 15],
			"rotation": {"angle": 0, "axis": "y", "origin": [8, 7.5, 8]},
			"faces": {
				"north": {"uv": [7, 2, 9, 13], "texture": "#1"},
				"east": {"uv": [5, 2, 8, 13], "texture": "#1"},
				"south": {"uv": [10, 2, 12, 13], "texture": "#1"},
				"west": {"uv": [4, 2, 7, 13], "texture": "#1"},
				"up": {"uv": [7, 6, 9, 9], "texture": "#1"}
			}
		},
		{
			"name": "Seat Back",
			"from": [8, 9, 13],
			"to": [14, 19, 15],
			"rotation": {"angle": 0, "axis": "y", "origin": [8, 6.5, 8]},
			"faces": {
				"north": {"uv": [9, 3, 15, 13], "texture": "#1"},
				"south": {"uv": [3, 3, 9, 13], "texture": "#1"},
				"up": {"uv": [2, 4, 8, 6], "texture": "#1"},
				"down": {"uv": [0, 0, 6, 2], "texture": "#1"}
			}
		},
		{
			"name": "Seat Back",
			"from": [2, 9, 13],
			"to": [8, 19, 15],
			"rotation": {"angle": 0, "axis": "y", "origin": [8, 6.5, 8]},
			"faces": {
				"north": {"uv": [2, 3, 8, 13], "texture": "#1"},
				"south": {"uv": [8, 3, 14, 13], "texture": "#1"},
				"up": {"uv": [2, 4, 8, 6], "texture": "#1"},
				"down": {"uv": [0, 0, 6, 2], "texture": "#1"}
			}
		},
		{
			"name": "Seat Back",
			"from": [3, 3, 13],
			"to": [13, 9, 15],
			"rotation": {"angle": 0, "axis": "y", "origin": [8, 6.5, 8]},
			"faces": {
				"south": {"uv": [4, 6, 14, 12], "rotation": 180, "texture": "#1"},
				"up": {"uv": [2, 4, 12, 6], "texture": "#1"},
				"down": {"uv": [0, 0, 10, 2], "texture": "#1"}
			}
		},
		{
			"name": "Seat",
			"from": [2, 6, 1],
			"to": [14, 9, 13],
			"rotation": {"angle": 0, "axis": "y", "origin": [8, 7.5, 8]},
			"faces": {
				"north": {"uv": [2, 9, 14, 12], "texture": "#0"},
				"up": {"uv": [2, 2, 14, 14], "texture": "#1"},
				"down": {"uv": [2, 1, 14, 13], "texture": "#1"}
			}
		},
		{
			"name": "Seat",
			"from": [2, 3, 2],
			"to": [14, 7, 13],
			"rotation": {"angle": 0, "axis": "y", "origin": [8, 7.5, 8]},
			"faces": {
				"north": {"uv": [2, 8, 14, 12], "rotation": 180, "texture": "#1"},
				"east": {"uv": [0, 0, 11, 4], "texture": "#1"},
				"south": {"uv": [0, 0, 12, 4], "texture": "#1"},
				"west": {"uv": [0, 0, 11, 4], "texture": "#1"},
				"up": {"uv": [2, 2, 14, 13], "texture": "#1"},
				"down": {"uv": [2, 1, 14, 12], "texture": "#1"}
			}
		},
		{
			"name": "Side",
			"from": [0, 3, 3],
			"to": [2, 12, 12],
			"rotation": {"angle": 0, "axis": "y", "origin": [8, 7.5, 8]},
			"faces": {
				"east": {"uv": [2, 2, 11, 11], "texture": "#1"},
				"west": {"uv": [4, 5, 13, 14], "texture": "#1"},
				"up": {"uv": [4, 11, 13, 13], "rotation": 90, "texture": "#1"},
				"down": {"uv": [3, 1, 12, 3], "rotation": 90, "texture": "#1"}
			}
		},
		{
			"name": "side",
			"from": [14, 3, 3],
			"to": [16, 12, 12],
			"rotation": {"angle": 0, "axis": "y", "origin": [8, 7.5, 8]},
			"faces": {
				"east": {"uv": [3, 5, 12, 14], "texture": "#1"},
				"west": {"uv": [5, 2, 14, 11], "texture": "#1"},
				"up": {"uv": [4, 11, 13, 13], "rotation": 270, "texture": "#1"},
				"down": {"uv": [3, 1, 12, 3], "rotation": 270, "texture": "#1"}
			}
		},
		{
			"name": "Arm",
			"from": [14, 12, 0],
			"to": [16, 13, 12],
			"rotation": {"angle": 0, "axis": "y", "origin": [8, 7.5, 8]},
			"faces": {
				"north": {"uv": [6, 6, 8, 7], "rotation": 180, "texture": "#1"},
				"east": {"uv": [3, 4, 15, 5], "texture": "#1"},
				"west": {"uv": [2, 1, 14, 2], "texture": "#1"},
				"up": {"uv": [2, 6, 14, 8], "rotation": 270, "texture": "#1"},
				"down": {"uv": [2, 1, 14, 3], "rotation": 270, "texture": "#1"}
			}
		},
		{
			"name": "Arm",
			"from": [0, 12, 0],
			"to": [2, 13, 12],
			"rotation": {"angle": 0, "axis": "y", "origin": [8, 7.5, 8]},
			"faces": {
				"north": {"uv": [6, 6, 8, 7], "rotation": 180, "texture": "#1"},
				"east": {"uv": [2, 1, 14, 2], "texture": "#1"},
				"west": {"uv": [1, 4, 13, 5], "texture": "#1"},
				"up": {"uv": [2, 10, 14, 12], "rotation": 270, "texture": "#1"},
				"down": {"uv": [2, 5, 14, 7], "rotation": 270, "texture": "#1"}
			}
		},
		{
			"name": "Leg1",
			"from": [14, 0, 1],
			"to": [16, 12, 3],
			"rotation": {"angle": 0, "axis": "y", "origin": [8, 7, 8.75]},
			"faces": {
				"north": {"uv": [2, 2, 4, 14], "texture": "#1"},
				"east": {"uv": [8, 2, 10, 14], "texture": "#1"},
				"south": {"uv": [6, 2, 8, 14], "texture": "#1"},
				"west": {"uv": [3, 2, 5, 14], "texture": "#1"},
				"down": {"uv": [0, 0, 2, 2], "texture": "#1"}
			}
		},
		{
			"name": "Leg2",
			"from": [0, 0, 1],
			"to": [2, 12, 3],
			"rotation": {"angle": 0, "axis": "y", "origin": [8, 7, 8.75]},
			"faces": {
				"north": {"uv": [2, 3, 4, 15], "texture": "#1"},
				"east": {"uv": [8, 3, 10, 15], "texture": "#1"},
				"south": {"uv": [6, 3, 8, 15], "texture": "#1"},
				"west": {"uv": [4, 3, 6, 15], "texture": "#1"},
				"down": {"uv": [0, 0, 2, 2], "texture": "#1"}
			}
		},
		{
			"name": "Leg3",
			"from": [0, 0, 12],
			"to": [3, 9, 15],
			"rotation": {"angle": 0, "axis": "y", "origin": [8, 7, 8]},
			"faces": {
				"north": {"uv": [3, 1, 6, 10], "texture": "#1"},
				"east": {"uv": [9, 1, 12, 10], "texture": "#1"},
				"south": {"uv": [7, 1, 10, 10], "texture": "#1"},
				"west": {"uv": [5, 1, 8, 10], "texture": "#1"},
				"down": {"uv": [4, 7, 6, 10], "texture": "#1"}
			}
		},
		{
			"name": "Leg4",
			"from": [13, 0, 12],
			"to": [16, 9, 15],
			"rotation": {"angle": 0, "axis": "y", "origin": [8, 7, 8]},
			"faces": {
				"north": {"uv": [3, 7, 6, 16], "texture": "#1"},
				"east": {"uv": [9, 7, 12, 16], "texture": "#1"},
				"south": {"uv": [7, 7, 10, 16], "texture": "#1"},
				"west": {"uv": [5, 7, 8, 16], "texture": "#1"},
				"down": {"uv": [0, 0, 2, 3], "texture": "#1"}
			}
		}
	],
	"display": {
		"thirdperson_righthand": {
			"rotation": [45, 0, 0],
			"translation": [0, 1, 0],
			"scale": [0.35, 0.35, 0.35]
		},
		"thirdperson_lefthand": {
			"rotation": [45, 0, 0],
			"translation": [0, 1, 0],
			"scale": [0.35, 0.35, 0.35]
		},
		"firstperson_righthand": {
			"rotation": [-10, 15, 0],
			"translation": [1, 0, 0],
			"scale": [0.4, 0.4, 0.4]
		},
		"firstperson_lefthand": {
			"rotation": [-10, 15, 0],
			"translation": [1, 0, 0],
			"scale": [0.4, 0.4, 0.4]
		},
		"ground": {
			"translation": [0, 1, 0],
			"scale": [0.3, 0.3, 0.3]
		},
		"gui": {
			"rotation": [35, -135, 0],
			"translation": [0, -1.5, 0],
			"scale": [0.5, 0.5, 0.5]
		},
		"head": {
			"translation": [0, 2.4, 0]
		},
		"fixed": {
			"translation": [0, -3.5, -4.1],
			"scale": [0.8, 0.8, 0.8]
		}
	}
}