{
	"credit": "Made with Blockbench",
	"textures": {
		"0": "block/oak_planks",
		"2": "block/stripped_oak_log",
		"3": "block/stripped_oak_log_top",
		"4": "block/bone_block_top",
		"5": "block/gold_block",
		"particle": "block/glass"
	},
	"elements": [
		{
			"name": "Divider",
			"from": [-16, -16, 0],
			"to": [0, -15, 16],
			"faces": {
				"north": {"uv": [0, 0, 16, 1], "rotation": 180, "texture": "#3"},
				"east": {"uv": [0, 0, 1, 16], "rotation": 90, "texture": "#3"},
				"south": {"uv": [0, 0, 16, 1], "texture": "#3"},
				"west": {"uv": [0, 0, 1, 16], "rotation": 270, "texture": "#3"},
				"up": {"uv": [0, 0, 16, 16], "texture": "#3"},
				"down": {"uv": [0, 0, 16, 16], "rotation": 180, "texture": "#3"}
			}
		},
		{
			"name": "Back",
			"from": [-13, 7, 14],
			"to": [-3, 15, 14],
			"rotation": {"angle": 0, "axis": "x", "origin": [8, 17, 8]},
			"faces": {
				"north": {"uv": [3, 8, 13, 16], "texture": "#2"},
				"south": {"uv": [3, 8, 13, 16], "texture": "#2"}
			}
		},
		{
			"name": "Back",
			"from": [-13, -4, 14],
			"to": [-3, 7, 14],
			"rotation": {"angle": 0, "axis": "y", "origin": [8, 9, 8]},
			"faces": {
				"north": {"uv": [3, 5, 13, 16], "texture": "#2"},
				"south": {"uv": [3, 0, 13, 11], "texture": "#2"}
			}
		},
		{
			"name": "Wall",
			"from": [-2, 7, 3],
			"to": [-2, 15, 13],
			"rotation": {"angle": 0, "axis": "y", "origin": [0, 9, 0]},
			"faces": {
				"east": {"uv": [3, 8, 13, 16], "texture": "#2"},
				"west": {"uv": [3, 0, 13, 8], "texture": "#2"}
			}
		},
		{
			"name": "Wall",
			"from": [-2, -4, 3],
			"to": [-2, 7, 13],
			"rotation": {"angle": 0, "axis": "y", "origin": [0, 1, 0]},
			"faces": {
				"east": {"uv": [3, 0, 13, 11], "texture": "#2"},
				"west": {"uv": [3, 5, 13, 16], "texture": "#2"}
			}
		},
		{
			"name": "Wall",
			"from": [-14, 7, 3],
			"to": [-14, 15, 13],
			"rotation": {"angle": 0, "axis": "y", "origin": [0, 9, 0]},
			"faces": {
				"east": {"uv": [3, 0, 13, 8], "texture": "#2"},
				"west": {"uv": [3, 8, 13, 16], "texture": "#2"}
			}
		},
		{
			"name": "Wall",
			"from": [-14, -4, 3],
			"to": [-14, 7, 13],
			"rotation": {"angle": 0, "axis": "y", "origin": [0, 1, 0]},
			"faces": {
				"east": {"uv": [3, 5, 13, 16], "texture": "#2"},
				"west": {"uv": [3, 0, 13, 11], "texture": "#2"}
			}
		},
		{
			"name": "Divider",
			"from": [-16, -5, 0],
			"to": [0, -4, 16],
			"rotation": {"angle": 0, "axis": "y", "origin": [0, 1, 0]},
			"faces": {
				"north": {"uv": [0, 0, 16, 1], "rotation": 180, "texture": "#3"},
				"east": {"uv": [0, 0, 1, 16], "rotation": 90, "texture": "#3"},
				"south": {"uv": [0, 0, 16, 1], "texture": "#3"},
				"west": {"uv": [0, 0, 1, 16], "rotation": 270, "texture": "#3"},
				"up": {"uv": [0, 0, 16, 16], "texture": "#3"},
				"down": {"uv": [0, 0, 16, 16], "rotation": 180, "texture": "#3"}
			}
		},
		{
			"name": "Sides Base",
			"from": [-16, -15, 2],
			"to": [0, -5, 14],
			"rotation": {"angle": 0, "axis": "y", "origin": [0, 1, 0]},
			"faces": {
				"east": {"uv": [2, 0, 14, 10], "texture": "#2"},
				"west": {"uv": [2, 0, 14, 10], "texture": "#2"},
				"up": {"uv": [0, 0, 0, 0], "texture": "#2"}
			}
		},
		{
			"name": "Front/Back Base",
			"from": [-8, -15, 0],
			"to": [-2, -5, 16],
			"rotation": {"angle": 0, "axis": "y", "origin": [8, 9, 8]},
			"faces": {
				"north": {"uv": [0, 4, 6, 14], "texture": "#2"},
				"south": {"uv": [10, 4, 16, 14], "texture": "#2"},
				"up": {"uv": [0, 0, 0, 0], "texture": "#2"}
			}
		},
		{
			"name": "Front/Back Base",
			"from": [-14, -15, 0],
			"to": [-8, -5, 16],
			"rotation": {"angle": 0, "axis": "y", "origin": [8, 9, 8]},
			"faces": {
				"north": {"uv": [10, 4, 16, 14], "texture": "#2"},
				"south": {"uv": [0, 4, 6, 14], "texture": "#2"},
				"up": {"uv": [0, 0, 0, 0], "texture": "#2"}
			}
		},
		{
			"name": "Column",
			"from": [-2, -15, 14],
			"to": [0, -5, 16],
			"rotation": {"angle": 0, "axis": "y", "origin": [8, 9, 8]},
			"faces": {
				"east": {"uv": [6, 10, 16, 12], "rotation": 90, "texture": "#0"},
				"south": {"uv": [6, 11, 16, 13], "rotation": 90, "texture": "#0"}
			}
		},
		{
			"name": "Column",
			"from": [-16, -15, 14],
			"to": [-14, -5, 16],
			"rotation": {"angle": 0, "axis": "y", "origin": [8, 9, 8]},
			"faces": {
				"south": {"uv": [6, 2, 16, 4], "rotation": 90, "texture": "#0"},
				"west": {"uv": [6, 3, 16, 5], "rotation": 90, "texture": "#0"}
			}
		},
		{
			"name": "Column",
			"from": [-16, -15, 0],
			"to": [-14, -5, 2],
			"rotation": {"angle": 0, "axis": "y", "origin": [0, 1, 0]},
			"faces": {
				"north": {"uv": [6, 11, 16, 13], "rotation": 90, "texture": "#0"},
				"west": {"uv": [6, 10, 16, 12], "rotation": 90, "texture": "#0"}
			}
		},
		{
			"name": "Column",
			"from": [-2, -15, 0],
			"to": [0, -5, 2],
			"rotation": {"angle": 0, "axis": "y", "origin": [8, 9, 8]},
			"faces": {
				"north": {"uv": [6, 2, 16, 4], "rotation": 90, "texture": "#0"},
				"east": {"uv": [6, 3, 16, 5], "rotation": 90, "texture": "#0"}
			}
		},
		{
			"name": "Column",
			"from": [-15, -4, 1],
			"to": [-13, 7, 3],
			"rotation": {"angle": 0, "axis": "y", "origin": [0, 1, 0]},
			"faces": {
				"north": {"uv": [5, 11, 16, 13], "rotation": 90, "texture": "#0"},
				"east": {"uv": [5, 13, 16, 15], "rotation": 90, "texture": "#0"},
				"south": {"uv": [5, 8, 16, 10], "rotation": 90, "texture": "#0"},
				"west": {"uv": [5, 10, 16, 12], "rotation": 90, "texture": "#0"}
			}
		},
		{
			"name": "Column",
			"from": [-15, -4, 13],
			"to": [-13, 7, 15],
			"rotation": {"angle": 0, "axis": "y", "origin": [0, 1, 0]},
			"faces": {
				"north": {"uv": [5, 5, 16, 7], "rotation": 90, "texture": "#0"},
				"east": {"uv": [5, 0, 16, 2], "rotation": 90, "texture": "#0"},
				"south": {"uv": [5, 2, 16, 4], "rotation": 90, "texture": "#0"},
				"west": {"uv": [5, 3, 16, 5], "rotation": 90, "texture": "#0"}
			}
		},
		{
			"name": "Column",
			"from": [-3, -4, 13],
			"to": [-1, 7, 15],
			"rotation": {"angle": 0, "axis": "y", "origin": [0, 1, 0]},
			"faces": {
				"north": {"uv": [5, 8, 16, 10], "rotation": 90, "texture": "#0"},
				"east": {"uv": [5, 10, 16, 12], "rotation": 90, "texture": "#0"},
				"south": {"uv": [5, 11, 16, 13], "rotation": 90, "texture": "#0"},
				"west": {"uv": [5, 13, 16, 15], "rotation": 90, "texture": "#0"}
			}
		},
		{
			"name": "Column",
			"from": [-3, -4, 1],
			"to": [-1, 7, 3],
			"rotation": {"angle": 0, "axis": "y", "origin": [0, 1, 0]},
			"faces": {
				"north": {"uv": [5, 2, 16, 4], "rotation": 90, "texture": "#0"},
				"east": {"uv": [5, 3, 16, 5], "rotation": 90, "texture": "#0"},
				"south": {"uv": [5, 5, 16, 7], "rotation": 90, "texture": "#0"},
				"west": {"uv": [5, 0, 16, 2], "rotation": 90, "texture": "#0"}
			}
		},
		{
			"name": "Column Mid",
			"from": [-3, 7, 1],
			"to": [-1, 15, 3],
			"rotation": {"angle": 0, "axis": "y", "origin": [0, 9, 0]},
			"faces": {
				"north": {"uv": [0, 10, 8, 12], "rotation": 90, "texture": "#0"},
				"east": {"uv": [0, 11, 8, 13], "rotation": 90, "texture": "#0"},
				"south": {"uv": [0, 13, 8, 15], "rotation": 90, "texture": "#0"},
				"west": {"uv": [0, 8, 8, 10], "rotation": 90, "texture": "#0"}
			}
		},
		{
			"name": "Column Mid",
			"from": [-15, 7, 1],
			"to": [-13, 15, 3],
			"rotation": {"angle": 0, "axis": "y", "origin": [0, 9, 0]},
			"faces": {
				"north": {"uv": [0, 3, 8, 5], "rotation": 90, "texture": "#0"},
				"east": {"uv": [0, 5, 8, 7], "rotation": 90, "texture": "#0"},
				"south": {"uv": [0, 0, 8, 2], "rotation": 90, "texture": "#0"},
				"west": {"uv": [0, 2, 8, 4], "rotation": 90, "texture": "#0"}
			}
		},
		{
			"name": "Column Mid",
			"from": [-15, 7, 13],
			"to": [-13, 15, 15],
			"rotation": {"angle": 0, "axis": "y", "origin": [0, 9, 0]},
			"faces": {
				"north": {"uv": [0, 13, 8, 15], "rotation": 90, "texture": "#0"},
				"east": {"uv": [0, 8, 8, 10], "rotation": 90, "texture": "#0"},
				"south": {"uv": [0, 10, 8, 12], "rotation": 90, "texture": "#0"},
				"west": {"uv": [0, 11, 8, 13], "rotation": 90, "texture": "#0"}
			}
		},
		{
			"name": "Column Mid",
			"from": [-3, 7, 13],
			"to": [-1, 15, 15],
			"rotation": {"angle": 0, "axis": "y", "origin": [0, 9, 0]},
			"faces": {
				"north": {"uv": [0, 0, 8, 2], "rotation": 90, "texture": "#0"},
				"east": {"uv": [0, 2, 8, 4], "rotation": 90, "texture": "#0"},
				"south": {"uv": [0, 3, 8, 5], "rotation": 90, "texture": "#0"},
				"west": {"uv": [0, 5, 8, 7], "rotation": 90, "texture": "#0"}
			}
		},
		{
			"name": "Mid",
			"from": [-15, 15, 1],
			"to": [-1, 16, 15],
			"rotation": {"angle": 0, "axis": "y", "origin": [0, 10, 0]},
			"faces": {
				"north": {"uv": [1, 9, 15, 10], "texture": "#0"},
				"east": {"uv": [1, 9, 15, 10], "texture": "#0"},
				"south": {"uv": [1, 9, 15, 10], "texture": "#0"},
				"west": {"uv": [1, 9, 15, 10], "texture": "#0"},
				"down": {"uv": [1, 1, 15, 15], "texture": "#3"}
			}
		},
		{
			"name": "Gold Trim",
			"from": [-16, 15, 0.9],
			"to": [0, 16, 0.9],
			"rotation": {"angle": 0, "axis": "z", "origin": [0, 9, 0]},
			"faces": {
				"north": {"uv": [0, 8, 16, 9], "rotation": 180, "texture": "#5"}
			}
		},
		{
			"name": "-------DividerTop",
			"from": [0, 16, 0],
			"to": [16, 17, 16],
			"rotation": {"angle": 0, "axis": "y", "origin": [0, 10, 0]},
			"faces": {
				"north": {"uv": [0, 0, 16, 1], "rotation": 180, "texture": "#3"},
				"east": {"uv": [0, 0, 1, 16], "rotation": 90, "texture": "#3"},
				"south": {"uv": [0, 15, 16, 16], "texture": "#3"},
				"west": {"uv": [0, 0, 1, 16], "rotation": 270, "texture": "#3"},
				"up": {"uv": [0, 0, 16, 16], "texture": "#3"},
				"down": {"uv": [0, 0, 16, 16], "texture": "#3"}
			}
		},
		{
			"name": "ColumnTop",
			"from": [1, 17, 13],
			"to": [3, 27, 15],
			"rotation": {"angle": 0, "axis": "y", "origin": [0, 9, 0]},
			"faces": {
				"south": {"uv": [0, 2, 10, 4], "rotation": 90, "texture": "#0"},
				"west": {"uv": [0, 3, 10, 5], "rotation": 90, "texture": "#0"}
			}
		},
		{
			"name": "ColumnTop",
			"from": [13, 17, 13],
			"to": [15, 27, 15],
			"rotation": {"angle": 0, "axis": "y", "origin": [0, 9, 0]},
			"faces": {
				"east": {"uv": [0, 10, 10, 12], "rotation": 90, "texture": "#0"},
				"south": {"uv": [0, 11, 10, 13], "rotation": 90, "texture": "#0"}
			}
		},
		{
			"name": "ColumnTop",
			"from": [13, 17, 1],
			"to": [15, 27, 3],
			"rotation": {"angle": 0, "axis": "y", "origin": [0, 9, 0]},
			"faces": {
				"north": {"uv": [0, 2, 10, 4], "rotation": 90, "texture": "#0"},
				"east": {"uv": [0, 3, 10, 5], "rotation": 90, "texture": "#0"}
			}
		},
		{
			"name": "ColumnTop",
			"from": [1, 17, 1],
			"to": [3, 27, 3],
			"rotation": {"angle": 0, "axis": "y", "origin": [0, 9, 0]},
			"faces": {
				"north": {"uv": [0, 11, 10, 13], "rotation": 90, "texture": "#0"},
				"west": {"uv": [0, 10, 10, 12], "rotation": 90, "texture": "#0"}
			}
		},
		{
			"name": "Top",
			"from": [1, 28, 1],
			"to": [15, 29, 15],
			"rotation": {"angle": 0, "axis": "y", "origin": [0, 10, 0]},
			"faces": {
				"north": {"uv": [1, 0, 15, 1], "rotation": 180, "texture": "#2"},
				"east": {"uv": [15, 1, 16, 15], "rotation": 90, "texture": "#2"},
				"south": {"uv": [1, 15, 15, 16], "texture": "#2"},
				"west": {"uv": [0, 1, 1, 15], "rotation": 270, "texture": "#2"},
				"up": {"uv": [1, 1, 15, 15], "texture": "#2"}
			}
		},
		{
			"name": "Divider",
			"from": [0, 27, 0],
			"to": [16, 28, 16],
			"rotation": {"angle": 0, "axis": "y", "origin": [8, 18, 8]},
			"faces": {
				"north": {"uv": [0, 0, 1, 16], "rotation": 270, "texture": "#3"},
				"east": {"uv": [0, 0, 16, 1], "rotation": 180, "texture": "#3"},
				"south": {"uv": [0, 0, 1, 16], "rotation": 90, "texture": "#3"},
				"west": {"uv": [0, 15, 16, 16], "texture": "#3"},
				"up": {"uv": [0, 0, 16, 16], "rotation": 90, "texture": "#3"},
				"down": {"uv": [0, 0, 16, 16], "rotation": 270, "texture": "#3"}
			}
		},
		{
			"name": "Wall",
			"from": [3, 17, 15],
			"to": [13, 27, 15],
			"rotation": {"angle": 0, "axis": "y", "origin": [8, 18, 8]},
			"faces": {
				"south": {"uv": [3, 2, 13, 12], "texture": "#2"}
			}
		},
		{
			"name": "Wall",
			"from": [1, 17, 3],
			"to": [15, 27, 13],
			"rotation": {"angle": 0, "axis": "y", "origin": [8, 18, 8]},
			"faces": {
				"east": {"uv": [3, 0, 13, 10], "texture": "#2"},
				"west": {"uv": [3, 0, 13, 10], "rotation": 180, "texture": "#2"}
			}
		},
		{
			"name": "Tick",
			"from": [7.5, 25.75, 1.9],
			"to": [8.5, 26.75, 1.9],
			"rotation": {"angle": 45, "axis": "z", "origin": [8, 22, 1]},
			"faces": {
				"north": {"uv": [0, 1, 1, 2], "rotation": 270, "texture": "#3"}
			}
		},
		{
			"name": "Tick",
			"from": [11.75, 21.5, 1.9],
			"to": [12.75, 22.5, 1.9],
			"rotation": {"angle": 45, "axis": "z", "origin": [8, 22, 1]},
			"faces": {
				"north": {"uv": [0, 1, 1, 2], "rotation": 180, "texture": "#3"}
			}
		},
		{
			"name": "Tick",
			"from": [7.5, 17.25, 1.9],
			"to": [8.5, 18.25, 1.9],
			"rotation": {"angle": 45, "axis": "z", "origin": [8, 22, 1]},
			"faces": {
				"north": {"uv": [0, 1, 1, 2], "rotation": 90, "texture": "#3"}
			}
		},
		{
			"name": "Tick",
			"from": [3.25, 21.5, 1.9],
			"to": [4.25, 22.5, 1.9],
			"rotation": {"angle": 45, "axis": "z", "origin": [8, 22, 1]},
			"faces": {
				"north": {"uv": [0, 1, 1, 2], "texture": "#3"}
			}
		},
		{
			"name": "Tick",
			"from": [7.5, 25, 1.9],
			"to": [8.5, 26, 1.9],
			"rotation": {"angle": 0, "axis": "z", "origin": [8, 22, 1]},
			"faces": {
				"north": {"uv": [0, 1, 1, 2], "rotation": 270, "texture": "#3"}
			}
		},
		{
			"name": "Tick",
			"from": [7.5, 18, 1.9],
			"to": [8.5, 19, 1.9],
			"rotation": {"angle": 0, "axis": "z", "origin": [8, 22, 1]},
			"faces": {
				"north": {"uv": [0, 1, 1, 2], "rotation": 90, "texture": "#3"}
			}
		},
		{
			"name": "Tick",
			"from": [11, 21.5, 1.9],
			"to": [12, 22.5, 1.9],
			"rotation": {"angle": 0, "axis": "z", "origin": [8, 22, 1]},
			"faces": {
				"north": {"uv": [0, 1, 1, 2], "rotation": 180, "texture": "#3"}
			}
		},
		{
			"name": "Tick",
			"from": [4, 21.5, 1.9],
			"to": [5, 22.5, 1.9],
			"rotation": {"angle": 0, "axis": "y", "origin": [8, 22, 1]},
			"faces": {
				"north": {"uv": [0, 1, 1, 2], "texture": "#3"}
			}
		},
		{
			"name": "Tick",
			"from": [7.5, 21.5, 1.9],
			"to": [8.5, 22.5, 1.9],
			"rotation": {"angle": 0, "axis": "y", "origin": [8, 22, 1]},
			"faces": {
				"north": {"uv": [0, 1, 1, 2], "texture": "#3"}
			}
		},
		{
			"name": "ClockFace",
			"from": [3, 22, 2],
			"to": [8, 27, 3],
			"rotation": {"angle": 0, "axis": "y", "origin": [0, 10, 1]},
			"faces": {
				"north": {"uv": [11, 0, 16, 5], "texture": "#4"}
			}
		},
		{
			"name": "ClockFace",
			"from": [8, 22, 2],
			"to": [13, 27, 3],
			"rotation": {"angle": 0, "axis": "y", "origin": [0, 10, 1]},
			"faces": {
				"north": {"uv": [0, 0, 5, 5], "texture": "#4"}
			}
		},
		{
			"name": "ClockFace",
			"from": [8, 17, 2],
			"to": [13, 22, 3],
			"rotation": {"angle": 0, "axis": "y", "origin": [0, 10, 1]},
			"faces": {
				"north": {"uv": [0, 11, 5, 16], "texture": "#4"}
			}
		},
		{
			"name": "ClockFace",
			"from": [3, 17, 2],
			"to": [8, 22, 3],
			"rotation": {"angle": 0, "axis": "y", "origin": [0, 10, 1]},
			"faces": {
				"north": {"uv": [11, 11, 16, 16], "texture": "#4"}
			}
		},
		{
			"name": "ClockFace",
			"from": [3, 17, 1],
			"to": [8, 22, 2],
			"rotation": {"angle": 0, "axis": "y", "origin": [0, 10, 1]},
			"faces": {
				"north": {"uv": [11, 11, 16, 16], "texture": "#particle"}
			}
		},
		{
			"name": "ClockFace",
			"from": [8, 17, 1],
			"to": [13, 22, 2],
			"rotation": {"angle": 0, "axis": "y", "origin": [0, 10, 1]},
			"faces": {
				"north": {"uv": [0, 11, 5, 16], "texture": "#particle"}
			}
		},
		{
			"name": "ClockFace",
			"from": [8, 22, 1],
			"to": [13, 27, 2],
			"rotation": {"angle": 0, "axis": "y", "origin": [0, 10, 1]},
			"faces": {
				"north": {"uv": [0, 0, 5, 5], "texture": "#particle"}
			}
		},
		{
			"name": "ClockFace",
			"from": [3, 22, 1],
			"to": [8, 27, 2],
			"rotation": {"angle": 0, "axis": "y", "origin": [0, 10, 1]},
			"faces": {
				"north": {"uv": [11, 0, 16, 5], "texture": "#particle"}
			}
		},
		{
			"from": [0, 16, 6],
			"to": [16, 32, 8],
			"color": 2,
			"faces": {
				"north": {"uv": [0, 0, 16, 16], "texture": "#missing"},
				"east": {"uv": [0, 0, 2, 16], "texture": "#missing"},
				"south": {"uv": [0, 0, 16, 16], "texture": "#missing"},
				"west": {"uv": [0, 0, 2, 16], "texture": "#missing"},
				"up": {"uv": [0, 0, 16, 2], "texture": "#missing"},
				"down": {"uv": [0, 0, 16, 2], "texture": "#missing"}
			}
		}
	],
	"display": {
		"thirdperson_righthand": {
			"translation": [0, 1.25, 0],
			"scale": [0.25, 0.25, 0.25]
		},
		"thirdperson_lefthand": {
			"translation": [0, 1.25, 0],
			"scale": [0.25, 0.25, 0.25]
		},
		"firstperson_righthand": {
			"rotation": [-10, 135, 0],
			"translation": [1, 0, 0],
			"scale": [0.4, 0.4, 0.4]
		},
		"firstperson_lefthand": {
			"rotation": [-10, 135, 0],
			"translation": [1, 0, 0],
			"scale": [0.4, 0.4, 0.4]
		},
		"ground": {
			"translation": [0, 3.5, 0],
			"scale": [0.3, 0.3, 0.3]
		},
		"gui": {
			"rotation": [20.5, -150, 0],
			"translation": [0, 0.75, 0],
			"scale": [0.3, 0.35, 0.3]
		},
		"head": {
			"translation": [0, 16, 0],
			"scale": [1.002, 1.001, 1.002]
		},
		"fixed": {
			"rotation": [-90, 0, 0],
			"translation": [0, 1, -29.75],
			"scale": [1.25, 1.25, 1.25]
		}
	}
}