{
	"credit": "Made with Blockbench",
	"textures": {
		"0": "minecraft:item/diamond_item",
		"particle": "minecraft:item/diamond_item"
	},
	"elements": [
		{
			"from": [7, 0, 6.6],
			"to": [8, 1, 8.4],
			"faces": {
				"north": {"uv": [2.25, 1.25, 2.75, 1.75], "texture": "#0"},
				"east": {"uv": [2.25, 1.25, 2.8, 1.75], "texture": "#0"},
				"south": {"uv": [2.25, 1.25, 2.75, 1.75], "texture": "#0"},
				"west": {"uv": [2.25, 1.25, 2.8, 1.75], "texture": "#0"},
				"up": {"uv": [2.25, 1.25, 2.75, 1.8], "texture": "#0"},
				"down": {"uv": [2.25, 1.25, 2.75, 1.8], "texture": "#0"}
			}
		},
		{
			"from": [8, 0, 6.6],
			"to": [9, 1, 8.4],
			"faces": {
				"north": {"uv": [2.25, 1.25, 2.75, 1.75], "texture": "#0"},
				"east": {"uv": [2.25, 1.25, 2.8, 1.75], "texture": "#0"},
				"south": {"uv": [2.25, 1.25, 2.75, 1.75], "texture": "#0"},
				"west": {"uv": [2.25, 1.25, 2.8, 1.75], "texture": "#0"},
				"up": {"uv": [2.25, 1.25, 2.75, 1.8], "texture": "#0"},
				"down": {"uv": [2.25, 1.25, 2.75, 1.8], "texture": "#0"}
			}
		},
		{
			"from": [9, 1, 6.6],
			"to": [10, 2, 8.4],
			"faces": {
				"north": {"uv": [2.25, 1.25, 2.75, 1.75], "texture": "#0"},
				"east": {"uv": [2.25, 1.25, 2.8, 1.75], "texture": "#0"},
				"south": {"uv": [2.25, 1.25, 2.75, 1.75], "texture": "#0"},
				"west": {"uv": [2.25, 1.25, 2.8, 1.75], "texture": "#0"},
				"up": {"uv": [2.25, 1.25, 2.75, 1.8], "texture": "#0"},
				"down": {"uv": [2.25, 1.25, 2.75, 1.8], "texture": "#0"}
			}
		},
		{
			"from": [10, 2, 6.6],
			"to": [11, 3, 8.4],
			"faces": {
				"north": {"uv": [2.25, 1.25, 2.75, 1.75], "texture": "#0"},
				"east": {"uv": [2.25, 1.25, 2.8, 1.75], "texture": "#0"},
				"south": {"uv": [2.25, 1.25, 2.75, 1.75], "texture": "#0"},
				"west": {"uv": [2.25, 1.25, 2.8, 1.75], "texture": "#0"},
				"up": {"uv": [2.25, 1.25, 2.75, 1.8], "texture": "#0"},
				"down": {"uv": [2.25, 1.25, 2.75, 1.8], "texture": "#0"}
			}
		},
		{
			"from": [10, 3, 6.6],
			"to": [11, 4, 8.4],
			"faces": {
				"north": {"uv": [2.25, 1.25, 2.75, 1.75], "texture": "#0"},
				"east": {"uv": [2.25, 1.25, 2.8, 1.75], "texture": "#0"},
				"south": {"uv": [2.25, 1.25, 2.75, 1.75], "texture": "#0"},
				"west": {"uv": [2.25, 1.25, 2.8, 1.75], "texture": "#0"},
				"up": {"uv": [2.25, 1.25, 2.75, 1.8], "texture": "#0"},
				"down": {"uv": [2.25, 1.25, 2.75, 1.8], "texture": "#0"}
			}
		},
		{
			"from": [10, 4, 6.6],
			"to": [11, 5, 8.4],
			"faces": {
				"north": {"uv": [2.25, 1.25, 2.75, 1.75], "texture": "#0"},
				"east": {"uv": [2.25, 1.25, 2.8, 1.75], "texture": "#0"},
				"south": {"uv": [2.25, 1.25, 2.75, 1.75], "texture": "#0"},
				"west": {"uv": [2.25, 1.25, 2.8, 1.75], "texture": "#0"},
				"up": {"uv": [2.25, 1.25, 2.75, 1.8], "texture": "#0"},
				"down": {"uv": [2.25, 1.25, 2.75, 1.8], "texture": "#0"}
			}
		},
		{
			"from": [10, 5, 6.6],
			"to": [11, 6, 8.4],
			"faces": {
				"north": {"uv": [2.25, 1.25, 2.75, 1.75], "texture": "#0"},
				"east": {"uv": [2.25, 1.25, 2.8, 1.75], "texture": "#0"},
				"south": {"uv": [2.25, 1.25, 2.75, 1.75], "texture": "#0"},
				"west": {"uv": [2.25, 1.25, 2.8, 1.75], "texture": "#0"},
				"up": {"uv": [2.25, 1.25, 2.75, 1.8], "texture": "#0"},
				"down": {"uv": [2.25, 1.25, 2.75, 1.8], "texture": "#0"}
			}
		},
		{
			"from": [9, 6, 6.6],
			"to": [10, 7, 8.4],
			"faces": {
				"north": {"uv": [2.25, 1.25, 2.75, 1.75], "texture": "#0"},
				"east": {"uv": [2.25, 1.25, 2.8, 1.75], "texture": "#0"},
				"south": {"uv": [2.25, 1.25, 2.75, 1.75], "texture": "#0"},
				"west": {"uv": [2.25, 1.25, 2.8, 1.75], "texture": "#0"},
				"up": {"uv": [2.25, 1.25, 2.75, 1.8], "texture": "#0"},
				"down": {"uv": [2.25, 1.25, 2.75, 1.8], "texture": "#0"}
			}
		},
		{
			"from": [8, 7, 6.6],
			"to": [9, 8, 8.4],
			"faces": {
				"north": {"uv": [2.25, 1.25, 2.75, 1.75], "texture": "#0"},
				"east": {"uv": [2.25, 1.25, 2.8, 1.75], "texture": "#0"},
				"south": {"uv": [2.25, 1.25, 2.75, 1.75], "texture": "#0"},
				"west": {"uv": [2.25, 1.25, 2.8, 1.75], "texture": "#0"},
				"up": {"uv": [2.25, 1.25, 2.75, 1.8], "texture": "#0"},
				"down": {"uv": [2.25, 1.25, 2.75, 1.8], "texture": "#0"}
			}
		},
		{
			"from": [7, 7, 6.6],
			"to": [8, 8, 8.4],
			"faces": {
				"north": {"uv": [2.25, 1.25, 2.75, 1.75], "texture": "#0"},
				"east": {"uv": [2.25, 1.25, 2.8, 1.75], "texture": "#0"},
				"south": {"uv": [2.25, 1.25, 2.75, 1.75], "texture": "#0"},
				"west": {"uv": [2.25, 1.25, 2.8, 1.75], "texture": "#0"},
				"up": {"uv": [2.25, 1.25, 2.75, 1.8], "texture": "#0"},
				"down": {"uv": [2.25, 1.25, 2.75, 1.8], "texture": "#0"}
			}
		},
		{
			"from": [6, 6, 6.6],
			"to": [7, 7, 8.4],
			"faces": {
				"north": {"uv": [2.25, 1.25, 2.75, 1.75], "texture": "#0"},
				"east": {"uv": [2.25, 1.25, 2.8, 1.75], "texture": "#0"},
				"south": {"uv": [2.25, 1.25, 2.75, 1.75], "texture": "#0"},
				"west": {"uv": [2.25, 1.25, 2.8, 1.75], "texture": "#0"},
				"up": {"uv": [2.25, 1.25, 2.75, 1.8], "texture": "#0"},
				"down": {"uv": [2.25, 1.25, 2.75, 1.8], "texture": "#0"}
			}
		},
		{
			"from": [5, 5, 6.6],
			"to": [6, 6, 8.4],
			"faces": {
				"north": {"uv": [1.25, 1.25, 1.75, 1.75], "texture": "#0"},
				"east": {"uv": [1.25, 1.25, 1.8, 1.75], "texture": "#0"},
				"south": {"uv": [1.25, 1.25, 1.75, 1.75], "texture": "#0"},
				"west": {"uv": [1.25, 1.25, 1.8, 1.75], "texture": "#0"},
				"up": {"uv": [1.25, 1.25, 1.75, 1.8], "texture": "#0"},
				"down": {"uv": [1.25, 1.25, 1.75, 1.8], "texture": "#0"}
			}
		},
		{
			"from": [6, 1, 6.6],
			"to": [7, 2, 8.4],
			"faces": {
				"north": {"uv": [2.25, 1.25, 2.75, 1.75], "texture": "#0"},
				"east": {"uv": [2.25, 1.25, 2.8, 1.75], "texture": "#0"},
				"south": {"uv": [2.25, 1.25, 2.75, 1.75], "texture": "#0"},
				"west": {"uv": [2.25, 1.25, 2.8, 1.75], "texture": "#0"},
				"up": {"uv": [2.25, 1.25, 2.75, 1.8], "texture": "#0"},
				"down": {"uv": [2.25, 1.25, 2.75, 1.8], "texture": "#0"}
			}
		},
		{
			"from": [5, 2, 6.6],
			"to": [6, 3, 8.4],
			"faces": {
				"north": {"uv": [2.25, 1.25, 2.75, 1.75], "texture": "#0"},
				"east": {"uv": [2.25, 1.25, 2.8, 1.75], "texture": "#0"},
				"south": {"uv": [2.25, 1.25, 2.75, 1.75], "texture": "#0"},
				"west": {"uv": [2.25, 1.25, 2.8, 1.75], "texture": "#0"},
				"up": {"uv": [2.25, 1.25, 2.75, 1.8], "texture": "#0"},
				"down": {"uv": [2.25, 1.25, 2.75, 1.8], "texture": "#0"}
			}
		},
		{
			"from": [5, 3, 6.6],
			"to": [6, 4, 8.4],
			"faces": {
				"north": {"uv": [2.25, 1.25, 2.75, 1.75], "texture": "#0"},
				"east": {"uv": [2.25, 1.25, 2.8, 1.75], "texture": "#0"},
				"south": {"uv": [2.25, 1.25, 2.75, 1.75], "texture": "#0"},
				"west": {"uv": [2.25, 1.25, 2.8, 1.75], "texture": "#0"},
				"up": {"uv": [2.25, 1.25, 2.75, 1.8], "texture": "#0"},
				"down": {"uv": [2.25, 1.25, 2.75, 1.8], "texture": "#0"}
			}
		},
		{
			"from": [5, 4, 6.6],
			"to": [6, 5, 8.4],
			"faces": {
				"north": {"uv": [2.25, 1.25, 2.75, 1.75], "texture": "#0"},
				"east": {"uv": [2.25, 1.25, 2.8, 1.75], "texture": "#0"},
				"south": {"uv": [2.25, 1.25, 2.75, 1.75], "texture": "#0"},
				"west": {"uv": [2.25, 1.25, 2.8, 1.75], "texture": "#0"},
				"up": {"uv": [2.25, 1.25, 2.75, 1.8], "texture": "#0"},
				"down": {"uv": [2.25, 1.25, 2.75, 1.8], "texture": "#0"}
			}
		},
		{
			"from": [8, 2, 7],
			"to": [9, 3, 8],
			"faces": {
				"north": {"uv": [2.25, 1.25, 2.75, 1.75], "texture": "#0"},
				"east": {"uv": [2.25, 1.25, 2.75, 1.75], "texture": "#0"},
				"south": {"uv": [2.25, 1.25, 2.75, 1.75], "texture": "#0"},
				"west": {"uv": [2.25, 1.25, 2.75, 1.75], "texture": "#0"},
				"up": {"uv": [2.25, 1.25, 2.75, 1.75], "texture": "#0"},
				"down": {"uv": [2.25, 1.25, 2.75, 1.75], "texture": "#0"}
			}
		},
		{
			"from": [7, 2, 7],
			"to": [8, 3, 8],
			"faces": {
				"north": {"uv": [2.25, 1.25, 2.75, 1.75], "texture": "#0"},
				"east": {"uv": [2.25, 1.25, 2.75, 1.75], "texture": "#0"},
				"south": {"uv": [2.25, 1.25, 2.75, 1.75], "texture": "#0"},
				"west": {"uv": [2.25, 1.25, 2.75, 1.75], "texture": "#0"},
				"up": {"uv": [2.25, 1.25, 2.75, 1.75], "texture": "#0"},
				"down": {"uv": [2.25, 1.25, 2.75, 1.75], "texture": "#0"}
			}
		},
		{
			"from": [8, 3, 7],
			"to": [9, 4, 8],
			"faces": {
				"north": {"uv": [2.25, 1.25, 2.75, 1.75], "texture": "#0"},
				"east": {"uv": [2.25, 1.25, 2.75, 1.75], "texture": "#0"},
				"south": {"uv": [2.25, 1.25, 2.75, 1.75], "texture": "#0"},
				"west": {"uv": [2.25, 1.25, 2.75, 1.75], "texture": "#0"},
				"up": {"uv": [2.25, 1.25, 2.75, 1.75], "texture": "#0"},
				"down": {"uv": [2.25, 1.25, 2.75, 1.75], "texture": "#0"}
			}
		},
		{
			"from": [6, 3, 7],
			"to": [7, 4, 8],
			"faces": {
				"north": {"uv": [2.25, 0.25, 2.75, 0.75], "texture": "#0"},
				"east": {"uv": [2.25, 0.25, 2.75, 0.75], "texture": "#0"},
				"south": {"uv": [2.25, 0.25, 2.75, 0.75], "texture": "#0"},
				"west": {"uv": [2.25, 0.25, 2.75, 0.75], "texture": "#0"},
				"up": {"uv": [2.25, 0.25, 2.75, 0.75], "texture": "#0"},
				"down": {"uv": [2.25, 0.25, 2.75, 0.75], "texture": "#0"}
			}
		},
		{
			"from": [6, 2, 7],
			"to": [7, 3, 8],
			"faces": {
				"north": {"uv": [2.25, 0.25, 2.75, 0.75], "texture": "#0"},
				"east": {"uv": [2.25, 0.25, 2.75, 0.75], "texture": "#0"},
				"south": {"uv": [2.25, 0.25, 2.75, 0.75], "texture": "#0"},
				"west": {"uv": [2.25, 0.25, 2.75, 0.75], "texture": "#0"},
				"up": {"uv": [2.25, 0.25, 2.75, 0.75], "texture": "#0"},
				"down": {"uv": [2.25, 0.25, 2.75, 0.75], "texture": "#0"}
			}
		},
		{
			"from": [7, 1, 7],
			"to": [8, 2, 8],
			"faces": {
				"north": {"uv": [2.25, 0.25, 2.75, 0.75], "texture": "#0"},
				"east": {"uv": [2.25, 0.25, 2.75, 0.75], "texture": "#0"},
				"south": {"uv": [2.25, 0.25, 2.75, 0.75], "texture": "#0"},
				"west": {"uv": [2.25, 0.25, 2.75, 0.75], "texture": "#0"},
				"up": {"uv": [2.25, 0.25, 2.75, 0.75], "texture": "#0"},
				"down": {"uv": [2.25, 0.25, 2.75, 0.75], "texture": "#0"}
			}
		},
		{
			"from": [6, 4, 7],
			"to": [7, 5, 8],
			"faces": {
				"north": {"uv": [1.25, 0.25, 1.75, 0.75], "texture": "#0"},
				"east": {"uv": [1.25, 0.25, 1.75, 0.75], "texture": "#0"},
				"south": {"uv": [1.25, 0.25, 1.75, 0.75], "texture": "#0"},
				"west": {"uv": [1.25, 0.25, 1.75, 0.75], "texture": "#0"},
				"up": {"uv": [1.25, 0.25, 1.75, 0.75], "texture": "#0"},
				"down": {"uv": [1.25, 0.25, 1.75, 0.75], "texture": "#0"}
			}
		},
		{
			"from": [7, 3, 7],
			"to": [8, 4, 8],
			"faces": {
				"north": {"uv": [1.25, 0.25, 1.75, 0.75], "texture": "#0"},
				"east": {"uv": [1.25, 0.25, 1.75, 0.75], "texture": "#0"},
				"south": {"uv": [1.25, 0.25, 1.75, 0.75], "texture": "#0"},
				"west": {"uv": [1.25, 0.25, 1.75, 0.75], "texture": "#0"},
				"up": {"uv": [1.25, 0.25, 1.75, 0.75], "texture": "#0"},
				"down": {"uv": [1.25, 0.25, 1.75, 0.75], "texture": "#0"}
			}
		},
		{
			"from": [7, 5, 7],
			"to": [8, 6, 8],
			"faces": {
				"north": {"uv": [1.25, 0.25, 1.75, 0.75], "texture": "#0"},
				"east": {"uv": [1.25, 0.25, 1.75, 0.75], "texture": "#0"},
				"south": {"uv": [1.25, 0.25, 1.75, 0.75], "texture": "#0"},
				"west": {"uv": [1.25, 0.25, 1.75, 0.75], "texture": "#0"},
				"up": {"uv": [1.25, 0.25, 1.75, 0.75], "texture": "#0"},
				"down": {"uv": [1.25, 0.25, 1.75, 0.75], "texture": "#0"}
			}
		},
		{
			"from": [8, 6, 7],
			"to": [9, 7, 8],
			"faces": {
				"north": {"uv": [1.25, 0.25, 1.75, 0.75], "texture": "#0"},
				"east": {"uv": [1.25, 0.25, 1.75, 0.75], "texture": "#0"},
				"south": {"uv": [1.25, 0.25, 1.75, 0.75], "texture": "#0"},
				"west": {"uv": [1.25, 0.25, 1.75, 0.75], "texture": "#0"},
				"up": {"uv": [1.25, 0.25, 1.75, 0.75], "texture": "#0"},
				"down": {"uv": [1.25, 0.25, 1.75, 0.75], "texture": "#0"}
			}
		},
		{
			"from": [9, 5, 7],
			"to": [10, 6, 8],
			"faces": {
				"north": {"uv": [1.25, 0.25, 1.75, 0.75], "texture": "#0"},
				"east": {"uv": [1.25, 0.25, 1.75, 0.75], "texture": "#0"},
				"south": {"uv": [1.25, 0.25, 1.75, 0.75], "texture": "#0"},
				"west": {"uv": [1.25, 0.25, 1.75, 0.75], "texture": "#0"},
				"up": {"uv": [1.25, 0.25, 1.75, 0.75], "texture": "#0"},
				"down": {"uv": [1.25, 0.25, 1.75, 0.75], "texture": "#0"}
			}
		},
		{
			"from": [9, 4, 7],
			"to": [10, 5, 8],
			"faces": {
				"north": {"uv": [1.25, 0.25, 1.75, 0.75], "texture": "#0"},
				"east": {"uv": [1.25, 0.25, 1.75, 0.75], "texture": "#0"},
				"south": {"uv": [1.25, 0.25, 1.75, 0.75], "texture": "#0"},
				"west": {"uv": [1.25, 0.25, 1.75, 0.75], "texture": "#0"},
				"up": {"uv": [1.25, 0.25, 1.75, 0.75], "texture": "#0"},
				"down": {"uv": [1.25, 0.25, 1.75, 0.75], "texture": "#0"}
			}
		},
		{
			"from": [7, 6, 7],
			"to": [8, 7, 8],
			"faces": {
				"north": {"uv": [0.25, 0.25, 0.75, 0.75], "texture": "#0"},
				"east": {"uv": [0.25, 0.25, 0.75, 0.75], "texture": "#0"},
				"south": {"uv": [0.25, 0.25, 0.75, 0.75], "texture": "#0"},
				"west": {"uv": [0.25, 0.25, 0.75, 0.75], "texture": "#0"},
				"up": {"uv": [0.25, 0.25, 0.75, 0.75], "texture": "#0"},
				"down": {"uv": [0.25, 0.25, 0.75, 0.75], "texture": "#0"}
			}
		},
		{
			"from": [6, 5, 7],
			"to": [7, 6, 8],
			"faces": {
				"north": {"uv": [0.25, 0.25, 0.75, 0.75], "texture": "#0"},
				"east": {"uv": [0.25, 0.25, 0.75, 0.75], "texture": "#0"},
				"south": {"uv": [0.25, 0.25, 0.75, 0.75], "texture": "#0"},
				"west": {"uv": [0.25, 0.25, 0.75, 0.75], "texture": "#0"},
				"up": {"uv": [0.25, 0.25, 0.75, 0.75], "texture": "#0"},
				"down": {"uv": [0.25, 0.25, 0.75, 0.75], "texture": "#0"}
			}
		},
		{
			"from": [7, 4, 7],
			"to": [8, 5, 8],
			"faces": {
				"north": {"uv": [0.25, 0.25, 0.75, 0.75], "texture": "#0"},
				"east": {"uv": [0.25, 0.25, 0.75, 0.75], "texture": "#0"},
				"south": {"uv": [0.25, 0.25, 0.75, 0.75], "texture": "#0"},
				"west": {"uv": [0.25, 0.25, 0.75, 0.75], "texture": "#0"},
				"up": {"uv": [0.25, 0.25, 0.75, 0.75], "texture": "#0"},
				"down": {"uv": [0.25, 0.25, 0.75, 0.75], "texture": "#0"}
			}
		},
		{
			"from": [8, 5, 7],
			"to": [9, 6, 8],
			"faces": {
				"north": {"uv": [1.25, 1.25, 1.75, 1.75], "texture": "#0"},
				"east": {"uv": [1.25, 1.25, 1.75, 1.75], "texture": "#0"},
				"south": {"uv": [1.25, 1.25, 1.75, 1.75], "texture": "#0"},
				"west": {"uv": [1.25, 1.25, 1.75, 1.75], "texture": "#0"},
				"up": {"uv": [1.25, 1.25, 1.75, 1.75], "texture": "#0"},
				"down": {"uv": [1.25, 1.25, 1.75, 1.75], "texture": "#0"}
			}
		},
		{
			"from": [8, 4, 7],
			"to": [9, 5, 8],
			"faces": {
				"north": {"uv": [1.25, 1.25, 1.75, 1.75], "texture": "#0"},
				"east": {"uv": [1.25, 1.25, 1.75, 1.75], "texture": "#0"},
				"south": {"uv": [1.25, 1.25, 1.75, 1.75], "texture": "#0"},
				"west": {"uv": [1.25, 1.25, 1.75, 1.75], "texture": "#0"},
				"up": {"uv": [1.25, 1.25, 1.75, 1.75], "texture": "#0"},
				"down": {"uv": [1.25, 1.25, 1.75, 1.75], "texture": "#0"}
			}
		},
		{
			"from": [9, 3, 7],
			"to": [10, 4, 8],
			"faces": {
				"north": {"uv": [0.25, 1.25, 0.75, 1.75], "texture": "#0"},
				"east": {"uv": [0.25, 1.25, 0.75, 1.75], "texture": "#0"},
				"south": {"uv": [0.25, 1.25, 0.75, 1.75], "texture": "#0"},
				"west": {"uv": [0.25, 1.25, 0.75, 1.75], "texture": "#0"},
				"up": {"uv": [0.25, 1.25, 0.75, 1.75], "texture": "#0"},
				"down": {"uv": [0.25, 1.25, 0.75, 1.75], "texture": "#0"}
			}
		},
		{
			"from": [9, 2, 7],
			"to": [10, 3, 8],
			"faces": {
				"north": {"uv": [0.25, 1.25, 0.75, 1.75], "texture": "#0"},
				"east": {"uv": [0.25, 1.25, 0.75, 1.75], "texture": "#0"},
				"south": {"uv": [0.25, 1.25, 0.75, 1.75], "texture": "#0"},
				"west": {"uv": [0.25, 1.25, 0.75, 1.75], "texture": "#0"},
				"up": {"uv": [0.25, 1.25, 0.75, 1.75], "texture": "#0"},
				"down": {"uv": [0.25, 1.25, 0.75, 1.75], "texture": "#0"}
			}
		},
		{
			"from": [8, 1, 7],
			"to": [9, 2, 8],
			"faces": {
				"north": {"uv": [0.25, 1.25, 0.75, 1.75], "texture": "#0"},
				"east": {"uv": [0.25, 1.25, 0.75, 1.75], "texture": "#0"},
				"south": {"uv": [0.25, 1.25, 0.75, 1.75], "texture": "#0"},
				"west": {"uv": [0.25, 1.25, 0.75, 1.75], "texture": "#0"},
				"up": {"uv": [0.25, 1.25, 0.75, 1.75], "texture": "#0"},
				"down": {"uv": [0.25, 1.25, 0.75, 1.75], "texture": "#0"}
			}
		}
	],
	"gui_light": "front",
	"display": {
		"thirdperson_righthand": {
			"translation": [0, 3.25, 1],
			"scale": [0.46, 0.46, 0.46]
		},
		"thirdperson_lefthand": {
			"translation": [0, 3.25, 1],
			"scale": [0.46, 0.46, 0.46]
		},
		"firstperson_righthand": {
			"rotation": [0, -25, 1],
			"translation": [4.5, 3, -0.25],
			"scale": [0.46, 0.46, 0.46]
		},
		"firstperson_lefthand": {
			"rotation": [0, -25, 1],
			"translation": [4.5, 3, -0.25],
			"scale": [0.46, 0.46, 0.46]
		},
		"ground": {
			"translation": [0, 3.25, 0],
			"scale": [0.5, 0.5, 0.5]
		},
		"gui": {
			"rotation": [13, -19, 0],
			"translation": [0, 3.75, 0]
		},
		"head": {
			"translation": [0, 9, -6.75],
			"scale": [0.46, 0.46, 0.46]
		},
		"fixed": {
			"translation": [0, 4, 0.5]
		}
	},
	"groups": [
		{
			"name": "Coin",
			"origin": [8, 8, 8],
			"color": 0,
			"children": [0, 1, 2, 3, 4, 5, 6, 7, 8, 9, 10, 11, 12, 13, 14, 15, 16, 17, 18, 19, 20, 21, 22, 23, 24, 25, 26, 27, 28, 29, 30, 31, 32, 33, 34, 35]
		}
	]
}