{
	"credit": "Made with Blockbench",
	"textures": {
		"0": "block/oak_planks",
		"1": "block/stripped_oak_log",
		"particle": "block/stripped_oak_log"
	},
	"elements": [
		{
			"name": "Seat",
			"from": [0, 7, 3],
			"to": [6, 9, 12],
			"rotation": {"angle": 0, "axis": "y", "origin": [8, 7.5, 8]},
			"faces": {
				"east": {"uv": [6, 10, 15, 12], "texture": "#0"},
				"west": {"uv": [3, 2, 12, 4], "texture": "#0"},
				"up": {"uv": [9, 5, 15, 14], "texture": "#0"},
				"down": {"uv": [0, 5, 6, 14], "texture": "#0"}
			}
		},
		{
			"name": "Seat",
			"from": [6, 7, 3],
			"to": [10, 9, 9],
			"rotation": {"angle": 0, "axis": "y", "origin": [8, 7.5, 8]},
			"faces": {
				"up": {"uv": [0, 1, 4, 7], "texture": "#0"},
				"down": {"uv": [0, 4, 4, 10], "texture": "#0"}
			}
		},
		{
			"name": "Seat",
			"from": [6, 7, 9],
			"to": [13, 9, 16],
			"rotation": {"angle": 0, "axis": "y", "origin": [8, 7.5, 8]},
			"faces": {
				"south": {"uv": [4, 10, 11, 12], "texture": "#0"},
				"up": {"uv": [0, 9, 7, 16], "rotation": 90, "texture": "#0"},
				"down": {"uv": [6, 5, 13, 12], "rotation": 90, "texture": "#0"}
			}
		},
		{
			"name": "Seat",
			"from": [10, 7, 5],
			"to": [13, 9, 9],
			"rotation": {"angle": 0, "axis": "y", "origin": [8, 7.5, 8]},
			"faces": {
				"up": {"uv": [8, 5, 12, 8], "rotation": 90, "texture": "#0"},
				"down": {"uv": [6, 5, 10, 8], "rotation": 90, "texture": "#0"}
			}
		},
		{
			"name": "Seat",
			"from": [10, 7, 3],
			"to": [13, 9, 5],
			"rotation": {"angle": 0, "axis": "y", "origin": [8, 7.5, 8]},
			"faces": {
				"up": {"uv": [9, 12, 11, 15], "rotation": 90, "texture": "#0"},
				"down": {"uv": [5, 4, 7, 7], "rotation": 90, "texture": "#0"}
			}
		},
		{
			"name": "Seat",
			"from": [3, 7, 12],
			"to": [6, 9, 16],
			"rotation": {"angle": 0, "axis": "y", "origin": [8, 7.5, 8]},
			"faces": {
				"south": {"uv": [4, 6, 7, 8], "texture": "#0"},
				"west": {"uv": [11, 6, 15, 8], "texture": "#0"},
				"up": {"uv": [4, 8, 8, 11], "rotation": 90, "texture": "#0"},
				"down": {"uv": [8, 4, 12, 7], "rotation": 90, "texture": "#0"}
			}
		},
		{
			"name": "Seat",
			"from": [0, 7, 12],
			"to": [3, 9, 13],
			"rotation": {"angle": 0, "axis": "y", "origin": [8, 7.5, 8]},
			"faces": {
				"south": {"uv": [5, 6, 8, 8], "texture": "#0"},
				"west": {"uv": [6, 10, 7, 12], "texture": "#0"},
				"up": {"uv": [5, 8, 6, 11], "rotation": 90, "texture": "#0"},
				"down": {"uv": [12, 8, 13, 11], "rotation": 90, "texture": "#0"}
			}
		},
		{
			"name": "Seat",
			"from": [0, 7, 2],
			"to": [13, 9, 3],
			"rotation": {"angle": 0, "axis": "y", "origin": [8, 7.5, 8]},
			"faces": {
				"north": {"uv": [1, 12, 14, 10], "rotation": 180, "texture": "#0"},
				"east": {"uv": [10, 6, 11, 8], "texture": "#0"},
				"west": {"uv": [2, 2, 3, 4], "texture": "#0"},
				"up": {"uv": [2, 10, 15, 9], "texture": "#0"},
				"down": {"uv": [2, 1, 15, 2], "texture": "#0"}
			}
		},
		{
			"name": "Seat",
			"from": [13, 7, 2],
			"to": [14, 9, 16],
			"rotation": {"angle": 0, "axis": "y", "origin": [8, 7.5, 8]},
			"faces": {
				"north": {"uv": [6, 6, 7, 8], "texture": "#0"},
				"east": {"uv": [1, 12, 15, 10], "rotation": 180, "texture": "#0"},
				"south": {"uv": [10, 6, 11, 8], "texture": "#0"},
				"up": {"uv": [2, 10, 16, 9], "rotation": 90, "texture": "#0"},
				"down": {"uv": [2, 1, 16, 2], "rotation": 270, "texture": "#0"}
			}
		},
		{
			"name": "Seat",
			"from": [0, 5, 3],
			"to": [12, 7, 4],
			"rotation": {"angle": 0, "axis": "y", "origin": [8, 7.5, 8]},
			"faces": {
				"north": {"uv": [3, 13, 15, 15], "texture": "#0"},
				"south": {"uv": [2, 9, 14, 11], "rotation": 180, "texture": "#0"},
				"west": {"uv": [6, 5, 7, 7], "texture": "#0"},
				"down": {"uv": [3, 13, 15, 14], "texture": "#0"}
			}
		},
		{
			"name": "Seat",
			"from": [0, 5, 12],
			"to": [2, 7, 13],
			"rotation": {"angle": 0, "axis": "y", "origin": [8, 7.5, 8]},
			"faces": {
				"north": {"uv": [3, 13, 5, 15], "texture": "#0"},
				"south": {"uv": [2, 9, 4, 11], "rotation": 180, "texture": "#0"},
				"west": {"uv": [6, 5, 7, 7], "texture": "#0"},
				"down": {"uv": [3, 13, 5, 14], "texture": "#0"}
			}
		},
		{
			"name": "Seat",
			"from": [12, 5, 4],
			"to": [13, 7, 16],
			"rotation": {"angle": 0, "axis": "y", "origin": [8, 7.5, 8]},
			"faces": {
				"east": {"uv": [3, 1, 15, 3], "rotation": 180, "texture": "#0"},
				"south": {"uv": [6, 5, 7, 7], "texture": "#0"},
				"west": {"uv": [2, 9, 14, 11], "texture": "#0"},
				"down": {"uv": [3, 13, 15, 14], "rotation": 90, "texture": "#0"}
			}
		},
		{
			"name": "Seat",
			"from": [3, 5, 14],
			"to": [4, 7, 16],
			"rotation": {"angle": 0, "axis": "y", "origin": [8, 7.5, 8]},
			"faces": {
				"east": {"uv": [3, 1, 5, 3], "rotation": 180, "texture": "#0"},
				"south": {"uv": [6, 5, 7, 7], "texture": "#0"},
				"west": {"uv": [2, 9, 4, 11], "texture": "#0"},
				"down": {"uv": [3, 13, 5, 14], "rotation": 90, "texture": "#0"}
			}
		},
		{
			"name": "Leg2",
			"from": [12, 0, 2],
			"to": [14, 7, 4],
			"rotation": {"angle": 0, "axis": "y", "origin": [8, 7, 8.75]},
			"faces": {
				"north": {"uv": [4, 6, 6, 13], "texture": "#1"},
				"east": {"uv": [10, 6, 12, 13], "texture": "#1"},
				"south": {"uv": [8, 6, 10, 13], "texture": "#1"},
				"west": {"uv": [6, 6, 8, 13], "texture": "#1"},
				"down": {"uv": [3, 8, 5, 10], "texture": "#1"}
			}
		},
		{
			"name": "Leg6",
			"from": [2, 9, 12],
			"to": [4, 20, 14],
			"rotation": {"angle": 0, "axis": "y", "origin": [8, 7, 8]},
			"faces": {
				"north": {"uv": [4, 3, 6, 14], "texture": "#1"},
				"east": {"uv": [10, 3, 12, 14], "texture": "#1"},
				"south": {"uv": [8, 3, 10, 14], "texture": "#1"},
				"west": {"uv": [7, 3, 9, 14], "texture": "#1"},
				"up": {"uv": [10, 4, 12, 6], "texture": "#1"}
			}
		},
		{
			"name": "Leg5",
			"from": [2, 0, 12],
			"to": [4, 9, 14],
			"rotation": {"angle": 0, "axis": "y", "origin": [8, 7, 8]},
			"faces": {
				"north": {"uv": [4, 1, 6, 10], "texture": "#1"},
				"east": {"uv": [10, 1, 12, 10], "texture": "#1"},
				"south": {"uv": [8, 1, 10, 10], "texture": "#1"},
				"west": {"uv": [6, 1, 8, 10], "texture": "#1"},
				"down": {"uv": [7, 9, 9, 11], "texture": "#1"}
			}
		},
		{
			"name": "Back_Beam",
			"from": [2.5, 17, 14],
			"to": [3.5, 19, 16],
			"rotation": {"angle": 0, "axis": "y", "origin": [3, 0, 13]},
			"faces": {
				"east": {"uv": [11, 12, 13, 14], "texture": "#0"},
				"south": {"uv": [14, 9, 15, 11], "texture": "#0"},
				"west": {"uv": [2, 13, 4, 15], "texture": "#0"},
				"up": {"uv": [2, 4, 4, 5], "rotation": 90, "texture": "#0"},
				"down": {"uv": [0, 0, 2, 1], "rotation": 270, "texture": "#0"}
			}
		},
		{
			"name": "Back_Beam",
			"from": [2.5, 11, 14],
			"to": [3.5, 13, 16],
			"rotation": {"angle": 0, "axis": "y", "origin": [3, 0, 13]},
			"faces": {
				"east": {"uv": [11, 9, 13, 11], "texture": "#0"},
				"south": {"uv": [10, 9, 11, 11], "texture": "#0"},
				"west": {"uv": [6, 8, 8, 10], "texture": "#0"},
				"up": {"uv": [3, 5, 5, 6], "rotation": 90, "texture": "#0"},
				"down": {"uv": [0, 0, 2, 1], "rotation": 270, "texture": "#0"}
			}
		},
		{
			"name": "Back_Beam",
			"from": [2.5, 14, 14],
			"to": [3.5, 16, 16],
			"rotation": {"angle": 0, "axis": "y", "origin": [3, 0, 13]},
			"faces": {
				"east": {"uv": [10, 9, 12, 11], "texture": "#0"},
				"south": {"uv": [4, 9, 5, 11], "texture": "#0"},
				"west": {"uv": [8, 9, 10, 11], "texture": "#0"},
				"up": {"uv": [3, 5, 5, 6], "rotation": 90, "texture": "#0"},
				"down": {"uv": [0, 0, 2, 1], "rotation": 270, "texture": "#0"}
			}
		},
		{
			"name": "Back_Beam",
			"from": [0, 11, 12.5],
			"to": [2, 13, 13.5],
			"rotation": {"angle": 0, "axis": "y", "origin": [3, 0, 13]},
			"faces": {
				"north": {"uv": [6, 8, 8, 10], "texture": "#0"},
				"south": {"uv": [11, 9, 13, 11], "texture": "#0"},
				"west": {"uv": [10, 9, 11, 11], "texture": "#0"},
				"up": {"uv": [3, 5, 5, 6], "rotation": 180, "texture": "#0"},
				"down": {"uv": [0, 0, 2, 1], "rotation": 180, "texture": "#0"}
			}
		},
		{
			"name": "Back_Beam",
			"from": [0, 17, 12.5],
			"to": [2, 19, 13.5],
			"rotation": {"angle": 0, "axis": "y", "origin": [3, 0, 13]},
			"faces": {
				"north": {"uv": [4, 8, 6, 10], "texture": "#0"},
				"south": {"uv": [11, 12, 13, 14], "texture": "#0"},
				"west": {"uv": [14, 9, 15, 11], "texture": "#0"},
				"up": {"uv": [2, 4, 4, 5], "rotation": 180, "texture": "#0"},
				"down": {"uv": [0, 0, 2, 1], "rotation": 180, "texture": "#0"}
			}
		},
		{
			"name": "Back_Beam",
			"from": [0, 14, 12.5],
			"to": [2, 16, 13.5],
			"rotation": {"angle": 0, "axis": "y", "origin": [3, 0, 13]},
			"faces": {
				"north": {"uv": [12, 5, 14, 7], "texture": "#0"},
				"south": {"uv": [10, 9, 12, 11], "texture": "#0"},
				"west": {"uv": [4, 9, 5, 11], "texture": "#0"},
				"up": {"uv": [3, 5, 5, 6], "rotation": 180, "texture": "#0"},
				"down": {"uv": [0, 0, 2, 1], "rotation": 180, "texture": "#0"}
			}
		}
	],
	"display": {
		"head": {
			"translation": [0, 2.4, 0]
		}
	}
}