{
	"credit": "Made with Blockbench",
	"textures": {
		"0": "block/oak_planks",
		"1": "block/stripped_oak_log",
		"particle": "block/stripped_oak_log"
	},
	"elements": [
		{
			"name": "Back_Support",
			"from": [12, 9, 12],
			"to": [14, 21, 14],
			"rotation": {"angle": 0, "axis": "y", "origin": [8, 7.5, 8]},
			"faces": {
				"north": {"uv": [6, 2, 8, 14], "texture": "#1"},
				"east": {"uv": [11, 2, 13, 14], "texture": "#1"},
				"south": {"uv": [9, 2, 11, 14], "texture": "#1"},
				"west": {"uv": [2, 2, 4, 14], "texture": "#1"},
				"up": {"uv": [0, 0, 2, 2], "texture": "#1"}
			}
		},
		{
			"name": "Seat",
			"from": [0, 7, 5],
			"to": [5, 9, 13],
			"rotation": {"angle": 0, "axis": "y", "origin": [8, 7.5, 8]},
			"faces": {
				"south": {"uv": [9, 10, 14, 12], "texture": "#0"},
				"west": {"uv": [7, 6, 15, 8], "texture": "#0"},
				"up": {"uv": [5, 3, 10, 11], "texture": "#0"},
				"down": {"uv": [0, 4, 5, 12], "texture": "#0"}
			}
		},
		{
			"name": "Seat",
			"from": [5, 7, 9],
			"to": [10, 9, 13],
			"rotation": {"angle": 0, "axis": "y", "origin": [8, 7.5, 8]},
			"faces": {
				"south": {"uv": [9, 10, 14, 12], "texture": "#0"},
				"west": {"uv": [7, 6, 15, 8], "texture": "#0"},
				"up": {"uv": [1, 3, 6, 7], "texture": "#0"},
				"down": {"uv": [0, 4, 5, 8], "texture": "#0"}
			}
		},
		{
			"name": "Seat",
			"from": [5, 7, 6],
			"to": [6, 9, 9],
			"rotation": {"angle": 0, "axis": "y", "origin": [8, 7.5, 8]},
			"faces": {
				"up": {"uv": [4, 12, 5, 15], "texture": "#0"},
				"down": {"uv": [0, 4, 1, 7], "texture": "#0"}
			}
		},
		{
			"name": "Seat",
			"from": [5, 7, 0],
			"to": [13, 9, 6],
			"rotation": {"angle": 0, "axis": "y", "origin": [8, 7.5, 8]},
			"faces": {
				"north": {"uv": [4, 6, 12, 8], "texture": "#0"},
				"east": {"uv": [2, 10, 8, 12], "texture": "#0"},
				"up": {"uv": [1, 3, 7, 11], "rotation": 270, "texture": "#0"},
				"down": {"uv": [0, 4, 6, 12], "rotation": 90, "texture": "#0"}
			}
		},
		{
			"name": "Seat",
			"from": [6, 7, 6],
			"to": [13, 9, 9],
			"rotation": {"angle": 0, "axis": "y", "origin": [8, 7.5, 8]},
			"faces": {
				"east": {"uv": [2, 10, 5, 12], "texture": "#0"},
				"up": {"uv": [1, 4, 4, 11], "rotation": 270, "texture": "#0"},
				"down": {"uv": [0, 4, 3, 11], "rotation": 90, "texture": "#0"}
			}
		},
		{
			"name": "Seat",
			"from": [10, 7, 9],
			"to": [13, 9, 13],
			"rotation": {"angle": 0, "axis": "y", "origin": [8, 7.5, 8]},
			"faces": {
				"east": {"uv": [2, 10, 6, 12], "texture": "#0"},
				"south": {"uv": [13, 10, 16, 12], "texture": "#0"},
				"up": {"uv": [1, 4, 5, 7], "rotation": 270, "texture": "#0"},
				"down": {"uv": [0, 4, 4, 7], "rotation": 90, "texture": "#0"}
			}
		},
		{
			"name": "Seat",
			"from": [2, 7, 0],
			"to": [5, 9, 5],
			"rotation": {"angle": 0, "axis": "y", "origin": [8, 7.5, 8]},
			"faces": {
				"north": {"uv": [9, 6, 12, 8], "texture": "#0"},
				"west": {"uv": [10, 6, 15, 8], "texture": "#0"},
				"up": {"uv": [8, 4, 13, 7], "rotation": 90, "texture": "#0"},
				"down": {"uv": [5, 8, 10, 11], "rotation": 90, "texture": "#0"}
			}
		},
		{
			"name": "Seat",
			"from": [0, 7, 2],
			"to": [2, 9, 5],
			"rotation": {"angle": 0, "axis": "y", "origin": [8, 7.5, 8]},
			"faces": {
				"north": {"uv": [1, 6, 3, 8], "texture": "#0"},
				"west": {"uv": [3, 6, 6, 8], "texture": "#0"},
				"up": {"uv": [9, 5, 12, 7], "rotation": 90, "texture": "#0"},
				"down": {"uv": [4, 8, 6, 11], "texture": "#0"}
			}
		},
		{
			"name": "Seat",
			"from": [0, 5, 12],
			"to": [12, 7, 13],
			"rotation": {"angle": 0, "axis": "y", "origin": [8, 7.5, 8]},
			"faces": {
				"north": {"uv": [2, 9, 14, 11], "texture": "#0"},
				"south": {"uv": [3, 1, 15, 3], "rotation": 180, "texture": "#0"},
				"west": {"uv": [5, 5, 6, 7], "texture": "#0"},
				"down": {"uv": [3, 13, 15, 14], "texture": "#0"}
			}
		},
		{
			"name": "Back_Beam",
			"from": [0, 17, 12.5],
			"to": [12, 19, 13.5],
			"rotation": {"angle": 0, "axis": "y", "origin": [8, 6.5, 8]},
			"faces": {
				"north": {"uv": [2, 4, 14, 6], "texture": "#0"},
				"south": {"uv": [2, 12, 14, 14], "texture": "#0"},
				"west": {"uv": [10, 4, 11, 6], "texture": "#0"},
				"up": {"uv": [2, 4, 14, 5], "texture": "#0"},
				"down": {"uv": [0, 0, 12, 1], "texture": "#0"}
			}
		},
		{
			"name": "Back_Beam",
			"from": [0, 14, 12.5],
			"to": [12, 16, 13.5],
			"rotation": {"angle": 0, "axis": "y", "origin": [8, 6.75, 8]},
			"faces": {
				"north": {"uv": [3, 8, 15, 10], "texture": "#0"},
				"south": {"uv": [0, 4, 12, 6], "texture": "#0"},
				"west": {"uv": [10, 5, 11, 7], "texture": "#0"},
				"up": {"uv": [3, 5, 15, 6], "texture": "#0"},
				"down": {"uv": [0, 0, 12, 1], "texture": "#0"}
			}
		},
		{
			"name": "Back_Beam",
			"from": [0, 11, 12.5],
			"to": [12, 13, 13.5],
			"rotation": {"angle": 0, "axis": "y", "origin": [8, 6.75, 8]},
			"faces": {
				"north": {"uv": [4, 12, 16, 14], "texture": "#0"},
				"south": {"uv": [2, 8, 14, 10], "texture": "#0"},
				"west": {"uv": [5, 5, 6, 7], "texture": "#0"},
				"up": {"uv": [3, 5, 15, 6], "texture": "#0"},
				"down": {"uv": [0, 0, 12, 1], "texture": "#0"}
			}
		},
		{
			"name": "Seat",
			"from": [12, 5, 0],
			"to": [13, 7, 12],
			"rotation": {"angle": 0, "axis": "y", "origin": [8, 7.5, 8]},
			"faces": {
				"north": {"uv": [5, 5, 6, 7], "texture": "#0"},
				"east": {"uv": [2, 9, 14, 11], "texture": "#0"},
				"west": {"uv": [4, 1, 16, 3], "rotation": 180, "texture": "#0"},
				"down": {"uv": [3, 13, 15, 14], "rotation": 270, "texture": "#0"}
			}
		},
		{
			"name": "Seat",
			"from": [3, 5, 0],
			"to": [4, 7, 3],
			"rotation": {"angle": 0, "axis": "y", "origin": [8, 7.5, 8]},
			"faces": {
				"north": {"uv": [5, 5, 6, 7], "texture": "#0"},
				"east": {"uv": [2, 9, 5, 11], "texture": "#0"},
				"south": {"uv": [8, 4, 9, 6], "texture": "#0"},
				"west": {"uv": [1, 12, 4, 14], "texture": "#0"},
				"down": {"uv": [9, 13, 12, 14], "rotation": 270, "texture": "#0"}
			}
		},
		{
			"name": "Seat",
			"from": [0, 5, 3],
			"to": [4, 7, 4],
			"rotation": {"angle": 0, "axis": "y", "origin": [8, 7.5, 8]},
			"faces": {
				"north": {"uv": [12, 5, 16, 7], "texture": "#0"},
				"east": {"uv": [2, 9, 3, 11], "texture": "#0"},
				"south": {"uv": [8, 4, 12, 6], "texture": "#0"},
				"west": {"uv": [3, 1, 4, 3], "rotation": 180, "texture": "#0"},
				"down": {"uv": [5, 9, 9, 10], "texture": "#0"}
			}
		},
		{
			"name": "Back_Beam",
			"from": [12.5, 17, 0],
			"to": [13.5, 19, 12],
			"rotation": {"angle": 0, "axis": "y", "origin": [8, 6.5, 8]},
			"faces": {
				"north": {"uv": [10, 4, 11, 6], "texture": "#0"},
				"east": {"uv": [2, 12, 14, 14], "texture": "#0"},
				"west": {"uv": [2, 0, 14, 2], "texture": "#0"},
				"up": {"uv": [2, 4, 14, 5], "rotation": 90, "texture": "#0"},
				"down": {"uv": [0, 0, 12, 1], "rotation": 270, "texture": "#0"}
			}
		},
		{
			"name": "Back_Beam",
			"from": [12.5, 14, 0],
			"to": [13.5, 16, 12],
			"rotation": {"angle": 0, "axis": "y", "origin": [8, 6.75, 8]},
			"faces": {
				"north": {"uv": [10, 5, 11, 7], "texture": "#0"},
				"east": {"uv": [0, 4, 12, 6], "texture": "#0"},
				"west": {"uv": [3, 9, 15, 11], "texture": "#0"},
				"up": {"uv": [3, 5, 15, 6], "rotation": 90, "texture": "#0"},
				"down": {"uv": [0, 0, 12, 1], "rotation": 270, "texture": "#0"}
			}
		},
		{
			"name": "Back_Beam",
			"from": [12.5, 11, 0],
			"to": [13.5, 13, 12],
			"rotation": {"angle": 0, "axis": "y", "origin": [8, 6.75, 8]},
			"faces": {
				"north": {"uv": [5, 5, 6, 7], "texture": "#0"},
				"east": {"uv": [2, 9, 14, 11], "texture": "#0"},
				"west": {"uv": [0, 13, 12, 15], "texture": "#0"},
				"up": {"uv": [3, 5, 15, 6], "rotation": 90, "texture": "#0"},
				"down": {"uv": [0, 0, 12, 1], "rotation": 270, "texture": "#0"}
			}
		},
		{
			"name": "Leg4",
			"from": [12, 0, 12],
			"to": [14, 9, 14],
			"rotation": {"angle": 0, "axis": "y", "origin": [8, 7, 8]},
			"faces": {
				"north": {"uv": [4, 5, 6, 14], "texture": "#1"},
				"east": {"uv": [10, 5, 12, 14], "texture": "#1"},
				"south": {"uv": [8, 5, 10, 14], "texture": "#1"},
				"west": {"uv": [6, 5, 8, 14], "texture": "#1"},
				"down": {"uv": [0, 0, 2, 2], "texture": "#1"}
			}
		}
	],
	"display": {
		"head": {
			"translation": [0, 2.4, 0]
		}
	}
}