{
	"credit": "Made with Blockbench",
	"textures": {
		"0": "block/oak_planks",
		"1": "block/stripped_oak_log",
		"particle": "block/stripped_oak_log"
	},
	"elements": [
		{
			"name": "Back_Support",
			"from": [12, 9, 12],
			"to": [14, 21, 14],
			"rotation": {"angle": 0, "axis": "y", "origin": [8, 7.5, 8]},
			"faces": {
				"north": {"uv": [6, 2, 8, 14], "texture": "#1"},
				"east": {"uv": [11, 2, 13, 14], "texture": "#1"},
				"south": {"uv": [9, 2, 11, 14], "texture": "#1"},
				"west": {"uv": [2, 2, 4, 14], "texture": "#1"},
				"up": {"uv": [0, 0, 2, 2], "texture": "#1"}
			}
		},
		{
			"name": "Seat",
			"from": [0, 7, 3],
			"to": [12, 9, 13],
			"rotation": {"angle": 0, "axis": "y", "origin": [8, 7.5, 8]},
			"faces": {
				"south": {"uv": [4, 10, 16, 12], "texture": "#0"},
				"west": {"uv": [3, 6, 13, 8], "texture": "#0"},
				"up": {"uv": [0, 1, 12, 11], "texture": "#0"},
				"down": {"uv": [0, 5, 12, 15], "texture": "#0"}
			}
		},
		{
			"name": "Seat",
			"from": [0, 7, 2],
			"to": [12, 9, 3],
			"rotation": {"angle": 0, "axis": "y", "origin": [8, 7.5, 8]},
			"faces": {
				"north": {"uv": [1, 12, 13, 10], "rotation": 180, "texture": "#0"},
				"west": {"uv": [10, 6, 11, 8], "texture": "#0"},
				"up": {"uv": [3, 10, 15, 9], "texture": "#0"},
				"down": {"uv": [4, 1, 16, 2], "texture": "#0"}
			}
		},
		{
			"name": "Seat",
			"from": [12, 7, 4],
			"to": [14, 9, 12],
			"rotation": {"angle": 0, "axis": "y", "origin": [8, 7.5, 8]},
			"faces": {
				"north": {"uv": [0, 8, 2, 10], "rotation": 180, "texture": "#0"},
				"east": {"uv": [4, 10, 12, 12], "texture": "#0"},
				"south": {"uv": [0, 11, 2, 9], "texture": "#0"},
				"up": {"uv": [4, 11, 12, 13], "rotation": 270, "texture": "#0"},
				"down": {"uv": [3, 1, 11, 3], "rotation": 270, "texture": "#0"}
			}
		},
		{
			"name": "Seat",
			"from": [12, 12, 1],
			"to": [14, 13, 12],
			"rotation": {"angle": 0, "axis": "y", "origin": [8, 7.5, 8]},
			"faces": {
				"north": {"uv": [6, 6, 8, 7], "rotation": 180, "texture": "#1"},
				"east": {"uv": [2, 10, 13, 11], "texture": "#1"},
				"west": {"uv": [3, 0, 14, 1], "texture": "#1"},
				"up": {"uv": [2, 8, 13, 10], "rotation": 270, "texture": "#1"},
				"down": {"uv": [2, 1, 13, 3], "rotation": 270, "texture": "#1"}
			}
		},
		{
			"name": "Seat",
			"from": [0, 5, 3],
			"to": [12, 7, 4],
			"rotation": {"angle": 0, "axis": "y", "origin": [8, 7.5, 8]},
			"faces": {
				"north": {"uv": [3, 13, 15, 15], "texture": "#0"},
				"south": {"uv": [2, 9, 14, 11], "rotation": 180, "texture": "#0"},
				"west": {"uv": [12, 5, 13, 7], "texture": "#0"},
				"down": {"uv": [3, 13, 15, 14], "texture": "#0"}
			}
		},
		{
			"name": "Seat",
			"from": [0, 5, 12],
			"to": [12, 7, 13],
			"rotation": {"angle": 0, "axis": "y", "origin": [8, 7.5, 8]},
			"faces": {
				"north": {"uv": [2, 9, 14, 11], "texture": "#0"},
				"south": {"uv": [3, 1, 15, 3], "rotation": 180, "texture": "#0"},
				"west": {"uv": [5, 5, 6, 7], "texture": "#0"},
				"down": {"uv": [3, 13, 15, 14], "texture": "#0"}
			}
		},
		{
			"name": "Back_Beam",
			"from": [0, 17, 12.5],
			"to": [12, 19, 13.5],
			"rotation": {"angle": 0, "axis": "y", "origin": [8, 6.5, 8]},
			"faces": {
				"north": {"uv": [2, 12, 14, 14], "texture": "#0"},
				"south": {"uv": [2, 13, 14, 15], "texture": "#0"},
				"west": {"uv": [10, 4, 11, 6], "texture": "#0"},
				"up": {"uv": [2, 4, 14, 5], "texture": "#0"},
				"down": {"uv": [0, 0, 12, 1], "texture": "#0"}
			}
		},
		{
			"name": "Back_Beam",
			"from": [0, 14, 12.5],
			"to": [12, 16, 13.5],
			"rotation": {"angle": 0, "axis": "y", "origin": [8, 6.75, 8]},
			"faces": {
				"north": {"uv": [0, 4, 12, 6], "texture": "#0"},
				"south": {"uv": [0, 4, 12, 6], "texture": "#0"},
				"west": {"uv": [10, 5, 11, 7], "texture": "#0"},
				"up": {"uv": [3, 5, 15, 6], "texture": "#0"},
				"down": {"uv": [0, 0, 12, 1], "texture": "#0"}
			}
		},
		{
			"name": "Back_Beam",
			"from": [0, 11, 12.5],
			"to": [12, 13, 13.5],
			"rotation": {"angle": 0, "axis": "y", "origin": [8, 6.75, 8]},
			"faces": {
				"north": {"uv": [2, 9, 14, 11], "texture": "#0"},
				"south": {"uv": [2, 8, 14, 10], "texture": "#0"},
				"west": {"uv": [5, 5, 6, 7], "texture": "#0"},
				"up": {"uv": [3, 5, 15, 6], "texture": "#0"},
				"down": {"uv": [0, 0, 12, 1], "texture": "#0"}
			}
		},
		{
			"name": "Leg1",
			"from": [12, 0, 2],
			"to": [14, 12, 4],
			"rotation": {"angle": 0, "axis": "y", "origin": [8, 7, 8.75]},
			"faces": {
				"north": {"uv": [5, 2, 7, 14], "texture": "#1"},
				"east": {"uv": [11, 2, 13, 14], "texture": "#1"},
				"south": {"uv": [9, 2, 11, 14], "texture": "#1"},
				"west": {"uv": [7, 2, 9, 14], "texture": "#1"},
				"down": {"uv": [0, 0, 2, 2], "texture": "#1"}
			}
		},
		{
			"name": "Leg5",
			"from": [12, 1, 4],
			"to": [13, 2, 12],
			"rotation": {"angle": 0, "axis": "y", "origin": [8, 7, 8]},
			"faces": {
				"east": {"uv": [0, 13, 8, 14], "texture": "#0"},
				"west": {"uv": [8, 10, 16, 11], "texture": "#0"},
				"up": {"uv": [3, 9, 11, 10], "rotation": 90, "texture": "#0"},
				"down": {"uv": [1, 10, 9, 11], "rotation": 90, "texture": "#0"}
			}
		},
		{
			"name": "Leg4",
			"from": [12, 5, 4],
			"to": [13, 7, 12],
			"rotation": {"angle": 0, "axis": "y", "origin": [8, 7, 8]},
			"faces": {
				"east": {"uv": [5, 9, 13, 11], "texture": "#0"},
				"west": {"uv": [4, 13, 12, 15], "texture": "#0"},
				"down": {"uv": [7, 5, 15, 6], "rotation": 270, "texture": "#0"}
			}
		},
		{
			"name": "Leg4",
			"from": [12, 0, 12],
			"to": [14, 9, 14],
			"rotation": {"angle": 0, "axis": "y", "origin": [8, 7, 8]},
			"faces": {
				"north": {"uv": [4, 5, 6, 14], "texture": "#1"},
				"east": {"uv": [10, 5, 12, 14], "texture": "#1"},
				"south": {"uv": [8, 5, 10, 14], "texture": "#1"},
				"west": {"uv": [6, 5, 8, 14], "texture": "#1"},
				"down": {"uv": [0, 0, 2, 2], "texture": "#1"}
			}
		}
	],
	"display": {
		"head": {
			"translation": [0, 2.4, 0]
		}
	}
}