{
	"credit": "Made with Blockbench",
	"textures": {
		"0": "block/oak_planks",
		"particle": "block/stripped_oak_log"
	},
	"elements": [
		{
			"name": "Seat",
			"from": [0, 7, 3],
			"to": [16, 9, 13],
			"rotation": {"angle": 0, "axis": "y", "origin": [8, 7.5, 8]},
			"faces": {
				"east": {"uv": [2, 2, 12, 4], "texture": "#0"},
				"south": {"uv": [0, 10, 16, 12], "texture": "#0"},
				"west": {"uv": [3, 6, 13, 8], "texture": "#0"},
				"up": {"uv": [0, 1, 16, 11], "texture": "#0"},
				"down": {"uv": [0, 5, 16, 15], "texture": "#0"}
			}
		},
		{
			"name": "Seat",
			"from": [0, 7, 2],
			"to": [16, 9, 3],
			"rotation": {"angle": 0, "axis": "y", "origin": [8, 7.5, 8]},
			"faces": {
				"north": {"uv": [0, 12, 16, 10], "rotation": 180, "texture": "#0"},
				"east": {"uv": [5, 6, 6, 8], "texture": "#0"},
				"west": {"uv": [10, 6, 11, 8], "texture": "#0"},
				"up": {"uv": [0, 10, 16, 9], "texture": "#0"},
				"down": {"uv": [0, 1, 16, 2], "texture": "#0"}
			}
		},
		{
			"name": "Seat",
			"from": [0, 5, 3],
			"to": [16, 7, 4],
			"rotation": {"angle": 0, "axis": "y", "origin": [8, 7.5, 8]},
			"faces": {
				"north": {"uv": [0, 13, 16, 15], "texture": "#0"},
				"east": {"uv": [11, 9, 12, 11], "texture": "#0"},
				"south": {"uv": [0, 9, 16, 11], "rotation": 180, "texture": "#0"},
				"west": {"uv": [12, 5, 13, 7], "texture": "#0"},
				"down": {"uv": [0, 13, 16, 14], "texture": "#0"}
			}
		},
		{
			"name": "Seat",
			"from": [0, 5, 12],
			"to": [16, 7, 13],
			"rotation": {"angle": 0, "axis": "y", "origin": [8, 7.5, 8]},
			"faces": {
				"north": {"uv": [0, 9, 16, 11], "texture": "#0"},
				"east": {"uv": [6, 8, 7, 10], "texture": "#0"},
				"south": {"uv": [0, 1, 16, 3], "rotation": 180, "texture": "#0"},
				"west": {"uv": [4, 5, 5, 7], "texture": "#0"},
				"down": {"uv": [0, 13, 16, 14], "texture": "#0"}
			}
		},
		{
			"name": "Back_Beam",
			"from": [0, 17, 12.5],
			"to": [16, 19, 13.5],
			"rotation": {"angle": 0, "axis": "y", "origin": [8, 6.5, 8]},
			"faces": {
				"north": {"uv": [0, 12, 16, 14], "texture": "#0"},
				"east": {"uv": [12, 5, 13, 7], "texture": "#0"},
				"south": {"uv": [0, 13, 16, 15], "texture": "#0"},
				"west": {"uv": [10, 4, 11, 6], "texture": "#0"},
				"up": {"uv": [0, 4, 16, 5], "texture": "#0"},
				"down": {"uv": [0, 0, 16, 1], "texture": "#0"}
			}
		},
		{
			"name": "Back_Beam",
			"from": [0, 14, 12.5],
			"to": [16, 16, 13.5],
			"rotation": {"angle": 0, "axis": "y", "origin": [8, 6.75, 8]},
			"faces": {
				"north": {"uv": [0, 8, 16, 10], "texture": "#0"},
				"east": {"uv": [10, 8, 11, 10], "texture": "#0"},
				"south": {"uv": [0, 4, 16, 6], "texture": "#0"},
				"west": {"uv": [10, 5, 11, 7], "texture": "#0"},
				"up": {"uv": [0, 6, 16, 7], "texture": "#0"},
				"down": {"uv": [0, 0, 16, 1], "texture": "#0"}
			}
		},
		{
			"name": "Back_Beam",
			"from": [0, 11, 12.5],
			"to": [16, 13, 13.5],
			"rotation": {"angle": 0, "axis": "y", "origin": [8, 6.75, 8]},
			"faces": {
				"north": {"uv": [0, 9, 16, 11], "texture": "#0"},
				"east": {"uv": [3, 9, 4, 11], "texture": "#0"},
				"south": {"uv": [0, 8, 16, 10], "texture": "#0"},
				"west": {"uv": [5, 5, 6, 7], "texture": "#0"},
				"up": {"uv": [0, 4, 16, 5], "texture": "#0"},
				"down": {"uv": [0, 0, 16, 1], "texture": "#0"}
			}
		}
	],
	"display": {
		"head": {
			"translation": [0, 2.4, 0]
		}
	}
}