{
     "parent": "block/jungle_trapdoor_bottom",
     "textures": {
        "texture": "block/jungle_trapdoor",
        "edge": "block/jungle_trapdoor_edge"
     },
     "overrides": [
        { "predicate": {"custom_model_data": 9000000}, "model": "tac/empty_model"},
        { "predicate": {"custom_model_data": 9000500}, "model": "tac/chair/basic/oak"},

        { "predicate": {"custom_model_data": 9001000}, "model": "tac/chair/basic/oak"},
        { "predicate": {"custom_model_data": 9001001}, "model": "tac/chair/basic/spruce"},
        { "predicate": {"custom_model_data": 9001002}, "model": "tac/chair/basic/birch"},
        { "predicate": {"custom_model_data": 9001003}, "model": "tac/chair/basic/jungle"},
        { "predicate": {"custom_model_data": 9001004}, "model": "tac/chair/basic/acacia"},
        { "predicate": {"custom_model_data": 9001005}, "model": "tac/chair/basic/dark_oak"},
        { "predicate": {"custom_model_data": 9001006}, "model": "tac/chair/basic/crimson"},
        { "predicate": {"custom_model_data": 9001007}, "model": "tac/chair/basic/warped"},
        { "predicate": {"custom_model_data": 9001008}, "model": "tac/chair/basic/mangrove"},
        { "predicate": {"custom_model_data": 9001009}, "model": "tac/chair/basic/cherry"},
        { "predicate": {"custom_model_data": 9001010}, "model": "tac/chair/basic/bamboo"},
        { "predicate": {"custom_model_data": 9001030}, "model": "tac/chair/basic/stone_brick"},
        { "predicate": {"custom_model_data": 9001031}, "model": "tac/chair/basic/deepslate_brick"},
        { "predicate": {"custom_model_data": 9001032}, "model": "tac/chair/basic/blackstone_brick"},
        { "predicate": {"custom_model_data": 9001033}, "model": "tac/chair/basic/endstone_brick"},
        { "predicate": {"custom_model_data": 9001040}, "model": "tac/chair/basic/obsidian"},
        { "predicate": {"custom_model_data": 9001041}, "model": "tac/chair/basic/quartz"},
        { "predicate": {"custom_model_data": 9001042}, "model": "tac/chair/basic/blackstone"},

        { "predicate": {"custom_model_data": 9001050}, "model": "tac/chair/simple/oak"},
        { "predicate": {"custom_model_data": 9001051}, "model": "tac/chair/simple/spruce"},
        { "predicate": {"custom_model_data": 9001052}, "model": "tac/chair/simple/birch"},
        { "predicate": {"custom_model_data": 9001053}, "model": "tac/chair/simple/jungle"},
        { "predicate": {"custom_model_data": 9001054}, "model": "tac/chair/simple/acacia"},
        { "predicate": {"custom_model_data": 9001055}, "model": "tac/chair/simple/dark_oak"},
        { "predicate": {"custom_model_data": 9001056}, "model": "tac/chair/simple/crimson"},
        { "predicate": {"custom_model_data": 9001057}, "model": "tac/chair/simple/warped"},
        { "predicate": {"custom_model_data": 9001058}, "model": "tac/chair/simple/mangrove"},
        { "predicate": {"custom_model_data": 9001059}, "model": "tac/chair/simple/cherry"},
        { "predicate": {"custom_model_data": 9001060}, "model": "tac/chair/simple/bamboo"},
        { "predicate": {"custom_model_data": 9001080}, "model": "tac/chair/simple/stone_brick"},
        { "predicate": {"custom_model_data": 9001081}, "model": "tac/chair/simple/deepslate_brick"},
        { "predicate": {"custom_model_data": 9001082}, "model": "tac/chair/simple/blackstone_brick"},
        { "predicate": {"custom_model_data": 9001083}, "model": "tac/chair/simple/endstone_brick"},
        { "predicate": {"custom_model_data": 9001090}, "model": "tac/chair/simple/obsidian"},
        { "predicate": {"custom_model_data": 9001091}, "model": "tac/chair/simple/quartz"},
        { "predicate": {"custom_model_data": 9001092}, "model": "tac/chair/simple/blackstone"},

        { "predicate": {"custom_model_data": 9001100}, "model": "tac/chair/carved/oak"},
        { "predicate": {"custom_model_data": 9001101}, "model": "tac/chair/carved/spruce"},
        { "predicate": {"custom_model_data": 9001102}, "model": "tac/chair/carved/birch"},
        { "predicate": {"custom_model_data": 9001103}, "model": "tac/chair/carved/jungle"},
        { "predicate": {"custom_model_data": 9001104}, "model": "tac/chair/carved/acacia"},
        { "predicate": {"custom_model_data": 9001105}, "model": "tac/chair/carved/dark_oak"},
        { "predicate": {"custom_model_data": 9001106}, "model": "tac/chair/carved/crimson"},
        { "predicate": {"custom_model_data": 9001107}, "model": "tac/chair/carved/warped"},
        { "predicate": {"custom_model_data": 9001108}, "model": "tac/chair/carved/mangrove"},
        { "predicate": {"custom_model_data": 9001109}, "model": "tac/chair/carved/cherry"},
        { "predicate": {"custom_model_data": 9001110}, "model": "tac/chair/carved/bamboo"},
        { "predicate": {"custom_model_data": 9001130}, "model": "tac/chair/carved/stone_brick"},
        { "predicate": {"custom_model_data": 9001131}, "model": "tac/chair/carved/deepslate_brick"},
        { "predicate": {"custom_model_data": 9001132}, "model": "tac/chair/carved/blackstone_brick"},
        { "predicate": {"custom_model_data": 9001133}, "model": "tac/chair/carved/endstone_brick"},
        { "predicate": {"custom_model_data": 9001140}, "model": "tac/chair/carved/obsidian"},
        { "predicate": {"custom_model_data": 9001141}, "model": "tac/chair/carved/quartz"},
        { "predicate": {"custom_model_data": 9001142}, "model": "tac/chair/carved/blackstone"},

        { "predicate": {"custom_model_data": 9001200}, "model": "tac/chair/fancy/1/oak"},
        { "predicate": {"custom_model_data": 9001201}, "model": "tac/chair/fancy/1/spruce"},
        { "predicate": {"custom_model_data": 9001202}, "model": "tac/chair/fancy/1/birch"},
        { "predicate": {"custom_model_data": 9001203}, "model": "tac/chair/fancy/1/jungle"},
        { "predicate": {"custom_model_data": 9001204}, "model": "tac/chair/fancy/1/acacia"},
        { "predicate": {"custom_model_data": 9001205}, "model": "tac/chair/fancy/1/dark_oak"},
        { "predicate": {"custom_model_data": 9001206}, "model": "tac/chair/fancy/1/crimson"},
        { "predicate": {"custom_model_data": 9001207}, "model": "tac/chair/fancy/1/warped"},
        { "predicate": {"custom_model_data": 9001208}, "model": "tac/chair/fancy/1/mangrove"},
        { "predicate": {"custom_model_data": 9001209}, "model": "tac/chair/fancy/1/cherry"},
        { "predicate": {"custom_model_data": 9001210}, "model": "tac/chair/fancy/1/bamboo"},
        { "predicate": {"custom_model_data": 9001240}, "model": "tac/chair/fancy/1/obsidian"},
        { "predicate": {"custom_model_data": 9001241}, "model": "tac/chair/fancy/1/quartz"},
        { "predicate": {"custom_model_data": 9001242}, "model": "tac/chair/fancy/1/blackstone"},

        { "predicate": {"custom_model_data": 9001250}, "model": "tac/chair/fancy/2/oak"},
        { "predicate": {"custom_model_data": 9001251}, "model": "tac/chair/fancy/2/spruce"},
        { "predicate": {"custom_model_data": 9001252}, "model": "tac/chair/fancy/2/birch"},
        { "predicate": {"custom_model_data": 9001253}, "model": "tac/chair/fancy/2/jungle"},
        { "predicate": {"custom_model_data": 9001254}, "model": "tac/chair/fancy/2/acacia"},
        { "predicate": {"custom_model_data": 9001255}, "model": "tac/chair/fancy/2/dark_oak"},
        { "predicate": {"custom_model_data": 9001256}, "model": "tac/chair/fancy/2/crimson"},
        { "predicate": {"custom_model_data": 9001257}, "model": "tac/chair/fancy/2/warped"},
        { "predicate": {"custom_model_data": 9001258}, "model": "tac/chair/fancy/2/mangrove"},
        { "predicate": {"custom_model_data": 9001259}, "model": "tac/chair/fancy/2/cherry"},
        { "predicate": {"custom_model_data": 9001260}, "model": "tac/chair/fancy/2/bamboo"},
        { "predicate": {"custom_model_data": 9001290}, "model": "tac/chair/fancy/2/obsidian"},
        { "predicate": {"custom_model_data": 9001291}, "model": "tac/chair/fancy/2/quartz"},
        { "predicate": {"custom_model_data": 9001292}, "model": "tac/chair/fancy/2/blackstone"},

        { "predicate": {"custom_model_data": 9001300}, "model": "tac/chair/throne/oak"},
        { "predicate": {"custom_model_data": 9001301}, "model": "tac/chair/throne/spruce"},
        { "predicate": {"custom_model_data": 9001302}, "model": "tac/chair/throne/birch"},
        { "predicate": {"custom_model_data": 9001303}, "model": "tac/chair/throne/jungle"},
        { "predicate": {"custom_model_data": 9001304}, "model": "tac/chair/throne/acacia"},
        { "predicate": {"custom_model_data": 9001305}, "model": "tac/chair/throne/dark_oak"},
        { "predicate": {"custom_model_data": 9001306}, "model": "tac/chair/throne/crimson"},
        { "predicate": {"custom_model_data": 9001307}, "model": "tac/chair/throne/warped"},
        { "predicate": {"custom_model_data": 9001308}, "model": "tac/chair/throne/mangrove"},
        { "predicate": {"custom_model_data": 9001309}, "model": "tac/chair/throne/cherry"},
        { "predicate": {"custom_model_data": 9001310}, "model": "tac/chair/throne/bamboo"},
        { "predicate": {"custom_model_data": 9001330}, "model": "tac/chair/throne/stone_brick"},
        { "predicate": {"custom_model_data": 9001331}, "model": "tac/chair/throne/deepslate_brick"},
        { "predicate": {"custom_model_data": 9001332}, "model": "tac/chair/throne/blackstone_brick"},
        { "predicate": {"custom_model_data": 9001333}, "model": "tac/chair/throne/endstone_brick"},
        { "predicate": {"custom_model_data": 9001340}, "model": "tac/chair/throne/obsidian"},
        { "predicate": {"custom_model_data": 9001341}, "model": "tac/chair/throne/quartz"},
        { "predicate": {"custom_model_data": 9001342}, "model": "tac/chair/throne/blackstone"},

        { "predicate": {"custom_model_data": 9001370}, "model": "tac/chair/throne/iron"},
        { "predicate": {"custom_model_data": 9001371}, "model": "tac/chair/throne/gold"},
        { "predicate": {"custom_model_data": 9001372}, "model": "tac/chair/throne/diamond"},
        { "predicate": {"custom_model_data": 9001373}, "model": "tac/chair/throne/netherite"},
        { "predicate": {"custom_model_data": 9001374}, "model": "tac/chair/throne/copper"},



        { "predicate": {"custom_model_data": 9001500}, "model": "tac/sawmill/sawmill_old"},
        { "predicate": {"custom_model_data": 9001501}, "model": "tac/sawmill/sawmill"},        



        { "predicate": {"custom_model_data": 9001600}, "model": "tac/table/carpet/white"},
        { "predicate": {"custom_model_data": 9001601}, "model": "tac/table/carpet/orange"},
        { "predicate": {"custom_model_data": 9001602}, "model": "tac/table/carpet/magenta"},
        { "predicate": {"custom_model_data": 9001603}, "model": "tac/table/carpet/light_blue"},
        { "predicate": {"custom_model_data": 9001604}, "model": "tac/table/carpet/yellow"},
        { "predicate": {"custom_model_data": 9001605}, "model": "tac/table/carpet/lime"},
        { "predicate": {"custom_model_data": 9001606}, "model": "tac/table/carpet/pink"},
        { "predicate": {"custom_model_data": 9001607}, "model": "tac/table/carpet/gray"},
        { "predicate": {"custom_model_data": 9001608}, "model": "tac/table/carpet/light_gray"},
        { "predicate": {"custom_model_data": 9001609}, "model": "tac/table/carpet/cyan"},
        { "predicate": {"custom_model_data": 9001610}, "model": "tac/table/carpet/purple"},
        { "predicate": {"custom_model_data": 9001611}, "model": "tac/table/carpet/blue"},
        { "predicate": {"custom_model_data": 9001612}, "model": "tac/table/carpet/brown"},
        { "predicate": {"custom_model_data": 9001613}, "model": "tac/table/carpet/green"},
        { "predicate": {"custom_model_data": 9001614}, "model": "tac/table/carpet/red"},
        { "predicate": {"custom_model_data": 9001615}, "model": "tac/table/carpet/black"},
        
        { "predicate": {"custom_model_data": 9001620}, "model": "tac/chair/carpet/normal/white"},
        { "predicate": {"custom_model_data": 9001621}, "model": "tac/chair/carpet/normal/orange"},
        { "predicate": {"custom_model_data": 9001622}, "model": "tac/chair/carpet/normal/magenta"},
        { "predicate": {"custom_model_data": 9001623}, "model": "tac/chair/carpet/normal/light_blue"},
        { "predicate": {"custom_model_data": 9001624}, "model": "tac/chair/carpet/normal/yellow"},
        { "predicate": {"custom_model_data": 9001625}, "model": "tac/chair/carpet/normal/lime"},
        { "predicate": {"custom_model_data": 9001626}, "model": "tac/chair/carpet/normal/pink"},
        { "predicate": {"custom_model_data": 9001627}, "model": "tac/chair/carpet/normal/gray"},
        { "predicate": {"custom_model_data": 9001628}, "model": "tac/chair/carpet/normal/light_gray"},
        { "predicate": {"custom_model_data": 9001629}, "model": "tac/chair/carpet/normal/cyan"},
        { "predicate": {"custom_model_data": 9001630}, "model": "tac/chair/carpet/normal/purple"},
        { "predicate": {"custom_model_data": 9001631}, "model": "tac/chair/carpet/normal/blue"},
        { "predicate": {"custom_model_data": 9001632}, "model": "tac/chair/carpet/normal/brown"},
        { "predicate": {"custom_model_data": 9001633}, "model": "tac/chair/carpet/normal/green"},
        { "predicate": {"custom_model_data": 9001634}, "model": "tac/chair/carpet/normal/red"},
        { "predicate": {"custom_model_data": 9001635}, "model": "tac/chair/carpet/normal/black"},

        { "predicate": {"custom_model_data": 9001640}, "model": "tac/chair/carpet/armchair/white"},
        { "predicate": {"custom_model_data": 9001641}, "model": "tac/chair/carpet/armchair/orange"},
        { "predicate": {"custom_model_data": 9001642}, "model": "tac/chair/carpet/armchair/magenta"},
        { "predicate": {"custom_model_data": 9001643}, "model": "tac/chair/carpet/armchair/light_blue"},
        { "predicate": {"custom_model_data": 9001644}, "model": "tac/chair/carpet/armchair/yellow"},
        { "predicate": {"custom_model_data": 9001645}, "model": "tac/chair/carpet/armchair/lime"},
        { "predicate": {"custom_model_data": 9001646}, "model": "tac/chair/carpet/armchair/pink"},
        { "predicate": {"custom_model_data": 9001647}, "model": "tac/chair/carpet/armchair/gray"},
        { "predicate": {"custom_model_data": 9001648}, "model": "tac/chair/carpet/armchair/light_gray"},
        { "predicate": {"custom_model_data": 9001649}, "model": "tac/chair/carpet/armchair/cyan"},
        { "predicate": {"custom_model_data": 9001650}, "model": "tac/chair/carpet/armchair/purple"},
        { "predicate": {"custom_model_data": 9001651}, "model": "tac/chair/carpet/armchair/blue"},
        { "predicate": {"custom_model_data": 9001652}, "model": "tac/chair/carpet/armchair/brown"},
        { "predicate": {"custom_model_data": 9001653}, "model": "tac/chair/carpet/armchair/green"},
        { "predicate": {"custom_model_data": 9001654}, "model": "tac/chair/carpet/armchair/red"},
        { "predicate": {"custom_model_data": 9001655}, "model": "tac/chair/carpet/armchair/black"},

        { "predicate": {"custom_model_data": 9001660}, "model": "tac/chair/carpet/armchair_2/white"},
        { "predicate": {"custom_model_data": 9001661}, "model": "tac/chair/carpet/armchair_2/orange"},
        { "predicate": {"custom_model_data": 9001662}, "model": "tac/chair/carpet/armchair_2/magenta"},
        { "predicate": {"custom_model_data": 9001663}, "model": "tac/chair/carpet/armchair_2/light_blue"},
        { "predicate": {"custom_model_data": 9001664}, "model": "tac/chair/carpet/armchair_2/yellow"},
        { "predicate": {"custom_model_data": 9001665}, "model": "tac/chair/carpet/armchair_2/lime"},
        { "predicate": {"custom_model_data": 9001666}, "model": "tac/chair/carpet/armchair_2/pink"},
        { "predicate": {"custom_model_data": 9001667}, "model": "tac/chair/carpet/armchair_2/gray"},
        { "predicate": {"custom_model_data": 9001668}, "model": "tac/chair/carpet/armchair_2/light_gray"},
        { "predicate": {"custom_model_data": 9001669}, "model": "tac/chair/carpet/armchair_2/cyan"},
        { "predicate": {"custom_model_data": 9001670}, "model": "tac/chair/carpet/armchair_2/purple"},
        { "predicate": {"custom_model_data": 9001671}, "model": "tac/chair/carpet/armchair_2/blue"},
        { "predicate": {"custom_model_data": 9001672}, "model": "tac/chair/carpet/armchair_2/brown"},
        { "predicate": {"custom_model_data": 9001673}, "model": "tac/chair/carpet/armchair_2/green"},
        { "predicate": {"custom_model_data": 9001674}, "model": "tac/chair/carpet/armchair_2/red"},
        { "predicate": {"custom_model_data": 9001675}, "model": "tac/chair/carpet/armchair_2/black"},

        { "predicate": {"custom_model_data": 9001700}, "model": "tac/chair/carpet/throne_1/white"},
        { "predicate": {"custom_model_data": 9001701}, "model": "tac/chair/carpet/throne_1/orange"},
        { "predicate": {"custom_model_data": 9001702}, "model": "tac/chair/carpet/throne_1/magenta"},
        { "predicate": {"custom_model_data": 9001703}, "model": "tac/chair/carpet/throne_1/light_blue"},
        { "predicate": {"custom_model_data": 9001704}, "model": "tac/chair/carpet/throne_1/yellow"},
        { "predicate": {"custom_model_data": 9001705}, "model": "tac/chair/carpet/throne_1/lime"},
        { "predicate": {"custom_model_data": 9001706}, "model": "tac/chair/carpet/throne_1/pink"},
        { "predicate": {"custom_model_data": 9001707}, "model": "tac/chair/carpet/throne_1/gray"},
        { "predicate": {"custom_model_data": 9001708}, "model": "tac/chair/carpet/throne_1/light_gray"},
        { "predicate": {"custom_model_data": 9001709}, "model": "tac/chair/carpet/throne_1/cyan"},
        { "predicate": {"custom_model_data": 9001710}, "model": "tac/chair/carpet/throne_1/purple"},
        { "predicate": {"custom_model_data": 9001711}, "model": "tac/chair/carpet/throne_1/blue"},
        { "predicate": {"custom_model_data": 9001712}, "model": "tac/chair/carpet/throne_1/brown"},
        { "predicate": {"custom_model_data": 9001713}, "model": "tac/chair/carpet/throne_1/green"},
        { "predicate": {"custom_model_data": 9001714}, "model": "tac/chair/carpet/throne_1/red"},
        { "predicate": {"custom_model_data": 9001715}, "model": "tac/chair/carpet/throne_1/black"},
        
        { "predicate": {"custom_model_data": 9001720}, "model": "tac/chair/carpet/throne_2/white"},
        { "predicate": {"custom_model_data": 9001721}, "model": "tac/chair/carpet/throne_2/orange"},
        { "predicate": {"custom_model_data": 9001722}, "model": "tac/chair/carpet/throne_2/magenta"},
        { "predicate": {"custom_model_data": 9001723}, "model": "tac/chair/carpet/throne_2/light_blue"},
        { "predicate": {"custom_model_data": 9001724}, "model": "tac/chair/carpet/throne_2/yellow"},
        { "predicate": {"custom_model_data": 9001725}, "model": "tac/chair/carpet/throne_2/lime"},
        { "predicate": {"custom_model_data": 9001726}, "model": "tac/chair/carpet/throne_2/pink"},
        { "predicate": {"custom_model_data": 9001727}, "model": "tac/chair/carpet/throne_2/gray"},
        { "predicate": {"custom_model_data": 9001728}, "model": "tac/chair/carpet/throne_2/light_gray"},
        { "predicate": {"custom_model_data": 9001729}, "model": "tac/chair/carpet/throne_2/cyan"},
        { "predicate": {"custom_model_data": 9001730}, "model": "tac/chair/carpet/throne_2/purple"},
        { "predicate": {"custom_model_data": 9001731}, "model": "tac/chair/carpet/throne_2/blue"},
        { "predicate": {"custom_model_data": 9001732}, "model": "tac/chair/carpet/throne_2/brown"},
        { "predicate": {"custom_model_data": 9001733}, "model": "tac/chair/carpet/throne_2/green"},
        { "predicate": {"custom_model_data": 9001734}, "model": "tac/chair/carpet/throne_2/red"},
        { "predicate": {"custom_model_data": 9001735}, "model": "tac/chair/carpet/throne_2/black"},

        { "predicate": {"custom_model_data": 9001800}, "model": "tac/bench/carpet/basic/1/white"},
        { "predicate": {"custom_model_data": 9001801}, "model": "tac/bench/carpet/basic/1/orange"},
        { "predicate": {"custom_model_data": 9001802}, "model": "tac/bench/carpet/basic/1/magenta"},
        { "predicate": {"custom_model_data": 9001803}, "model": "tac/bench/carpet/basic/1/light_blue"},
        { "predicate": {"custom_model_data": 9001804}, "model": "tac/bench/carpet/basic/1/yellow"},
        { "predicate": {"custom_model_data": 9001805}, "model": "tac/bench/carpet/basic/1/lime"},
        { "predicate": {"custom_model_data": 9001806}, "model": "tac/bench/carpet/basic/1/pink"},
        { "predicate": {"custom_model_data": 9001807}, "model": "tac/bench/carpet/basic/1/gray"},
        { "predicate": {"custom_model_data": 9001808}, "model": "tac/bench/carpet/basic/1/light_gray"},
        { "predicate": {"custom_model_data": 9001809}, "model": "tac/bench/carpet/basic/1/cyan"},
        { "predicate": {"custom_model_data": 9001810}, "model": "tac/bench/carpet/basic/1/purple"},
        { "predicate": {"custom_model_data": 9001811}, "model": "tac/bench/carpet/basic/1/blue"},
        { "predicate": {"custom_model_data": 9001812}, "model": "tac/bench/carpet/basic/1/brown"},
        { "predicate": {"custom_model_data": 9001813}, "model": "tac/bench/carpet/basic/1/green"},
        { "predicate": {"custom_model_data": 9001814}, "model": "tac/bench/carpet/basic/1/red"},
        { "predicate": {"custom_model_data": 9001815}, "model": "tac/bench/carpet/basic/1/black"},

        
        { "predicate": {"custom_model_data": 9002000}, "model": "tac/table/top/oak"},
        { "predicate": {"custom_model_data": 9002001}, "model": "tac/table/oak/basic_1/1"},
        { "predicate": {"custom_model_data": 9002002}, "model": "tac/table/oak/basic_1/2"},
        { "predicate": {"custom_model_data": 9002003}, "model": "tac/table/oak/basic_1/3"},        
        { "predicate": {"custom_model_data": 9002004}, "model": "tac/table/empty"},
        { "predicate": {"custom_model_data": 9002009}, "model": "tac/table/oak/basic_1/full"},
        { "predicate": {"custom_model_data": 9002011}, "model": "tac/table/oak/basic_2/1"},
        { "predicate": {"custom_model_data": 9002012}, "model": "tac/table/oak/basic_2/2"},
        { "predicate": {"custom_model_data": 9002013}, "model": "tac/table/oak/basic_2/3"},
        { "predicate": {"custom_model_data": 9002014}, "model": "tac/table/oak/basic_2/4"},
        { "predicate": {"custom_model_data": 9002014}, "model": "tac/table/empty"},
        { "predicate": {"custom_model_data": 9002019}, "model": "tac/table/oak/basic_2/full"},

        { "predicate": {"custom_model_data": 9002100}, "model": "tac/table/top/spruce"},
        { "predicate": {"custom_model_data": 9002101}, "model": "tac/table/spruce/basic_1/1"},
        { "predicate": {"custom_model_data": 9002102}, "model": "tac/table/spruce/basic_1/2"},
        { "predicate": {"custom_model_data": 9002103}, "model": "tac/table/spruce/basic_1/3"},        
        { "predicate": {"custom_model_data": 9002104}, "model": "tac/table/empty"},
        { "predicate": {"custom_model_data": 9002109}, "model": "tac/table/spruce/basic_1/full"},
        { "predicate": {"custom_model_data": 9002111}, "model": "tac/table/spruce/basic_2/1"},
        { "predicate": {"custom_model_data": 9002112}, "model": "tac/table/spruce/basic_2/2"},
        { "predicate": {"custom_model_data": 9002113}, "model": "tac/table/spruce/basic_2/3"},
        { "predicate": {"custom_model_data": 9002114}, "model": "tac/table/spruce/basic_2/4"},
        { "predicate": {"custom_model_data": 9002114}, "model": "tac/table/empty"},
        { "predicate": {"custom_model_data": 9002119}, "model": "tac/table/spruce/basic_2/full"},
        { "predicate": {"custom_model_data": 9002121}, "model": "tac/table/spruce/carved_1/1"},
        { "predicate": {"custom_model_data": 9002122}, "model": "tac/table/spruce/carved_1/2"},
        { "predicate": {"custom_model_data": 9002123}, "model": "tac/table/spruce/carved_1/3"},        
        { "predicate": {"custom_model_data": 9002124}, "model": "tac/table/empty"},
        { "predicate": {"custom_model_data": 9002129}, "model": "tac/table/spruce/carved_1/full"},
        { "predicate": {"custom_model_data": 9002131}, "model": "tac/table/spruce/carved_2/1"},
        { "predicate": {"custom_model_data": 9002132}, "model": "tac/table/spruce/carved_2/2"},
        { "predicate": {"custom_model_data": 9002133}, "model": "tac/table/spruce/carved_2/3"},        
        { "predicate": {"custom_model_data": 9002134}, "model": "tac/table/empty"},
        { "predicate": {"custom_model_data": 9002139}, "model": "tac/table/spruce/carved_2/full"},

        { "predicate": {"custom_model_data": 9002200}, "model": "tac/table/top/birch"},
        { "predicate": {"custom_model_data": 9002201}, "model": "tac/table/birch/basic_1/1"},
        { "predicate": {"custom_model_data": 9002202}, "model": "tac/table/birch/basic_1/2"},
        { "predicate": {"custom_model_data": 9002203}, "model": "tac/table/birch/basic_1/3"},        
        { "predicate": {"custom_model_data": 9002204}, "model": "tac/table/empty"},
        { "predicate": {"custom_model_data": 9002209}, "model": "tac/table/birch/basic_1/full"},
        { "predicate": {"custom_model_data": 9002211}, "model": "tac/table/birch/basic_2/1"},
        { "predicate": {"custom_model_data": 9002212}, "model": "tac/table/birch/basic_2/2"},
        { "predicate": {"custom_model_data": 9002213}, "model": "tac/table/birch/basic_2/3"},
        { "predicate": {"custom_model_data": 9002214}, "model": "tac/table/birch/basic_2/4"},
        { "predicate": {"custom_model_data": 9002214}, "model": "tac/table/empty"},
        { "predicate": {"custom_model_data": 9002219}, "model": "tac/table/birch/basic_2/full"},
        { "predicate": {"custom_model_data": 9002221}, "model": "tac/table/birch/carved_1/1"},
        { "predicate": {"custom_model_data": 9002222}, "model": "tac/table/birch/carved_1/2"},
        { "predicate": {"custom_model_data": 9002223}, "model": "tac/table/birch/carved_1/3"},        
        { "predicate": {"custom_model_data": 9002224}, "model": "tac/table/empty"},
        { "predicate": {"custom_model_data": 9002229}, "model": "tac/table/birch/carved_1/full"},
        { "predicate": {"custom_model_data": 9002231}, "model": "tac/table/birch/carved_2/1"},
        { "predicate": {"custom_model_data": 9002232}, "model": "tac/table/birch/carved_2/2"},
        { "predicate": {"custom_model_data": 9002233}, "model": "tac/table/birch/carved_2/3"},        
        { "predicate": {"custom_model_data": 9002234}, "model": "tac/table/empty"},
        { "predicate": {"custom_model_data": 9002239}, "model": "tac/table/birch/carved_2/full"},
        
        { "predicate": {"custom_model_data": 9002300}, "model": "tac/table/top/jungle"},
        { "predicate": {"custom_model_data": 9002301}, "model": "tac/table/jungle/basic_1/1"},
        { "predicate": {"custom_model_data": 9002302}, "model": "tac/table/jungle/basic_1/2"},
        { "predicate": {"custom_model_data": 9002303}, "model": "tac/table/jungle/basic_1/3"},        
        { "predicate": {"custom_model_data": 9002304}, "model": "tac/table/empty"},
        { "predicate": {"custom_model_data": 9002309}, "model": "tac/table/jungle/basic_1/full"},
        { "predicate": {"custom_model_data": 9002311}, "model": "tac/table/jungle/basic_2/1"},
        { "predicate": {"custom_model_data": 9002312}, "model": "tac/table/jungle/basic_2/2"},
        { "predicate": {"custom_model_data": 9002313}, "model": "tac/table/jungle/basic_2/3"},
        { "predicate": {"custom_model_data": 9002314}, "model": "tac/table/jungle/basic_2/4"},
        { "predicate": {"custom_model_data": 9002314}, "model": "tac/table/empty"},
        { "predicate": {"custom_model_data": 9002319}, "model": "tac/table/jungle/basic_2/full"},
        { "predicate": {"custom_model_data": 9002321}, "model": "tac/table/jungle/carved_1/1"},
        { "predicate": {"custom_model_data": 9002322}, "model": "tac/table/jungle/carved_1/2"},
        { "predicate": {"custom_model_data": 9002323}, "model": "tac/table/jungle/carved_1/3"},        
        { "predicate": {"custom_model_data": 9002324}, "model": "tac/table/jungle/carved_1/empty"},
        { "predicate": {"custom_model_data": 9002329}, "model": "tac/table/jungle/carved_1/full"},
        { "predicate": {"custom_model_data": 9002331}, "model": "tac/table/jungle/carved_2/1"},
        { "predicate": {"custom_model_data": 9002332}, "model": "tac/table/jungle/carved_2/2"},
        { "predicate": {"custom_model_data": 9002333}, "model": "tac/table/jungle/carved_2/3"},        
        { "predicate": {"custom_model_data": 9002334}, "model": "tac/table/empty"},
        { "predicate": {"custom_model_data": 9002339}, "model": "tac/table/jungle/carved_2/full"},
        
        { "predicate": {"custom_model_data": 9002400}, "model": "tac/table/top/acacia"},
        { "predicate": {"custom_model_data": 9002401}, "model": "tac/table/acacia/basic_1/1"},
        { "predicate": {"custom_model_data": 9002402}, "model": "tac/table/acacia/basic_1/2"},
        { "predicate": {"custom_model_data": 9002403}, "model": "tac/table/acacia/basic_1/3"},        
        { "predicate": {"custom_model_data": 9002404}, "model": "tac/table/empty"},
        { "predicate": {"custom_model_data": 9002409}, "model": "tac/table/acacia/basic_1/full"},
        { "predicate": {"custom_model_data": 9002411}, "model": "tac/table/acacia/basic_2/1"},
        { "predicate": {"custom_model_data": 9002412}, "model": "tac/table/acacia/basic_2/2"},
        { "predicate": {"custom_model_data": 9002413}, "model": "tac/table/acacia/basic_2/3"},
        { "predicate": {"custom_model_data": 9002414}, "model": "tac/table/acacia/basic_2/4"},
        { "predicate": {"custom_model_data": 9002414}, "model": "tac/table/empty"},
        { "predicate": {"custom_model_data": 9002419}, "model": "tac/table/acacia/basic_2/full"},
        { "predicate": {"custom_model_data": 9002421}, "model": "tac/table/acacia/carved_1/1"},
        { "predicate": {"custom_model_data": 9002422}, "model": "tac/table/acacia/carved_1/2"},
        { "predicate": {"custom_model_data": 9002423}, "model": "tac/table/acacia/carved_1/3"},        
        { "predicate": {"custom_model_data": 9002424}, "model": "tac/table/acacia/carved_1/empty_1"},
        { "predicate": {"custom_model_data": 9002429}, "model": "tac/table/acacia/carved_1/full"},
        { "predicate": {"custom_model_data": 9002431}, "model": "tac/table/acacia/carved_2/1"},
        { "predicate": {"custom_model_data": 9002432}, "model": "tac/table/acacia/carved_2/2"},
        { "predicate": {"custom_model_data": 9002433}, "model": "tac/table/acacia/carved_2/3"},        
        { "predicate": {"custom_model_data": 9002434}, "model": "tac/table/empty"},
        { "predicate": {"custom_model_data": 9002439}, "model": "tac/table/acacia/carved_2/full"},
        
        { "predicate": {"custom_model_data": 9002500}, "model": "tac/table/top/dark_oak"},
        { "predicate": {"custom_model_data": 9002501}, "model": "tac/table/dark_oak/basic_1/1"},
        { "predicate": {"custom_model_data": 9002502}, "model": "tac/table/dark_oak/basic_1/2"},
        { "predicate": {"custom_model_data": 9002503}, "model": "tac/table/dark_oak/basic_1/3"},        
        { "predicate": {"custom_model_data": 9002504}, "model": "tac/table/empty"},
        { "predicate": {"custom_model_data": 9002509}, "model": "tac/table/dark_oak/basic_1/full"},
        { "predicate": {"custom_model_data": 9002511}, "model": "tac/table/dark_oak/basic_2/1"},
        { "predicate": {"custom_model_data": 9002512}, "model": "tac/table/dark_oak/basic_2/2"},
        { "predicate": {"custom_model_data": 9002513}, "model": "tac/table/dark_oak/basic_2/3"},
        { "predicate": {"custom_model_data": 9002514}, "model": "tac/table/dark_oak/basic_2/4"},
        { "predicate": {"custom_model_data": 9002514}, "model": "tac/table/empty"},
        { "predicate": {"custom_model_data": 9002519}, "model": "tac/table/dark_oak/basic_2/full"},
        { "predicate": {"custom_model_data": 9002521}, "model": "tac/table/dark_oak/carved_1/1"},
        { "predicate": {"custom_model_data": 9002522}, "model": "tac/table/dark_oak/carved_1/2"},
        { "predicate": {"custom_model_data": 9002523}, "model": "tac/table/dark_oak/carved_1/3"},        
        { "predicate": {"custom_model_data": 9002524}, "model": "tac/table/empty"},
        { "predicate": {"custom_model_data": 9002529}, "model": "tac/table/dark_oak/carved_1/full"},
        { "predicate": {"custom_model_data": 9002531}, "model": "tac/table/dark_oak/carved_2/1"},
        { "predicate": {"custom_model_data": 9002532}, "model": "tac/table/dark_oak/carved_2/2"},
        { "predicate": {"custom_model_data": 9002533}, "model": "tac/table/dark_oak/carved_2/3"},        
        { "predicate": {"custom_model_data": 9002534}, "model": "tac/table/empty"},
        { "predicate": {"custom_model_data": 9002539}, "model": "tac/table/dark_oak/carved_2/full"},
      
        { "predicate": {"custom_model_data": 9002600}, "model": "tac/table/top/crimson"},
        { "predicate": {"custom_model_data": 9002601}, "model": "tac/table/crimson/basic_1/1"},
        { "predicate": {"custom_model_data": 9002602}, "model": "tac/table/crimson/basic_1/2"},
        { "predicate": {"custom_model_data": 9002603}, "model": "tac/table/crimson/basic_1/3"},        
        { "predicate": {"custom_model_data": 9002604}, "model": "tac/table/empty"},
        { "predicate": {"custom_model_data": 9002609}, "model": "tac/table/crimson/basic_1/full"},
        { "predicate": {"custom_model_data": 9002611}, "model": "tac/table/crimson/basic_2/1"},
        { "predicate": {"custom_model_data": 9002612}, "model": "tac/table/crimson/basic_2/2"},
        { "predicate": {"custom_model_data": 9002613}, "model": "tac/table/crimson/basic_2/3"},
        { "predicate": {"custom_model_data": 9002614}, "model": "tac/table/crimson/basic_2/4"},
        { "predicate": {"custom_model_data": 9002614}, "model": "tac/table/empty"},
        { "predicate": {"custom_model_data": 9002619}, "model": "tac/table/crimson/basic_2/full"},
        { "predicate": {"custom_model_data": 9002621}, "model": "tac/table/crimson/carved_1/1"},
        { "predicate": {"custom_model_data": 9002622}, "model": "tac/table/crimson/carved_1/2"},
        { "predicate": {"custom_model_data": 9002623}, "model": "tac/table/crimson/carved_1/3"},        
        { "predicate": {"custom_model_data": 9002624}, "model": "tac/table/crimson/carved_1/empty_1"},
        { "predicate": {"custom_model_data": 9002629}, "model": "tac/table/crimson/carved_1/full"},
        { "predicate": {"custom_model_data": 9002631}, "model": "tac/table/crimson/carved_2/1"},
        { "predicate": {"custom_model_data": 9002632}, "model": "tac/table/crimson/carved_2/2"},
        { "predicate": {"custom_model_data": 9002633}, "model": "tac/table/crimson/carved_2/3"},        
        { "predicate": {"custom_model_data": 9002634}, "model": "tac/table/empty"},
        { "predicate": {"custom_model_data": 9002639}, "model": "tac/table/crimson/carved_2/full"},
        
        { "predicate": {"custom_model_data": 9002700}, "model": "tac/table/top/warped"},
        { "predicate": {"custom_model_data": 9002701}, "model": "tac/table/warped/basic_1/1"},
        { "predicate": {"custom_model_data": 9002702}, "model": "tac/table/warped/basic_1/2"},
        { "predicate": {"custom_model_data": 9002703}, "model": "tac/table/warped/basic_1/3"},        
        { "predicate": {"custom_model_data": 9002704}, "model": "tac/table/empty"},
        { "predicate": {"custom_model_data": 9002709}, "model": "tac/table/warped/basic_1/full"},
        { "predicate": {"custom_model_data": 9002711}, "model": "tac/table/warped/basic_2/1"},
        { "predicate": {"custom_model_data": 9002712}, "model": "tac/table/warped/basic_2/2"},
        { "predicate": {"custom_model_data": 9002713}, "model": "tac/table/warped/basic_2/3"},
        { "predicate": {"custom_model_data": 9002714}, "model": "tac/table/warped/basic_2/4"},
        { "predicate": {"custom_model_data": 9002714}, "model": "tac/table/empty"},
        { "predicate": {"custom_model_data": 9002719}, "model": "tac/table/warped/basic_2/full"},
        { "predicate": {"custom_model_data": 9002721}, "model": "tac/table/warped/carved_1/1"},
        { "predicate": {"custom_model_data": 9002722}, "model": "tac/table/warped/carved_1/2"},
        { "predicate": {"custom_model_data": 9002723}, "model": "tac/table/warped/carved_1/3"},        
        { "predicate": {"custom_model_data": 9002724}, "model": "tac/table/warped/carved_1/empty_1"},
        { "predicate": {"custom_model_data": 9002729}, "model": "tac/table/warped/carved_1/full"},
        { "predicate": {"custom_model_data": 9002731}, "model": "tac/table/warped/carved_2/1"},
        { "predicate": {"custom_model_data": 9002732}, "model": "tac/table/warped/carved_2/2"},
        { "predicate": {"custom_model_data": 9002733}, "model": "tac/table/warped/carved_2/3"},        
        { "predicate": {"custom_model_data": 9002734}, "model": "tac/table/warped/carved_2/empty_1"},
        { "predicate": {"custom_model_data": 9002739}, "model": "tac/table/warped/carved_2/full"},
         
        { "predicate": {"custom_model_data": 9002800}, "model": "tac/table/top/mangrove"},
        { "predicate": {"custom_model_data": 9002801}, "model": "tac/table/mangrove/basic_1/1"},
        { "predicate": {"custom_model_data": 9002802}, "model": "tac/table/mangrove/basic_1/2"},
        { "predicate": {"custom_model_data": 9002803}, "model": "tac/table/mangrove/basic_1/3"},        
        { "predicate": {"custom_model_data": 9002804}, "model": "tac/table/empty"},
        { "predicate": {"custom_model_data": 9002809}, "model": "tac/table/mangrove/basic_1/full"},
        { "predicate": {"custom_model_data": 9002811}, "model": "tac/table/mangrove/basic_2/1"},
        { "predicate": {"custom_model_data": 9002812}, "model": "tac/table/mangrove/basic_2/2"},
        { "predicate": {"custom_model_data": 9002813}, "model": "tac/table/mangrove/basic_2/3"},
        { "predicate": {"custom_model_data": 9002814}, "model": "tac/table/mangrove/basic_2/4"},
        { "predicate": {"custom_model_data": 9002814}, "model": "tac/table/empty"},
        { "predicate": {"custom_model_data": 9002819}, "model": "tac/table/mangrove/basic_2/full"},
        { "predicate": {"custom_model_data": 9002821}, "model": "tac/table/mangrove/carved_1/1"},
        { "predicate": {"custom_model_data": 9002822}, "model": "tac/table/mangrove/carved_1/2"},
        { "predicate": {"custom_model_data": 9002823}, "model": "tac/table/mangrove/carved_1/3"},        
        { "predicate": {"custom_model_data": 9002824}, "model": "tac/table/mangrove/carved_1/empty"},
        { "predicate": {"custom_model_data": 9002829}, "model": "tac/table/mangrove/carved_1/full"},
        { "predicate": {"custom_model_data": 9002831}, "model": "tac/table/mangrove/carved_2/1"},
        { "predicate": {"custom_model_data": 9002832}, "model": "tac/table/mangrove/carved_2/2"},
        { "predicate": {"custom_model_data": 9002833}, "model": "tac/table/mangrove/carved_2/3"},        
        { "predicate": {"custom_model_data": 9002834}, "model": "tac/table/empty"},
        { "predicate": {"custom_model_data": 9002839}, "model": "tac/table/mangrove/carved_2/full"},
        
        { "predicate": {"custom_model_data": 9002900}, "model": "tac/table/top/cherry"},
        { "predicate": {"custom_model_data": 9002901}, "model": "tac/table/cherry/basic_1/1"},
        { "predicate": {"custom_model_data": 9002902}, "model": "tac/table/cherry/basic_1/2"},
        { "predicate": {"custom_model_data": 9002903}, "model": "tac/table/cherry/basic_1/3"},        
        { "predicate": {"custom_model_data": 9002904}, "model": "tac/table/empty"},
        { "predicate": {"custom_model_data": 9002909}, "model": "tac/table/cherry/basic_1/full"},
        { "predicate": {"custom_model_data": 9002911}, "model": "tac/table/cherry/basic_2/1"},
        { "predicate": {"custom_model_data": 9002912}, "model": "tac/table/cherry/basic_2/2"},
        { "predicate": {"custom_model_data": 9002913}, "model": "tac/table/cherry/basic_2/3"},
        { "predicate": {"custom_model_data": 9002914}, "model": "tac/table/cherry/basic_2/4"},
        { "predicate": {"custom_model_data": 9002914}, "model": "tac/table/empty"},
        { "predicate": {"custom_model_data": 9002919}, "model": "tac/table/cherry/basic_2/full"},
        { "predicate": {"custom_model_data": 9002921}, "model": "tac/table/cherry/carved_1/1"},
        { "predicate": {"custom_model_data": 9002922}, "model": "tac/table/cherry/carved_1/2"},
        { "predicate": {"custom_model_data": 9002923}, "model": "tac/table/cherry/carved_1/3"},        
        { "predicate": {"custom_model_data": 9002924}, "model": "tac/table/cherry/carved_1/empty_top"},
        { "predicate": {"custom_model_data": 9002929}, "model": "tac/table/cherry/carved_1/full"},
        { "predicate": {"custom_model_data": 9002931}, "model": "tac/table/cherry/carved_2/1"},
        { "predicate": {"custom_model_data": 9002932}, "model": "tac/table/cherry/carved_2/2"},
        { "predicate": {"custom_model_data": 9002933}, "model": "tac/table/cherry/carved_2/3"},        
        { "predicate": {"custom_model_data": 9002934}, "model": "tac/table/empty"},
        { "predicate": {"custom_model_data": 9002939}, "model": "tac/table/cherry/carved_2/full"},

        { "predicate": {"custom_model_data": 9003000}, "model": "tac/table/top/bamboo"},
        { "predicate": {"custom_model_data": 9003001}, "model": "tac/table/bamboo/basic_1/1"},
        { "predicate": {"custom_model_data": 9003002}, "model": "tac/table/bamboo/basic_1/2"},
        { "predicate": {"custom_model_data": 9003003}, "model": "tac/table/bamboo/basic_1/3"},        
        { "predicate": {"custom_model_data": 9003004}, "model": "tac/table/empty"},
        { "predicate": {"custom_model_data": 9003009}, "model": "tac/table/bamboo/basic_1/full"},
        { "predicate": {"custom_model_data": 9003011}, "model": "tac/table/bamboo/basic_2/1"},
        { "predicate": {"custom_model_data": 9003012}, "model": "tac/table/bamboo/basic_2/2"},
        { "predicate": {"custom_model_data": 9003013}, "model": "tac/table/bamboo/basic_2/3"},
        { "predicate": {"custom_model_data": 9003014}, "model": "tac/table/bamboo/basic_2/4"},
        { "predicate": {"custom_model_data": 9003014}, "model": "tac/table/empty"},
        { "predicate": {"custom_model_data": 9003019}, "model": "tac/table/bamboo/basic_2/full"},
        { "predicate": {"custom_model_data": 9003021}, "model": "tac/table/bamboo/carved_1/1"},
        { "predicate": {"custom_model_data": 9003022}, "model": "tac/table/bamboo/carved_1/2"},
        { "predicate": {"custom_model_data": 9003023}, "model": "tac/table/bamboo/carved_1/3"},        
        { "predicate": {"custom_model_data": 9003024}, "model": "tac/table/bamboo/carved_1/empty"},
        { "predicate": {"custom_model_data": 9003029}, "model": "tac/table/bamboo/carved_1/full"},
        { "predicate": {"custom_model_data": 9003031}, "model": "tac/table/bamboo/carved_2/1"},
        { "predicate": {"custom_model_data": 9003032}, "model": "tac/table/bamboo/carved_2/2"},
        { "predicate": {"custom_model_data": 9003033}, "model": "tac/table/bamboo/carved_2/3"},        
        { "predicate": {"custom_model_data": 9003034}, "model": "tac/table/bamboo/carved_2/empty"},
        { "predicate": {"custom_model_data": 9003039}, "model": "tac/table/bamboo/carved_2/full"},


        { "predicate": {"custom_model_data": 9004000}, "model": "tac/table/top/stone_brick"},
        { "predicate": {"custom_model_data": 9004001}, "model": "tac/table/stone_brick/basic_1/1"},
        { "predicate": {"custom_model_data": 9004002}, "model": "tac/table/stone_brick/basic_1/2"},
        { "predicate": {"custom_model_data": 9004003}, "model": "tac/table/stone_brick/basic_1/3"},        
        { "predicate": {"custom_model_data": 9004004}, "model": "tac/table/empty"},
        { "predicate": {"custom_model_data": 9004009}, "model": "tac/table/stone_brick/basic_1/full"},
        { "predicate": {"custom_model_data": 9004011}, "model": "tac/table/stone_brick/basic_2/1"},
        { "predicate": {"custom_model_data": 9004012}, "model": "tac/table/stone_brick/basic_2/2"},
        { "predicate": {"custom_model_data": 9004013}, "model": "tac/table/stone_brick/basic_2/3"},
        { "predicate": {"custom_model_data": 9004014}, "model": "tac/table/empty"},
        { "predicate": {"custom_model_data": 9004019}, "model": "tac/table/stone_brick/basic_2/full"},
        { "predicate": {"custom_model_data": 9004021}, "model": "tac/table/stone_brick/carved_1/1"},
        { "predicate": {"custom_model_data": 9004022}, "model": "tac/table/stone_brick/carved_1/2"},
        { "predicate": {"custom_model_data": 9004023}, "model": "tac/table/stone_brick/carved_1/3"},        
        { "predicate": {"custom_model_data": 9004024}, "model": "tac/table/stone_brick/carved_1/empty"},
        { "predicate": {"custom_model_data": 9004029}, "model": "tac/table/stone_brick/carved_1/full"},
        { "predicate": {"custom_model_data": 9004031}, "model": "tac/table/stone_brick/carved_2/1"},
        { "predicate": {"custom_model_data": 9004032}, "model": "tac/table/stone_brick/carved_2/2"},
        { "predicate": {"custom_model_data": 9004033}, "model": "tac/table/stone_brick/carved_2/3"},        
        { "predicate": {"custom_model_data": 9004034}, "model": "tac/table/stone_brick/carved_2/empty"},
        { "predicate": {"custom_model_data": 9004039}, "model": "tac/table/stone_brick/carved_2/full"},

        { "predicate": {"custom_model_data": 9004100}, "model": "tac/table/top/deepslate_brick"},
        { "predicate": {"custom_model_data": 9004101}, "model": "tac/table/deepslate_brick/basic_1/1"},
        { "predicate": {"custom_model_data": 9004102}, "model": "tac/table/deepslate_brick/basic_1/2"},
        { "predicate": {"custom_model_data": 9004103}, "model": "tac/table/deepslate_brick/basic_1/3"},        
        { "predicate": {"custom_model_data": 9004104}, "model": "tac/table/empty"},
        { "predicate": {"custom_model_data": 9004109}, "model": "tac/table/deepslate_brick/basic_1/full"},
        { "predicate": {"custom_model_data": 9004111}, "model": "tac/table/deepslate_brick/basic_2/1"},
        { "predicate": {"custom_model_data": 9004112}, "model": "tac/table/deepslate_brick/basic_2/2"},
        { "predicate": {"custom_model_data": 9004113}, "model": "tac/table/deepslate_brick/basic_2/3"},
        { "predicate": {"custom_model_data": 9004114}, "model": "tac/table/empty"},
        { "predicate": {"custom_model_data": 9004119}, "model": "tac/table/deepslate_brick/basic_2/full"},
        { "predicate": {"custom_model_data": 9004121}, "model": "tac/table/deepslate_brick/carved_1/1"},
        { "predicate": {"custom_model_data": 9004122}, "model": "tac/table/deepslate_brick/carved_1/2"},
        { "predicate": {"custom_model_data": 9004123}, "model": "tac/table/deepslate_brick/carved_1/3"},        
        { "predicate": {"custom_model_data": 9004124}, "model": "tac/table/deepslate_brick/carved_1/empty"},
        { "predicate": {"custom_model_data": 9004129}, "model": "tac/table/deepslate_brick/carved_1/full"},
        { "predicate": {"custom_model_data": 9004131}, "model": "tac/table/deepslate_brick/carved_2/1"},
        { "predicate": {"custom_model_data": 9004132}, "model": "tac/table/deepslate_brick/carved_2/2"},
        { "predicate": {"custom_model_data": 9004133}, "model": "tac/table/deepslate_brick/carved_2/3"},        
        { "predicate": {"custom_model_data": 9004134}, "model": "tac/table/deepslate_brick/carved_2/empty"},
        { "predicate": {"custom_model_data": 9004139}, "model": "tac/table/deepslate_brick/carved_2/full"},

        { "predicate": {"custom_model_data": 9004200}, "model": "tac/table/top/blackstone_brick"},
        { "predicate": {"custom_model_data": 9004201}, "model": "tac/table/blackstone_brick/basic_1/1"},
        { "predicate": {"custom_model_data": 9004202}, "model": "tac/table/blackstone_brick/basic_1/2"},
        { "predicate": {"custom_model_data": 9004203}, "model": "tac/table/blackstone_brick/basic_1/3"},        
        { "predicate": {"custom_model_data": 9004204}, "model": "tac/table/empty"},
        { "predicate": {"custom_model_data": 9004209}, "model": "tac/table/blackstone_brick/basic_1/full"},
        { "predicate": {"custom_model_data": 9004211}, "model": "tac/table/blackstone_brick/basic_2/1"},
        { "predicate": {"custom_model_data": 9004212}, "model": "tac/table/blackstone_brick/basic_2/2"},
        { "predicate": {"custom_model_data": 9004213}, "model": "tac/table/blackstone_brick/basic_2/3"},
        { "predicate": {"custom_model_data": 9004214}, "model": "tac/table/empty"},
        { "predicate": {"custom_model_data": 9004219}, "model": "tac/table/blackstone_brick/basic_2/full"},
        { "predicate": {"custom_model_data": 9004221}, "model": "tac/table/blackstone_brick/carved_1/1"},
        { "predicate": {"custom_model_data": 9004222}, "model": "tac/table/blackstone_brick/carved_1/2"},
        { "predicate": {"custom_model_data": 9004223}, "model": "tac/table/blackstone_brick/carved_1/3"},        
        { "predicate": {"custom_model_data": 9004224}, "model": "tac/table/blackstone_brick/carved_1/empty"},
        { "predicate": {"custom_model_data": 9004229}, "model": "tac/table/blackstone_brick/carved_1/full"},
        { "predicate": {"custom_model_data": 9004231}, "model": "tac/table/blackstone_brick/carved_2/1"},
        { "predicate": {"custom_model_data": 9004232}, "model": "tac/table/blackstone_brick/carved_2/2"},
        { "predicate": {"custom_model_data": 9004233}, "model": "tac/table/blackstone_brick/carved_2/3"},        
        { "predicate": {"custom_model_data": 9004234}, "model": "tac/table/blackstone_brick/carved_2/empty"},
        { "predicate": {"custom_model_data": 9004239}, "model": "tac/table/blackstone_brick/carved_2/full"},

        { "predicate": {"custom_model_data": 9004300}, "model": "tac/table/top/endstone_brick"},
        { "predicate": {"custom_model_data": 9004301}, "model": "tac/table/endstone_brick/basic_1/1"},
        { "predicate": {"custom_model_data": 9004302}, "model": "tac/table/endstone_brick/basic_1/2"},
        { "predicate": {"custom_model_data": 9004303}, "model": "tac/table/endstone_brick/basic_1/3"},        
        { "predicate": {"custom_model_data": 9004304}, "model": "tac/table/empty"},
        { "predicate": {"custom_model_data": 9004309}, "model": "tac/table/endstone_brick/basic_1/full"},
        { "predicate": {"custom_model_data": 9004311}, "model": "tac/table/endstone_brick/basic_2/1"},
        { "predicate": {"custom_model_data": 9004312}, "model": "tac/table/endstone_brick/basic_2/2"},
        { "predicate": {"custom_model_data": 9004313}, "model": "tac/table/endstone_brick/basic_2/3"},
        { "predicate": {"custom_model_data": 9004314}, "model": "tac/table/empty"},
        { "predicate": {"custom_model_data": 9004319}, "model": "tac/table/endstone_brick/basic_2/full"},
        { "predicate": {"custom_model_data": 9004321}, "model": "tac/table/endstone_brick/carved_1/1"},
        { "predicate": {"custom_model_data": 9004322}, "model": "tac/table/endstone_brick/carved_1/2"},
        { "predicate": {"custom_model_data": 9004323}, "model": "tac/table/endstone_brick/carved_1/3"},        
        { "predicate": {"custom_model_data": 9004324}, "model": "tac/table/endstone_brick/carved_1/empty"},
        { "predicate": {"custom_model_data": 9004329}, "model": "tac/table/endstone_brick/carved_1/full"},
        { "predicate": {"custom_model_data": 9004331}, "model": "tac/table/endstone_brick/carved_2/1"},
        { "predicate": {"custom_model_data": 9004332}, "model": "tac/table/endstone_brick/carved_2/2"},
        { "predicate": {"custom_model_data": 9004333}, "model": "tac/table/endstone_brick/carved_2/3"},        
        { "predicate": {"custom_model_data": 9004334}, "model": "tac/table/endstone_brick/carved_2/empty"},
        { "predicate": {"custom_model_data": 9004339}, "model": "tac/table/endstone_brick/carved_2/full"},


        { "predicate": {"custom_model_data": 9005000}, "model": "tac/table/top/obsidian"},
        { "predicate": {"custom_model_data": 9005001}, "model": "tac/table/obsidian/basic_1/1"},
        { "predicate": {"custom_model_data": 9005002}, "model": "tac/table/obsidian/basic_1/2"},
        { "predicate": {"custom_model_data": 9005003}, "model": "tac/table/obsidian/basic_1/3"},        
        { "predicate": {"custom_model_data": 9005004}, "model": "tac/table/empty"},
        { "predicate": {"custom_model_data": 9005009}, "model": "tac/table/obsidian/basic_1/full"},
        { "predicate": {"custom_model_data": 9005011}, "model": "tac/table/obsidian/basic_2/1"},
        { "predicate": {"custom_model_data": 9005012}, "model": "tac/table/obsidian/basic_2/2"},
        { "predicate": {"custom_model_data": 9005013}, "model": "tac/table/obsidian/basic_2/3"},
        { "predicate": {"custom_model_data": 9005014}, "model": "tac/table/obsidian/basic_2/4"},
        { "predicate": {"custom_model_data": 9005014}, "model": "tac/table/empty"},
        { "predicate": {"custom_model_data": 9005019}, "model": "tac/table/obsidian/basic_2/full"},
        { "predicate": {"custom_model_data": 9005021}, "model": "tac/table/obsidian/carved_1/1"},
        { "predicate": {"custom_model_data": 9005022}, "model": "tac/table/obsidian/carved_1/2"},
        { "predicate": {"custom_model_data": 9005023}, "model": "tac/table/obsidian/carved_1/3"},        
        { "predicate": {"custom_model_data": 9005024}, "model": "tac/table/empty"},
        { "predicate": {"custom_model_data": 9005029}, "model": "tac/table/obsidian/carved_1/full"},
        { "predicate": {"custom_model_data": 9005031}, "model": "tac/table/obsidian/carved_2/1"},
        { "predicate": {"custom_model_data": 9005032}, "model": "tac/table/obsidian/carved_2/2"},
        { "predicate": {"custom_model_data": 9005033}, "model": "tac/table/obsidian/carved_2/3"},        
        { "predicate": {"custom_model_data": 9005034}, "model": "tac/table/empty"},
        { "predicate": {"custom_model_data": 9005039}, "model": "tac/table/obsidian/carved_2/full"},
        
        { "predicate": {"custom_model_data": 9005100}, "model": "tac/table/top/quartz"},
        { "predicate": {"custom_model_data": 9005101}, "model": "tac/table/quartz/basic_1/1"},
        { "predicate": {"custom_model_data": 9005102}, "model": "tac/table/quartz/basic_1/2"},
        { "predicate": {"custom_model_data": 9005103}, "model": "tac/table/quartz/basic_1/3"},        
        { "predicate": {"custom_model_data": 9005104}, "model": "tac/table/empty"},
        { "predicate": {"custom_model_data": 9005109}, "model": "tac/table/quartz/basic_1/full"},
        { "predicate": {"custom_model_data": 9005111}, "model": "tac/table/quartz/basic_2/1"},
        { "predicate": {"custom_model_data": 9005112}, "model": "tac/table/quartz/basic_2/2"},
        { "predicate": {"custom_model_data": 9005113}, "model": "tac/table/quartz/basic_2/3"},
        { "predicate": {"custom_model_data": 9005114}, "model": "tac/table/quartz/basic_2/4"},
        { "predicate": {"custom_model_data": 9005114}, "model": "tac/table/empty"},
        { "predicate": {"custom_model_data": 9005119}, "model": "tac/table/quartz/basic_2/full"},
        { "predicate": {"custom_model_data": 9005121}, "model": "tac/table/quartz/carved_1/1"},
        { "predicate": {"custom_model_data": 9005122}, "model": "tac/table/quartz/carved_1/2"},
        { "predicate": {"custom_model_data": 9005123}, "model": "tac/table/quartz/carved_1/3"},        
        { "predicate": {"custom_model_data": 9005124}, "model": "tac/table/quartz/carved_1/empty_1"},
        { "predicate": {"custom_model_data": 9005129}, "model": "tac/table/quartz/carved_1/full"},
        { "predicate": {"custom_model_data": 9005131}, "model": "tac/table/quartz/carved_2/1"},
        { "predicate": {"custom_model_data": 9005132}, "model": "tac/table/quartz/carved_2/2"},
        { "predicate": {"custom_model_data": 9005133}, "model": "tac/table/quartz/carved_2/3"},        
        { "predicate": {"custom_model_data": 9005134}, "model": "tac/table/quartz/carved_2/empty_1"},
        { "predicate": {"custom_model_data": 9005139}, "model": "tac/table/quartz/carved_2/full"},

        { "predicate": {"custom_model_data": 9005200}, "model": "tac/table/top/blackstone"},
        { "predicate": {"custom_model_data": 9005201}, "model": "tac/table/blackstone/basic_1/1"},
        { "predicate": {"custom_model_data": 9005202}, "model": "tac/table/blackstone/basic_1/2"},
        { "predicate": {"custom_model_data": 9005203}, "model": "tac/table/blackstone/basic_1/3"},        
        { "predicate": {"custom_model_data": 9005204}, "model": "tac/table/empty"},
        { "predicate": {"custom_model_data": 9005209}, "model": "tac/table/blackstone/basic_1/full"},
        { "predicate": {"custom_model_data": 9005211}, "model": "tac/table/blackstone/basic_2/1"},
        { "predicate": {"custom_model_data": 9005212}, "model": "tac/table/blackstone/basic_2/2"},
        { "predicate": {"custom_model_data": 9005213}, "model": "tac/table/blackstone/basic_2/3"},
        { "predicate": {"custom_model_data": 9005214}, "model": "tac/table/blackstone/basic_2/4"},
        { "predicate": {"custom_model_data": 9005214}, "model": "tac/table/empty"},
        { "predicate": {"custom_model_data": 9005219}, "model": "tac/table/blackstone/basic_2/full"},

        { "predicate": {"custom_model_data": 9006000}, "model": "tac/items/iron_candelabra"},
        { "predicate": {"custom_model_data": 9006001}, "model": "tac/items/gold_candelabra"},
        { "predicate": {"custom_model_data": 9006002}, "model": "tac/items/diamond_candelabra"},
        { "predicate": {"custom_model_data": 9006003}, "model": "tac/items/netherite_candelabra"},
        { "predicate": {"custom_model_data": 9006004}, "model": "tac/items/copper_candelabra"},

        { "predicate": {"custom_model_data": 9006020}, "model": "tac/items/inkwell"},
        { "predicate": {"custom_model_data": 9006021}, "model": "tac/items/inkquill"},
        { "predicate": {"custom_model_data": 9006022}, "model": "tac/items/paper"},

        { "predicate": {"custom_model_data": 9006100}, "model": "trophy/silverfish"},
        { "predicate": {"custom_model_data": 9006200}, "model": "trophy/creeper"},
        { "predicate": {"custom_model_data": 9006300}, "model": "trophy/enderman"},

        { "predicate": {"custom_model_data": 9006500}, "model": "tac/bench/basic/oak/0"},
        { "predicate": {"custom_model_data": 9006505}, "model": "tac/bench/basic/spruce/0"},
        { "predicate": {"custom_model_data": 9006510}, "model": "tac/bench/basic/birch/0"},
        { "predicate": {"custom_model_data": 9006515}, "model": "tac/bench/basic/jungle/0"},
        { "predicate": {"custom_model_data": 9006520}, "model": "tac/bench/basic/acacia/0"},
        { "predicate": {"custom_model_data": 9006525}, "model": "tac/bench/basic/dark_oak/0"},
        { "predicate": {"custom_model_data": 9006530}, "model": "tac/bench/basic/mangrove/0"},
        { "predicate": {"custom_model_data": 9006535}, "model": "tac/bench/basic/cherry/0"},
        { "predicate": {"custom_model_data": 9006540}, "model": "tac/bench/basic/bamboo/0"},
        { "predicate": {"custom_model_data": 9006545}, "model": "tac/bench/basic/crimson/0"},
        { "predicate": {"custom_model_data": 9006550}, "model": "tac/bench/basic/warped/0"},


        { "predicate": {"custom_model_data": 9006650}, "model": "tac/bench/couch/oak/0"},
        { "predicate": {"custom_model_data": 9006655}, "model": "tac/bench/couch/spruce/0"},
        { "predicate": {"custom_model_data": 9006660}, "model": "tac/bench/couch/birch/0"},
        { "predicate": {"custom_model_data": 9006665}, "model": "tac/bench/couch/jungle/0"},
        { "predicate": {"custom_model_data": 9006670}, "model": "tac/bench/couch/acacia/0"},
        { "predicate": {"custom_model_data": 9006675}, "model": "tac/bench/couch/dark_oak/0"},
        { "predicate": {"custom_model_data": 9006680}, "model": "tac/bench/couch/mangrove/0"},
        { "predicate": {"custom_model_data": 9006685}, "model": "tac/bench/couch/cherry/0"},
        { "predicate": {"custom_model_data": 9006690}, "model": "tac/bench/couch/bamboo/0"},
        { "predicate": {"custom_model_data": 9006695}, "model": "tac/bench/couch/crimson/0"},
        { "predicate": {"custom_model_data": 9006700}, "model": "tac/bench/couch/warped/0"},

        

            { "predicate": {"custom_model_data": 9008000}, "model": "bab/clocks/grand/oak/full"},
            { "predicate": {"custom_model_data": 9008004}, "model": "bab/clocks/hands/oak/pendulum"},

        { "predicate": {"custom_model_data": 9008000}, "model": "clocks/grand/oak/full_1"},
        { "predicate": {"custom_model_data": 9008001}, "model": "clocks/grand/spruce/full_1"},
        { "predicate": {"custom_model_data": 9008002}, "model": "clocks/grand/birch/full_1"},
        { "predicate": {"custom_model_data": 9008003}, "model": "clocks/grand/jungle/full_1"},
        { "predicate": {"custom_model_data": 9008004}, "model": "clocks/grand/acacia/full_1"},
        { "predicate": {"custom_model_data": 9008005}, "model": "clocks/grand/dark_oak/full_1"},
        { "predicate": {"custom_model_data": 9008006}, "model": "clocks/grand/mangrove/full_1"},
        { "predicate": {"custom_model_data": 9008007}, "model": "clocks/grand/cherry/full_1"},
        { "predicate": {"custom_model_data": 9008008}, "model": "clocks/grand/bamboo/full_1"},
        { "predicate": {"custom_model_data": 9008009}, "model": "clocks/grand/crimson/full_1"},
        { "predicate": {"custom_model_data": 9008010}, "model": "clocks/grand/warped/full_1"},


        { "predicate": {"custom_model_data": 9008901}, "model": "clocks/hands/minute"},
        { "predicate": {"custom_model_data": 9008902}, "model": "clocks/hands/hour"},
        { "predicate": {"custom_model_data": 9008903}, "model": "clocks/hands/pendulum"},

        
        { "predicate": {"custom_model_data": 9009999}, "model": "tac/chair/basic/oak"},

        { "predicate": {"custom_model_data": 9010000}, "model": "tac/bench/carpet/basic/0/white"},
        { "predicate": {"custom_model_data": 9010001}, "model": "tac/bench/carpet/basic/0/orange"},
        { "predicate": {"custom_model_data": 9010002}, "model": "tac/bench/carpet/basic/0/magenta"},
        { "predicate": {"custom_model_data": 9010003}, "model": "tac/bench/carpet/basic/0/light_blue"},
        { "predicate": {"custom_model_data": 9010004}, "model": "tac/bench/carpet/basic/0/yellow"},
        { "predicate": {"custom_model_data": 9010005}, "model": "tac/bench/carpet/basic/0/lime"},
        { "predicate": {"custom_model_data": 9010006}, "model": "tac/bench/carpet/basic/0/pink"},
        { "predicate": {"custom_model_data": 9010007}, "model": "tac/bench/carpet/basic/0/gray"},
        { "predicate": {"custom_model_data": 9010008}, "model": "tac/bench/carpet/basic/0/light_gray"},
        { "predicate": {"custom_model_data": 9010009}, "model": "tac/bench/carpet/basic/0/cyan"},
        { "predicate": {"custom_model_data": 9010010}, "model": "tac/bench/carpet/basic/0/purple"},
        { "predicate": {"custom_model_data": 9010011}, "model": "tac/bench/carpet/basic/0/blue"},
        { "predicate": {"custom_model_data": 9010012}, "model": "tac/bench/carpet/basic/0/brown"},
        { "predicate": {"custom_model_data": 9010013}, "model": "tac/bench/carpet/basic/0/green"},
        { "predicate": {"custom_model_data": 9010014}, "model": "tac/bench/carpet/basic/0/red"},
        { "predicate": {"custom_model_data": 9010015}, "model": "tac/bench/carpet/basic/0/black"},

        { "predicate": {"custom_model_data": 9010100}, "model": "tac/bench/carpet/basic/1/white"},
        { "predicate": {"custom_model_data": 9010101}, "model": "tac/bench/carpet/basic/1/orange"},
        { "predicate": {"custom_model_data": 9010102}, "model": "tac/bench/carpet/basic/1/magenta"},
        { "predicate": {"custom_model_data": 9010103}, "model": "tac/bench/carpet/basic/1/light_blue"},
        { "predicate": {"custom_model_data": 9010104}, "model": "tac/bench/carpet/basic/1/yellow"},
        { "predicate": {"custom_model_data": 9010105}, "model": "tac/bench/carpet/basic/1/lime"},
        { "predicate": {"custom_model_data": 9010106}, "model": "tac/bench/carpet/basic/1/pink"},
        { "predicate": {"custom_model_data": 9010107}, "model": "tac/bench/carpet/basic/1/gray"},
        { "predicate": {"custom_model_data": 9010108}, "model": "tac/bench/carpet/basic/1/light_gray"},
        { "predicate": {"custom_model_data": 9010109}, "model": "tac/bench/carpet/basic/1/cyan"},
        { "predicate": {"custom_model_data": 9010110}, "model": "tac/bench/carpet/basic/1/purple"},
        { "predicate": {"custom_model_data": 9010111}, "model": "tac/bench/carpet/basic/1/blue"},
        { "predicate": {"custom_model_data": 9010112}, "model": "tac/bench/carpet/basic/1/brown"},
        { "predicate": {"custom_model_data": 9010113}, "model": "tac/bench/carpet/basic/1/green"},
        { "predicate": {"custom_model_data": 9010114}, "model": "tac/bench/carpet/basic/1/red"},
        { "predicate": {"custom_model_data": 9010115}, "model": "tac/bench/carpet/basic/1/black"},

        { "predicate": {"custom_model_data": 9010200}, "model": "tac/bench/carpet/basic/2/white"},
        { "predicate": {"custom_model_data": 9010201}, "model": "tac/bench/carpet/basic/2/orange"},
        { "predicate": {"custom_model_data": 9010202}, "model": "tac/bench/carpet/basic/2/magenta"},
        { "predicate": {"custom_model_data": 9010203}, "model": "tac/bench/carpet/basic/2/light_blue"},
        { "predicate": {"custom_model_data": 9010204}, "model": "tac/bench/carpet/basic/2/yellow"},
        { "predicate": {"custom_model_data": 9010205}, "model": "tac/bench/carpet/basic/2/lime"},
        { "predicate": {"custom_model_data": 9010206}, "model": "tac/bench/carpet/basic/2/pink"},
        { "predicate": {"custom_model_data": 9010207}, "model": "tac/bench/carpet/basic/2/gray"},
        { "predicate": {"custom_model_data": 9010208}, "model": "tac/bench/carpet/basic/2/light_gray"},
        { "predicate": {"custom_model_data": 9010209}, "model": "tac/bench/carpet/basic/2/cyan"},
        { "predicate": {"custom_model_data": 9010210}, "model": "tac/bench/carpet/basic/2/purple"},
        { "predicate": {"custom_model_data": 9010211}, "model": "tac/bench/carpet/basic/2/blue"},
        { "predicate": {"custom_model_data": 9010212}, "model": "tac/bench/carpet/basic/2/brown"},
        { "predicate": {"custom_model_data": 9010213}, "model": "tac/bench/carpet/basic/2/green"},
        { "predicate": {"custom_model_data": 9010214}, "model": "tac/bench/carpet/basic/2/red"},
        { "predicate": {"custom_model_data": 9010215}, "model": "tac/bench/carpet/basic/2/black"},

        { "predicate": {"custom_model_data": 9010300}, "model": "tac/bench/carpet/basic/3/white"},
        { "predicate": {"custom_model_data": 9010301}, "model": "tac/bench/carpet/basic/3/orange"},
        { "predicate": {"custom_model_data": 9010302}, "model": "tac/bench/carpet/basic/3/magenta"},
        { "predicate": {"custom_model_data": 9010303}, "model": "tac/bench/carpet/basic/3/light_blue"},
        { "predicate": {"custom_model_data": 9010304}, "model": "tac/bench/carpet/basic/3/yellow"},
        { "predicate": {"custom_model_data": 9010305}, "model": "tac/bench/carpet/basic/3/lime"},
        { "predicate": {"custom_model_data": 9010306}, "model": "tac/bench/carpet/basic/3/pink"},
        { "predicate": {"custom_model_data": 9010307}, "model": "tac/bench/carpet/basic/3/gray"},
        { "predicate": {"custom_model_data": 9010308}, "model": "tac/bench/carpet/basic/3/light_gray"},
        { "predicate": {"custom_model_data": 9010309}, "model": "tac/bench/carpet/basic/3/cyan"},
        { "predicate": {"custom_model_data": 9010310}, "model": "tac/bench/carpet/basic/3/purple"},
        { "predicate": {"custom_model_data": 9010311}, "model": "tac/bench/carpet/basic/3/blue"},
        { "predicate": {"custom_model_data": 9010312}, "model": "tac/bench/carpet/basic/3/brown"},
        { "predicate": {"custom_model_data": 9010313}, "model": "tac/bench/carpet/basic/3/green"},
        { "predicate": {"custom_model_data": 9010314}, "model": "tac/bench/carpet/basic/3/red"},
        { "predicate": {"custom_model_data": 9010315}, "model": "tac/bench/carpet/basic/3/black"},

        { "predicate": {"custom_model_data": 9010400}, "model": "tac/bench/carpet/basic/4/white"},
        { "predicate": {"custom_model_data": 9010401}, "model": "tac/bench/carpet/basic/4/orange"},
        { "predicate": {"custom_model_data": 9010402}, "model": "tac/bench/carpet/basic/4/magenta"},
        { "predicate": {"custom_model_data": 9010403}, "model": "tac/bench/carpet/basic/4/light_blue"},
        { "predicate": {"custom_model_data": 9010404}, "model": "tac/bench/carpet/basic/4/yellow"},
        { "predicate": {"custom_model_data": 9010405}, "model": "tac/bench/carpet/basic/4/lime"},
        { "predicate": {"custom_model_data": 9010406}, "model": "tac/bench/carpet/basic/4/pink"},
        { "predicate": {"custom_model_data": 9010407}, "model": "tac/bench/carpet/basic/4/gray"},
        { "predicate": {"custom_model_data": 9010408}, "model": "tac/bench/carpet/basic/4/light_gray"},
        { "predicate": {"custom_model_data": 9010409}, "model": "tac/bench/carpet/basic/4/cyan"},
        { "predicate": {"custom_model_data": 9010410}, "model": "tac/bench/carpet/basic/4/purple"},
        { "predicate": {"custom_model_data": 9010411}, "model": "tac/bench/carpet/basic/4/blue"},
        { "predicate": {"custom_model_data": 9010412}, "model": "tac/bench/carpet/basic/4/brown"},
        { "predicate": {"custom_model_data": 9010413}, "model": "tac/bench/carpet/basic/4/green"},
        { "predicate": {"custom_model_data": 9010414}, "model": "tac/bench/carpet/basic/4/red"},
        { "predicate": {"custom_model_data": 9010415}, "model": "tac/bench/carpet/basic/4/black"},

        { "predicate": {"custom_model_data": 9010500}, "model": "tac/bench/carpet/basic/5/white"},
        { "predicate": {"custom_model_data": 9010501}, "model": "tac/bench/carpet/basic/5/orange"},
        { "predicate": {"custom_model_data": 9010502}, "model": "tac/bench/carpet/basic/5/magenta"},
        { "predicate": {"custom_model_data": 9010503}, "model": "tac/bench/carpet/basic/5/light_blue"},
        { "predicate": {"custom_model_data": 9010504}, "model": "tac/bench/carpet/basic/5/yellow"},
        { "predicate": {"custom_model_data": 9010505}, "model": "tac/bench/carpet/basic/5/lime"},
        { "predicate": {"custom_model_data": 9010506}, "model": "tac/bench/carpet/basic/5/pink"},
        { "predicate": {"custom_model_data": 9010507}, "model": "tac/bench/carpet/basic/5/gray"},
        { "predicate": {"custom_model_data": 9010508}, "model": "tac/bench/carpet/basic/5/light_gray"},
        { "predicate": {"custom_model_data": 9010509}, "model": "tac/bench/carpet/basic/5/cyan"},
        { "predicate": {"custom_model_data": 9010510}, "model": "tac/bench/carpet/basic/5/purple"},
        { "predicate": {"custom_model_data": 9010511}, "model": "tac/bench/carpet/basic/5/blue"},
        { "predicate": {"custom_model_data": 9010512}, "model": "tac/bench/carpet/basic/5/brown"},
        { "predicate": {"custom_model_data": 9010513}, "model": "tac/bench/carpet/basic/5/green"},
        { "predicate": {"custom_model_data": 9010514}, "model": "tac/bench/carpet/basic/5/red"},
        { "predicate": {"custom_model_data": 9010515}, "model": "tac/bench/carpet/basic/5/black"},


        { "predicate": {"custom_model_data": 9011000}, "model": "tac/bench/carpet/couch/0/white"},
        { "predicate": {"custom_model_data": 9011001}, "model": "tac/bench/carpet/couch/0/orange"},
        { "predicate": {"custom_model_data": 9011002}, "model": "tac/bench/carpet/couch/0/magenta"},
        { "predicate": {"custom_model_data": 9011003}, "model": "tac/bench/carpet/couch/0/light_blue"},
        { "predicate": {"custom_model_data": 9011004}, "model": "tac/bench/carpet/couch/0/yellow"},
        { "predicate": {"custom_model_data": 9011005}, "model": "tac/bench/carpet/couch/0/lime"},
        { "predicate": {"custom_model_data": 9011006}, "model": "tac/bench/carpet/couch/0/pink"},
        { "predicate": {"custom_model_data": 9011007}, "model": "tac/bench/carpet/couch/0/gray"},
        { "predicate": {"custom_model_data": 9011008}, "model": "tac/bench/carpet/couch/0/light_gray"},
        { "predicate": {"custom_model_data": 9011009}, "model": "tac/bench/carpet/couch/0/cyan"},
        { "predicate": {"custom_model_data": 9011011}, "model": "tac/bench/carpet/couch/0/purple"},
        { "predicate": {"custom_model_data": 9011011}, "model": "tac/bench/carpet/couch/0/blue"},
        { "predicate": {"custom_model_data": 9011012}, "model": "tac/bench/carpet/couch/0/brown"},
        { "predicate": {"custom_model_data": 9011013}, "model": "tac/bench/carpet/couch/0/green"},
        { "predicate": {"custom_model_data": 9011014}, "model": "tac/bench/carpet/couch/0/red"},
        { "predicate": {"custom_model_data": 9011015}, "model": "tac/bench/carpet/couch/0/black"},

        { "predicate": {"custom_model_data": 9011100}, "model": "tac/bench/carpet/couch/1/white"},
        { "predicate": {"custom_model_data": 9011101}, "model": "tac/bench/carpet/couch/1/orange"},
        { "predicate": {"custom_model_data": 9011102}, "model": "tac/bench/carpet/couch/1/magenta"},
        { "predicate": {"custom_model_data": 9011103}, "model": "tac/bench/carpet/couch/1/light_blue"},
        { "predicate": {"custom_model_data": 9011104}, "model": "tac/bench/carpet/couch/1/yellow"},
        { "predicate": {"custom_model_data": 9011105}, "model": "tac/bench/carpet/couch/1/lime"},
        { "predicate": {"custom_model_data": 9011106}, "model": "tac/bench/carpet/couch/1/pink"},
        { "predicate": {"custom_model_data": 9011107}, "model": "tac/bench/carpet/couch/1/gray"},
        { "predicate": {"custom_model_data": 9011108}, "model": "tac/bench/carpet/couch/1/light_gray"},
        { "predicate": {"custom_model_data": 9011109}, "model": "tac/bench/carpet/couch/1/cyan"},
        { "predicate": {"custom_model_data": 9011110}, "model": "tac/bench/carpet/couch/1/purple"},
        { "predicate": {"custom_model_data": 9011111}, "model": "tac/bench/carpet/couch/1/blue"},
        { "predicate": {"custom_model_data": 9011112}, "model": "tac/bench/carpet/couch/1/brown"},
        { "predicate": {"custom_model_data": 9011113}, "model": "tac/bench/carpet/couch/1/green"},
        { "predicate": {"custom_model_data": 9011114}, "model": "tac/bench/carpet/couch/1/red"},
        { "predicate": {"custom_model_data": 9011115}, "model": "tac/bench/carpet/couch/1/black"},

        { "predicate": {"custom_model_data": 9011200}, "model": "tac/bench/carpet/couch/2/white"},
        { "predicate": {"custom_model_data": 9011201}, "model": "tac/bench/carpet/couch/2/orange"},
        { "predicate": {"custom_model_data": 9011202}, "model": "tac/bench/carpet/couch/2/magenta"},
        { "predicate": {"custom_model_data": 9011203}, "model": "tac/bench/carpet/couch/2/light_blue"},
        { "predicate": {"custom_model_data": 9011204}, "model": "tac/bench/carpet/couch/2/yellow"},
        { "predicate": {"custom_model_data": 9011205}, "model": "tac/bench/carpet/couch/2/lime"},
        { "predicate": {"custom_model_data": 9011206}, "model": "tac/bench/carpet/couch/2/pink"},
        { "predicate": {"custom_model_data": 9011207}, "model": "tac/bench/carpet/couch/2/gray"},
        { "predicate": {"custom_model_data": 9011208}, "model": "tac/bench/carpet/couch/2/light_gray"},
        { "predicate": {"custom_model_data": 9011209}, "model": "tac/bench/carpet/couch/2/cyan"},
        { "predicate": {"custom_model_data": 9011210}, "model": "tac/bench/carpet/couch/2/purple"},
        { "predicate": {"custom_model_data": 9011211}, "model": "tac/bench/carpet/couch/2/blue"},
        { "predicate": {"custom_model_data": 9011212}, "model": "tac/bench/carpet/couch/2/brown"},
        { "predicate": {"custom_model_data": 9011213}, "model": "tac/bench/carpet/couch/2/green"},
        { "predicate": {"custom_model_data": 9011214}, "model": "tac/bench/carpet/couch/2/red"},
        { "predicate": {"custom_model_data": 9011215}, "model": "tac/bench/carpet/couch/2/black"},

        { "predicate": {"custom_model_data": 9011300}, "model": "tac/bench/carpet/couch/3/white"},
        { "predicate": {"custom_model_data": 9011301}, "model": "tac/bench/carpet/couch/3/orange"},
        { "predicate": {"custom_model_data": 9011302}, "model": "tac/bench/carpet/couch/3/magenta"},
        { "predicate": {"custom_model_data": 9011303}, "model": "tac/bench/carpet/couch/3/light_blue"},
        { "predicate": {"custom_model_data": 9011304}, "model": "tac/bench/carpet/couch/3/yellow"},
        { "predicate": {"custom_model_data": 9011305}, "model": "tac/bench/carpet/couch/3/lime"},
        { "predicate": {"custom_model_data": 9011306}, "model": "tac/bench/carpet/couch/3/pink"},
        { "predicate": {"custom_model_data": 9011307}, "model": "tac/bench/carpet/couch/3/gray"},
        { "predicate": {"custom_model_data": 9011308}, "model": "tac/bench/carpet/couch/3/light_gray"},
        { "predicate": {"custom_model_data": 9011309}, "model": "tac/bench/carpet/couch/3/cyan"},
        { "predicate": {"custom_model_data": 9011310}, "model": "tac/bench/carpet/couch/3/purple"},
        { "predicate": {"custom_model_data": 9011311}, "model": "tac/bench/carpet/couch/3/blue"},
        { "predicate": {"custom_model_data": 9011312}, "model": "tac/bench/carpet/couch/3/brown"},
        { "predicate": {"custom_model_data": 9011313}, "model": "tac/bench/carpet/couch/3/green"},
        { "predicate": {"custom_model_data": 9011314}, "model": "tac/bench/carpet/couch/3/red"},
        { "predicate": {"custom_model_data": 9011315}, "model": "tac/bench/carpet/couch/3/black"},

        { "predicate": {"custom_model_data": 9011400}, "model": "tac/bench/carpet/couch/4/white"},
        { "predicate": {"custom_model_data": 9011401}, "model": "tac/bench/carpet/couch/4/orange"},
        { "predicate": {"custom_model_data": 9011402}, "model": "tac/bench/carpet/couch/4/magenta"},
        { "predicate": {"custom_model_data": 9011403}, "model": "tac/bench/carpet/couch/4/light_blue"},
        { "predicate": {"custom_model_data": 9011404}, "model": "tac/bench/carpet/couch/4/yellow"},
        { "predicate": {"custom_model_data": 9011405}, "model": "tac/bench/carpet/couch/4/lime"},
        { "predicate": {"custom_model_data": 9011406}, "model": "tac/bench/carpet/couch/4/pink"},
        { "predicate": {"custom_model_data": 9011407}, "model": "tac/bench/carpet/couch/4/gray"},
        { "predicate": {"custom_model_data": 9011408}, "model": "tac/bench/carpet/couch/4/light_gray"},
        { "predicate": {"custom_model_data": 9011409}, "model": "tac/bench/carpet/couch/4/cyan"},
        { "predicate": {"custom_model_data": 9011410}, "model": "tac/bench/carpet/couch/4/purple"},
        { "predicate": {"custom_model_data": 9011411}, "model": "tac/bench/carpet/couch/4/blue"},
        { "predicate": {"custom_model_data": 9011412}, "model": "tac/bench/carpet/couch/4/brown"},
        { "predicate": {"custom_model_data": 9011413}, "model": "tac/bench/carpet/couch/4/green"},
        { "predicate": {"custom_model_data": 9011414}, "model": "tac/bench/carpet/couch/4/red"},
        { "predicate": {"custom_model_data": 9011415}, "model": "tac/bench/carpet/couch/4/black"},

        { "predicate": {"custom_model_data": 9011500}, "model": "tac/bench/carpet/couch/5/white"},
        { "predicate": {"custom_model_data": 9011501}, "model": "tac/bench/carpet/couch/5/orange"},
        { "predicate": {"custom_model_data": 9011502}, "model": "tac/bench/carpet/couch/5/magenta"},
        { "predicate": {"custom_model_data": 9011503}, "model": "tac/bench/carpet/couch/5/light_blue"},
        { "predicate": {"custom_model_data": 9011504}, "model": "tac/bench/carpet/couch/5/yellow"},
        { "predicate": {"custom_model_data": 9011505}, "model": "tac/bench/carpet/couch/5/lime"},
        { "predicate": {"custom_model_data": 9011506}, "model": "tac/bench/carpet/couch/5/pink"},
        { "predicate": {"custom_model_data": 9011507}, "model": "tac/bench/carpet/couch/5/gray"},
        { "predicate": {"custom_model_data": 9011508}, "model": "tac/bench/carpet/couch/5/light_gray"},
        { "predicate": {"custom_model_data": 9011509}, "model": "tac/bench/carpet/couch/5/cyan"},
        { "predicate": {"custom_model_data": 9011510}, "model": "tac/bench/carpet/couch/5/purple"},
        { "predicate": {"custom_model_data": 9011511}, "model": "tac/bench/carpet/couch/5/blue"},
        { "predicate": {"custom_model_data": 9011512}, "model": "tac/bench/carpet/couch/5/brown"},
        { "predicate": {"custom_model_data": 9011513}, "model": "tac/bench/carpet/couch/5/green"},
        { "predicate": {"custom_model_data": 9011514}, "model": "tac/bench/carpet/couch/5/red"},
        { "predicate": {"custom_model_data": 9011515}, "model": "tac/bench/carpet/couch/5/black"},

        
       


        { "predicate": {"custom_model_data": 9016500}, "model": "tac/bench/basic/oak/l"},
        { "predicate": {"custom_model_data": 9016501}, "model": "tac/bench/basic/oak/r"},
        { "predicate": {"custom_model_data": 9016502}, "model": "tac/bench/basic/oak/c1"},
        { "predicate": {"custom_model_data": 9016503}, "model": "tac/bench/basic/oak/c2"},
        { "predicate": {"custom_model_data": 9016504}, "model": "tac/bench/basic/oak/m"},

        { "predicate": {"custom_model_data": 9016505}, "model": "tac/bench/basic/spruce/l"},
        { "predicate": {"custom_model_data": 9016506}, "model": "tac/bench/basic/spruce/r"},
        { "predicate": {"custom_model_data": 9016507}, "model": "tac/bench/basic/spruce/c1"},
        { "predicate": {"custom_model_data": 9016508}, "model": "tac/bench/basic/spruce/c2"},
        { "predicate": {"custom_model_data": 9016509}, "model": "tac/bench/basic/spruce/m"},

        { "predicate": {"custom_model_data": 9016510}, "model": "tac/bench/basic/birch/l"},
        { "predicate": {"custom_model_data": 9016511}, "model": "tac/bench/basic/birch/r"},
        { "predicate": {"custom_model_data": 9016512}, "model": "tac/bench/basic/birch/c1"},
        { "predicate": {"custom_model_data": 9016513}, "model": "tac/bench/basic/birch/c2"},
        { "predicate": {"custom_model_data": 9016514}, "model": "tac/bench/basic/birch/m"},

        { "predicate": {"custom_model_data": 9016515}, "model": "tac/bench/basic/jungle/l"},
        { "predicate": {"custom_model_data": 9016516}, "model": "tac/bench/basic/jungle/r"},
        { "predicate": {"custom_model_data": 9016517}, "model": "tac/bench/basic/jungle/c1"},
        { "predicate": {"custom_model_data": 9016518}, "model": "tac/bench/basic/jungle/c2"},
        { "predicate": {"custom_model_data": 9016519}, "model": "tac/bench/basic/jungle/m"},

        { "predicate": {"custom_model_data": 9016520}, "model": "tac/bench/basic/acacia/l"},
        { "predicate": {"custom_model_data": 9016521}, "model": "tac/bench/basic/acacia/r"},
        { "predicate": {"custom_model_data": 9016522}, "model": "tac/bench/basic/acacia/c1"},
        { "predicate": {"custom_model_data": 9016523}, "model": "tac/bench/basic/acacia/c2"},
        { "predicate": {"custom_model_data": 9016524}, "model": "tac/bench/basic/acacia/m"},

        { "predicate": {"custom_model_data": 9016525}, "model": "tac/bench/basic/dark_oak/l"},
        { "predicate": {"custom_model_data": 9016526}, "model": "tac/bench/basic/dark_oak/r"},
        { "predicate": {"custom_model_data": 9016527}, "model": "tac/bench/basic/dark_oak/c1"},
        { "predicate": {"custom_model_data": 9016528}, "model": "tac/bench/basic/dark_oak/c2"},
        { "predicate": {"custom_model_data": 9016529}, "model": "tac/bench/basic/dark_oak/m"},

        { "predicate": {"custom_model_data": 9016530}, "model": "tac/bench/basic/mangrove/l"},
        { "predicate": {"custom_model_data": 9016531}, "model": "tac/bench/basic/mangrove/r"},
        { "predicate": {"custom_model_data": 9016532}, "model": "tac/bench/basic/mangrove/c1"},
        { "predicate": {"custom_model_data": 9016533}, "model": "tac/bench/basic/mangrove/c2"},
        { "predicate": {"custom_model_data": 9016534}, "model": "tac/bench/basic/mangrove/m"},

        { "predicate": {"custom_model_data": 9016535}, "model": "tac/bench/basic/cherry/l"},
        { "predicate": {"custom_model_data": 9016536}, "model": "tac/bench/basic/cherry/r"},
        { "predicate": {"custom_model_data": 9016537}, "model": "tac/bench/basic/cherry/c1"},
        { "predicate": {"custom_model_data": 9016538}, "model": "tac/bench/basic/cherry/c2"},
        { "predicate": {"custom_model_data": 9016539}, "model": "tac/bench/basic/cherry/m"},

        { "predicate": {"custom_model_data": 9016540}, "model": "tac/bench/basic/bamboo/l"},
        { "predicate": {"custom_model_data": 9016541}, "model": "tac/bench/basic/bamboo/r"},
        { "predicate": {"custom_model_data": 9016542}, "model": "tac/bench/basic/bamboo/c1"},
        { "predicate": {"custom_model_data": 9016543}, "model": "tac/bench/basic/bamboo/c2"},
        { "predicate": {"custom_model_data": 9016544}, "model": "tac/bench/basic/bamboo/m"},

        { "predicate": {"custom_model_data": 9016545}, "model": "tac/bench/basic/crimson/l"},
        { "predicate": {"custom_model_data": 9016546}, "model": "tac/bench/basic/crimson/r"},
        { "predicate": {"custom_model_data": 9016547}, "model": "tac/bench/basic/crimson/c1"},
        { "predicate": {"custom_model_data": 9016548}, "model": "tac/bench/basic/crimson/c2"},
        { "predicate": {"custom_model_data": 9016549}, "model": "tac/bench/basic/crimson/m"},

        { "predicate": {"custom_model_data": 9016550}, "model": "tac/bench/basic/warped/l"},
        { "predicate": {"custom_model_data": 9016551}, "model": "tac/bench/basic/warped/r"},
        { "predicate": {"custom_model_data": 9016552}, "model": "tac/bench/basic/warped/c1"},
        { "predicate": {"custom_model_data": 9016553}, "model": "tac/bench/basic/warped/c2"},
        { "predicate": {"custom_model_data": 9016554}, "model": "tac/bench/basic/warped/m"},








        { "predicate": {"custom_model_data": 9016555}, "model": "tac/bench/basic/xxx/l"},
        { "predicate": {"custom_model_data": 9016556}, "model": "tac/bench/basic/xxx/r"},
        { "predicate": {"custom_model_data": 9016557}, "model": "tac/bench/basic/xxx/c1"},
        { "predicate": {"custom_model_data": 9016558}, "model": "tac/bench/basic/xxx/c2"},
        { "predicate": {"custom_model_data": 9016559}, "model": "tac/bench/basic/xxx/m"},
        
        { "predicate": {"custom_model_data": 9016560}, "model": "tac/bench/basic/xxx/l"},
        { "predicate": {"custom_model_data": 9016561}, "model": "tac/bench/basic/xxx/r"},
        { "predicate": {"custom_model_data": 9016562}, "model": "tac/bench/basic/xxx/c1"},
        { "predicate": {"custom_model_data": 9016563}, "model": "tac/bench/basic/xxx/c2"},
        { "predicate": {"custom_model_data": 9016564}, "model": "tac/bench/basic/xxx/m"},

        { "predicate": {"custom_model_data": 9016565}, "model": "tac/bench/basic/xxx/l"},
        { "predicate": {"custom_model_data": 9016566}, "model": "tac/bench/basic/xxx/r"},
        { "predicate": {"custom_model_data": 9016567}, "model": "tac/bench/basic/xxx/c1"},
        { "predicate": {"custom_model_data": 9016568}, "model": "tac/bench/basic/xxx/c2"},
        { "predicate": {"custom_model_data": 9016569}, "model": "tac/bench/basic/xxx/m"},




        { "predicate": {"custom_model_data": 9019999}, "model": "tac/chair/basic/oak"}



	]
}