{
  "parent": "minecraft:block/orange_stained_glass",
  "overrides": [
    { "predicate": {"custom_model_data": 9006020}, "model": "tac/items/inkwell"},
    { "predicate": {"custom_model_data": 9006021}, "model": "tac/items/inkquill"},

    { "predicate": {"custom_model_data": 9007100}, "model": "trophy/case/glass_case_1"},
    { "predicate": {"custom_model_data": 9007101}, "model": "trophy/case/white_stained_glass_case_1"},
    { "predicate": {"custom_model_data": 9007102}, "model": "trophy/case/orange_stained_glass_case_1"},
    { "predicate": {"custom_model_data": 9007103}, "model": "trophy/case/magenta_stained_glass_case_1"},
    { "predicate": {"custom_model_data": 9007104}, "model": "trophy/case/light_blue_stained_glass_case_1"},
    { "predicate": {"custom_model_data": 9007105}, "model": "trophy/case/yellow_stained_glass_case_1"},
    { "predicate": {"custom_model_data": 9007106}, "model": "trophy/case/lime_stained_glass_case_1"},
    { "predicate": {"custom_model_data": 9007107}, "model": "trophy/case/pink_stained_glass_case_1"},
    { "predicate": {"custom_model_data": 9007108}, "model": "trophy/case/gray_stained_glass_case_1"},
    { "predicate": {"custom_model_data": 9007109}, "model": "trophy/case/light_gray_stained_glass_case_1"},
    { "predicate": {"custom_model_data": 9007110}, "model": "trophy/case/cyan_stained_glass_case_1"},
    { "predicate": {"custom_model_data": 9007111}, "model": "trophy/case/purple_stained_glass_case_1"},
    { "predicate": {"custom_model_data": 9007112}, "model": "trophy/case/blue_stained_glass_case_1"},
    { "predicate": {"custom_model_data": 9007113}, "model": "trophy/case/brown_stained_glass_case_1"},
    { "predicate": {"custom_model_data": 9007114}, "model": "trophy/case/green_stained_glass_case_1"},
    { "predicate": {"custom_model_data": 9007115}, "model": "trophy/case/red_stained_glass_case_1"},
    { "predicate": {"custom_model_data": 9007116}, "model": "trophy/case/black_stained_glass_case_1"},
    { "predicate": {"custom_model_data": 9007200}, "model": "trophy/case/glass_case"},
    { "predicate": {"custom_model_data": 9007201}, "model": "trophy/case/white_stained_glass_case"},
    { "predicate": {"custom_model_data": 9007202}, "model": "trophy/case/orange_stained_glass_case"},
    { "predicate": {"custom_model_data": 9007203}, "model": "trophy/case/magenta_stained_glass_case"},
    { "predicate": {"custom_model_data": 9007204}, "model": "trophy/case/light_blue_stained_glass_case"},
    { "predicate": {"custom_model_data": 9007205}, "model": "trophy/case/yellow_stained_glass_case"},
    { "predicate": {"custom_model_data": 9007206}, "model": "trophy/case/lime_stained_glass_case"},
    { "predicate": {"custom_model_data": 9007207}, "model": "trophy/case/pink_stained_glass_case"},
    { "predicate": {"custom_model_data": 9007208}, "model": "trophy/case/gray_stained_glass_case"},
    { "predicate": {"custom_model_data": 9007209}, "model": "trophy/case/light_gray_stained_glass_case"},
    { "predicate": {"custom_model_data": 9007210}, "model": "trophy/case/cyan_stained_glass_case"},
    { "predicate": {"custom_model_data": 9007211}, "model": "trophy/case/purple_stained_glass_case"},
    { "predicate": {"custom_model_data": 9007212}, "model": "trophy/case/blue_stained_glass_case"},
    { "predicate": {"custom_model_data": 9007213}, "model": "trophy/case/brown_stained_glass_case"},
    { "predicate": {"custom_model_data": 9007214}, "model": "trophy/case/green_stained_glass_case"},
    { "predicate": {"custom_model_data": 9007215}, "model": "trophy/case/red_stained_glass_case"},
    { "predicate": {"custom_model_data": 9007216}, "model": "trophy/case/black_stained_glass_case"},
    { "predicate": {"custom_model_data": 9007300}, "model": "trophy/case/glass_case_3"},
    { "predicate": {"custom_model_data": 9007301}, "model": "trophy/case/white_stained_glass_case_3"},
    { "predicate": {"custom_model_data": 9007302}, "model": "trophy/case/orange_stained_glass_case_3"},
    { "predicate": {"custom_model_data": 9007303}, "model": "trophy/case/magenta_stained_glass_case_3"},
    { "predicate": {"custom_model_data": 9007304}, "model": "trophy/case/light_blue_stained_glass_case_3"},
    { "predicate": {"custom_model_data": 9007305}, "model": "trophy/case/yellow_stained_glass_case_3"},
    { "predicate": {"custom_model_data": 9007306}, "model": "trophy/case/lime_stained_glass_case_3"},
    { "predicate": {"custom_model_data": 9007307}, "model": "trophy/case/pink_stained_glass_case_3"},
    { "predicate": {"custom_model_data": 9007308}, "model": "trophy/case/gray_stained_glass_case_3"},
    { "predicate": {"custom_model_data": 9007309}, "model": "trophy/case/light_gray_stained_glass_case_3"},
    { "predicate": {"custom_model_data": 9007310}, "model": "trophy/case/cyan_stained_glass_case_3"},
    { "predicate": {"custom_model_data": 9007311}, "model": "trophy/case/purple_stained_glass_case_3"},
    { "predicate": {"custom_model_data": 9007312}, "model": "trophy/case/blue_stained_glass_case_3"},
    { "predicate": {"custom_model_data": 9007313}, "model": "trophy/case/brown_stained_glass_case_3"},
    { "predicate": {"custom_model_data": 9007314}, "model": "trophy/case/green_stained_glass_case_3"},
    { "predicate": {"custom_model_data": 9007315}, "model": "trophy/case/red_stained_glass_case_3"},
    { "predicate": {"custom_model_data": 9007316}, "model": "trophy/case/black_stained_glass_case_3"},




    { "predicate": {"custom_model_data": 9008080}, "model": "clocks/grand/door/glass/glass"},
    { "predicate": {"custom_model_data": 9008081}, "model": "clocks/grand/door/glass/white"},
    { "predicate": {"custom_model_data": 9008082}, "model": "clocks/grand/door/glass/light_gray"},
    { "predicate": {"custom_model_data": 9008083}, "model": "clocks/grand/door/glass/gray"},
    { "predicate": {"custom_model_data": 9008084}, "model": "clocks/grand/door/glass/black"},
    { "predicate": {"custom_model_data": 9008085}, "model": "clocks/grand/door/glass/brown"},
    { "predicate": {"custom_model_data": 9008086}, "model": "clocks/grand/door/glass/red"},
    { "predicate": {"custom_model_data": 9008087}, "model": "clocks/grand/door/glass/orange"},
    { "predicate": {"custom_model_data": 9008088}, "model": "clocks/grand/door/glass/yellow"},
    { "predicate": {"custom_model_data": 9008089}, "model": "clocks/grand/door/glass/lime"},
    { "predicate": {"custom_model_data": 9008090}, "model": "clocks/grand/door/glass/green"},
    { "predicate": {"custom_model_data": 9008091}, "model": "clocks/grand/door/glass/cyan"},
    { "predicate": {"custom_model_data": 9008092}, "model": "clocks/grand/door/glass/light_blue"},
    { "predicate": {"custom_model_data": 9008093}, "model": "clocks/grand/door/glass/blue"},
    { "predicate": {"custom_model_data": 9008094}, "model": "clocks/grand/door/glass/purple"},
    { "predicate": {"custom_model_data": 9008095}, "model": "clocks/grand/door/glass/magenta"},
    { "predicate": {"custom_model_data": 9008096}, "model": "clocks/grand/door/glass/pink"},
    { "predicate": {"custom_model_data": 9008097}, "model": "clocks/grand/door/glass/tinted"}

  ]
}