{
		"textures": {"0": "block/acacia_planks"
	},
	"elements": [{
			"name": "Surface1", "from": [14, 13, 2], "to": [16, 16, 14], "rotation": {"angle": 0, "axis": "y", "origin": [8, 9, 8]}, "faces": {
				"east": {"uv": [2, 0, 14, 3], "texture": "#0"},
				"west": {"uv": [2, 0, 14, 3], "texture": "#0"},
				"up": {"uv": [2, 0, 14, 2], "rotation": 90, "texture": "#0"},
				"down": {"uv": [3, 0, 15, 2], "rotation": 90, "texture": "#0"}
			}},
		{
			"name": "Surface2", "from": [0, 13, 2], "to": [2, 16, 14], "rotation": {"angle": 0, "axis": "y", "origin": [8, 9, 8]}, "faces": {
				"east": {"uv": [2, 0, 14, 3], "texture": "#0"},
				"west": {"uv": [2, 0, 14, 3], "texture": "#0"},
				"up": {"uv": [2, 0, 14, 2], "rotation": 270, "texture": "#0"},
				"down": {"uv": [3, 0, 15, 2], "rotation": 270, "texture": "#0"}
			}},
		{
			"name": "Surface2", "from": [0, 13, 14], "to": [16, 16, 16], "rotation": {"angle": 0, "axis": "y", "origin": [8, 9, 8]}, "faces": {
				"north": {"uv": [0, 0, 16, 3], "texture": "#0"},
				"east": {"uv": [0, 0, 2, 3], "texture": "#0"},
				"south": {"uv": [0, 0, 16, 3], "texture": "#0"},
				"west": {"uv": [14, 0, 16, 3], "texture": "#0"},
				"up": {"uv": [0, 0, 16, 2], "rotation": 180, "texture": "#0"},
				"down": {"uv": [0, 0, 16, 2], "rotation": 180, "texture": "#0"}
			}},
		{
			"name": "Surface3", "from": [0, 13, 0], "to": [16, 16, 2], "rotation": {"angle": 0, "axis": "y", "origin": [8, 9, 8]}, "faces": {
				"north": {"uv": [0, 0, 16, 3], "texture": "#0"},
				"east": {"uv": [14, 0, 16, 3], "texture": "#0"},
				"south": {"uv": [0, 0, 16, 3], "texture": "#0"},
				"west": {"uv": [0, 0, 2, 3], "texture": "#0"},
				"up": {"uv": [0, 0, 16, 2], "texture": "#0"},
				"down": {"uv": [0, 0, 16, 2], "texture": "#0"}
			}},
		{
			"name": "Leg", "from": [0, 8, 0], "to": [3, 13, 3], "rotation": {"angle": 0, "axis": "y", "origin": [1.5, 8.25, 1.5]}, "faces": {
				"north": {"uv": [13, 3, 16, 8], "texture": "#0"},
				"east": {"uv": [10, 3, 13, 8], "texture": "#0"},
				"south": {"uv": [3, 3, 6, 8], "texture": "#0"},
				"west": {"uv": [0, 3, 3, 8], "texture": "#0"},
				"up": {"uv": [12, 2, 15, 5], "texture": "#0"},
				"down": {"uv": [0, 0, 3, 3], "texture": "#0"}
			}},
		{
			"name": "Leg", "from": [0, 0, 0], "to": [2, 8, 2], "rotation": {"angle": 0, "axis": "y", "origin": [1, 8.25, 1]}, "faces": {
				"north": {"uv": [10, 4, 12, 12], "texture": "#0"},
				"east": {"uv": [8, 4, 10, 12], "texture": "#0"},
				"south": {"uv": [14, 4, 16, 12], "texture": "#0"},
				"west": {"uv": [12, 4, 14, 12], "texture": "#0"},
				"down": {"uv": [7, 4, 9, 6], "texture": "#0"}
			}},
		{
			"name": "Beam", "from": [1, 12, 3], "to": [2, 13, 16], "rotation": {"angle": 0, "axis": "y", "origin": [8, 12.5, 8]}, "faces": {
				"east": {"uv": [0, 5, 13, 6], "texture": "#0"},
				"south": {"uv": [0, 15, 1, 16], "texture": "#0"},
				"west": {"uv": [3, 3, 16, 4], "texture": "#0"},
				"down": {"uv": [3, 0, 16, 1], "rotation": 270, "texture": "#0"}
			}},
		{
			"name": "Beam", "from": [3, 12, 1], "to": [16, 13, 2], "rotation": {"angle": 0, "axis": "y", "origin": [8, 12.5, 8]}, "faces": {
				"north": {"uv": [0, 3, 13, 4], "texture": "#0"},
				"east": {"uv": [15, 5, 16, 6], "texture": "#0"},
				"south": {"uv": [3, 5, 16, 6], "texture": "#0"},
				"down": {"uv": [0, 0, 13, 1], "rotation": 180, "texture": "#0"}
			}},
		{
			"name": "Beam", "from": [1, 11, 3], "to": [2, 12, 4], "rotation": {"angle": 0, "axis": "y", "origin": [1.5, 11, 1.5]}, "faces": {
				"east": {"uv": [11, 4, 12, 5], "texture": "#0"},
				"south": {"uv": [0, 4, 1, 5], "texture": "#0"},
				"west": {"uv": [0, 4, 1, 5], "texture": "#0"}
			}},
		{
			"name": "Beam", "from": [3, 11, 1], "to": [4, 12, 2], "rotation": {"angle": 0, "axis": "y", "origin": [1.5, 11, 1.5]}, "faces": {
				"north": {"uv": [12, 4, 13, 5], "texture": "#0"},
				"east": {"uv": [12, 4, 13, 5], "texture": "#0"},
				"south": {"uv": [0, 4, 1, 5], "texture": "#0"}
			}},
		{
			"name": "Beam", "from": [3, 9, 1], "to": [16, 11, 2], "rotation": {"angle": 0, "axis": "y", "origin": [8, 10, 2]}, "faces": {
				"north": {"uv": [0, 5, 13, 7], "texture": "#0"},
				"east": {"uv": [15, 5, 16, 7], "texture": "#0"},
				"south": {"uv": [3, 5, 16, 7], "texture": "#0"},
				"up": {"uv": [3, 0, 16, 1], "texture": "#0"},
				"down": {"uv": [0, 9, 13, 10], "rotation": 180, "texture": "#0"}
			}},
		{
			"name": "Beam", "from": [1, 9, 3], "to": [2, 11, 16], "rotation": {"angle": 0, "axis": "y", "origin": [2, 10, 8]}, "faces": {
				"east": {"uv": [0, 5, 13, 7], "texture": "#0"},
				"south": {"uv": [0, 0, 1, 2], "texture": "#0"},
				"west": {"uv": [3, 5, 16, 7], "texture": "#0"},
				"up": {"uv": [0, 0, 13, 1], "rotation": 270, "texture": "#0"},
				"down": {"uv": [3, 9, 16, 10], "rotation": 270, "texture": "#0"}
			}}
	],
	"display": {
		"thirdperson_righthand": {
			"rotation": [45, 0, 0], "translation": [0, 1, 0], "scale": [0.35, 0.35, 0.35]
		},
		"thirdperson_lefthand": {
			"rotation": [45, 0, 0], "translation": [0, 1, 0], "scale": [0.35, 0.35, 0.35]
		},
		"firstperson_righthand": {
			"rotation": [-10, 15, 0], "translation": [1, 0, 0], "scale": [0.4, 0.4, 0.4]
		},
		"firstperson_lefthand": {
			"rotation": [-10, 15, 0], "translation": [1, 0, 0], "scale": [0.4, 0.4, 0.4]
		},
		"ground": {
			"translation": [0, 1, 0], "scale": [0.3, 0.3, 0.3]
		},
		"gui": {
			"rotation": [35, -135, 0], "translation": [0, -2, 0], "scale": [0.5, 0.5, 0.5]
		},
		"head": {
			"translation": [0, 0, 0],
			"scale": [1.001, 1.001, 1.001]
		},
		"fixed": {
			"scale": [0.8, 0.8, 0.8]
		}
	}
}