{
		"textures": {"0": "block/acacia_planks"
	},
	"elements": [{
			"name": "Surface1",
			"from": [14, 13, 2],
			"to": [16, 16, 14],
			"rotation": {"angle": 0, "axis": "y", "origin": [8, 9, 8]},
			"faces": {
				"east": {"uv": [2, 0, 14, 3], "texture": "#0"},
				"west": {"uv": [2, 0, 14, 3], "texture": "#0"},
				"up": {"uv": [2, 0, 14, 2], "rotation": 90, "texture": "#0"},
				"down": {"uv": [3, 0, 15, 2], "rotation": 90, "texture": "#0"}
			}},
		{
			"name": "Surface2",
			"from": [0, 13, 2],
			"to": [2, 16, 14],
			"rotation": {"angle": 0, "axis": "y", "origin": [8, 9, 8]},
			"faces": {
				"east": {"uv": [2, 0, 14, 3], "texture": "#0"},
				"west": {"uv": [2, 0, 14, 3], "texture": "#0"},
				"up": {"uv": [2, 0, 14, 2], "rotation": 270, "texture": "#0"},
				"down": {"uv": [3, 0, 15, 2], "rotation": 270, "texture": "#0"}
			}},
		{
			"name": "Surface2",
			"from": [0, 13, 14],
			"to": [16, 16, 16],
			"rotation": {"angle": 0, "axis": "y", "origin": [8, 9, 8]},
			"faces": {
				"north": {"uv": [0, 0, 16, 3], "texture": "#0"},
				"east": {"uv": [0, 0, 2, 3], "texture": "#0"},
				"south": {"uv": [0, 0, 16, 3], "texture": "#0"},
				"west": {"uv": [14, 0, 16, 3], "texture": "#0"},
				"up": {"uv": [0, 0, 16, 2], "rotation": 180, "texture": "#0"},
				"down": {"uv": [0, 0, 16, 2], "rotation": 180, "texture": "#0"}
			}},
		{
			"name": "Surface3",
			"from": [0, 13, 0],
			"to": [16, 16, 2],
			"rotation": {"angle": 0, "axis": "y", "origin": [8, 9, 8]},
			"faces": {
				"north": {"uv": [0, 0, 16, 3], "texture": "#0"},
				"east": {"uv": [14, 0, 16, 3], "texture": "#0"},
				"south": {"uv": [0, 0, 16, 3], "texture": "#0"},
				"west": {"uv": [0, 0, 2, 3], "texture": "#0"},
				"up": {"uv": [0, 0, 16, 2], "texture": "#0"},
				"down": {"uv": [0, 0, 16, 2], "texture": "#0"}
			}},
		{
			"name": "Beam",
			"from": [0, 12, 1],
			"to": [16, 13, 2],
			"rotation": {"angle": 0, "axis": "y", "origin": [8, 12.5, 8]},
			"faces": {
				"north": {"uv": [0, 3, 16, 4], "texture": "#0"},
				"east": {"uv": [15, 5, 16, 6], "texture": "#0"},
				"south": {"uv": [0, 5, 16, 6], "texture": "#0"},
				"west": {"uv": [0, 0, 1, 1], "texture": "#0"},
				"down": {"uv": [0, 0, 16, 1], "rotation": 180, "texture": "#0"}
			}},
		{
			"name": "Beam",
			"from": [0, 9, 1],
			"to": [16, 11, 2],
			"rotation": {"angle": 0, "axis": "y", "origin": [8, 10, 2]},
			"faces": {
				"north": {"uv": [0, 5, 16, 7], "texture": "#0"},
				"east": {"uv": [0, 5, 1, 7], "texture": "#0"},
				"south": {"uv": [0, 5, 16, 7], "texture": "#0"},
				"west": {"uv": [15, 5, 16, 7], "texture": "#0"},
				"up": {"uv": [0, 0, 16, 1], "texture": "#0"},
				"down": {"uv": [0, 9, 16, 10], "rotation": 180, "texture": "#0"}
			}},
		{
			"name": "Beam",
			"from": [0, 9, 14],
			"to": [16, 11, 15],
			"rotation": {"angle": 0, "axis": "y", "origin": [8, 11.25, 14.5]},
			"faces": {
				"north": {"uv": [0, 5, 16, 7], "texture": "#0"},
				"east": {"uv": [15, 5, 16, 7], "texture": "#0"},
				"south": {"uv": [0, 5, 16, 7], "texture": "#0"},
				"west": {"uv": [0, 5, 1, 7], "texture": "#0"},
				"up": {"uv": [0, 0, 16, 1], "rotation": 180, "texture": "#0"},
				"down": {"uv": [0, 9, 16, 10], "texture": "#0"}
			}},
		{
			"name": "Beam",
			"from": [0, 12, 14],
			"to": [16, 13, 15],
			"rotation": {"angle": 0, "axis": "y", "origin": [8, 11.25, 14.5]},
			"faces": {
				"north": {"uv": [0, 5, 16, 6], "texture": "#0"},
				"east": {"uv": [0, 0, 1, 1], "texture": "#0"},
				"south": {"uv": [0, 3, 16, 4], "texture": "#0"},
				"west": {"uv": [15, 5, 16, 6], "texture": "#0"},
				"down": {"uv": [0, 0, 16, 1], "texture": "#0"}
			}}
	],
	"display": {
		"thirdperson_righthand": {
			"rotation": [45, 0, 0],
			"translation": [0, 1, 0],
			"scale": [0.35, 0.35, 0.35]
		},
		"thirdperson_lefthand": {
			"rotation": [45, 0, 0],
			"translation": [0, 1, 0],
			"scale": [0.35, 0.35, 0.35]
		},
		"firstperson_righthand": {
			"rotation": [-10, 15, 0],
			"translation": [1, 0, 0],
			"scale": [0.4, 0.4, 0.4]
		},
		"firstperson_lefthand": {
			"rotation": [-10, 15, 0],
			"translation": [1, 0, 0],
			"scale": [0.4, 0.4, 0.4]
		},
		"ground": {
			"translation": [0, 1, 0],
			"scale": [0.3, 0.3, 0.3]
		},
		"gui": {
			"rotation": [35, -135, 0],
			"translation": [0, -2, 0],
			"scale": [0.5, 0.5, 0.5]
		},
		"head": {
			"translation": [0, 0, 0],
			"scale": [1.001, 1.001, 1.001]
		},
		"fixed": {
			"scale": [0.8, 0.8, 0.8]
		}
	}
}