{
		"textures": {"0": "block/acacia_planks",
		"particle": "block/acacia_trapdoor"
	},
	"elements": [{
			"name": "Surface1", "from": [14, 13, 2], "to": [16, 16, 14], "rotation": {"angle": 0, "axis": "y", "origin": [8, 9, 8]}, "faces": {
				"east": {"uv": [2, 0, 14, 3], "texture": "#0"},
				"west": {"uv": [2, 0, 14, 3], "texture": "#0"},
				"up": {"uv": [2, 0, 14, 2], "rotation": 90, "texture": "#0"},
				"down": {"uv": [3, 0, 15, 2], "rotation": 90, "texture": "#0"}
			}},
		{
			"name": "Surface2", "from": [0, 13, 2], "to": [2, 16, 14], "rotation": {"angle": 0, "axis": "y", "origin": [8, 9, 8]}, "faces": {
				"east": {"uv": [2, 0, 14, 3], "texture": "#0"},
				"west": {"uv": [2, 0, 14, 3], "texture": "#0"},
				"up": {"uv": [2, 0, 14, 2], "rotation": 270, "texture": "#0"},
				"down": {"uv": [3, 0, 15, 2], "rotation": 270, "texture": "#0"}
			}},
		{
			"name": "Surface2", "from": [0, 13, 14], "to": [16, 16, 16], "rotation": {"angle": 0, "axis": "y", "origin": [8, 9, 8]}, "faces": {
				"north": {"uv": [0, 0, 16, 3], "texture": "#0"},
				"east": {"uv": [0, 0, 2, 3], "texture": "#0"},
				"south": {"uv": [0, 0, 16, 3], "texture": "#0"},
				"west": {"uv": [14, 0, 16, 3], "texture": "#0"},
				"up": {"uv": [0, 0, 16, 2], "rotation": 180, "texture": "#0"},
				"down": {"uv": [0, 0, 16, 2], "rotation": 180, "texture": "#0"}
			}},
		{
			"name": "Surface3", "from": [0, 13, 0], "to": [16, 16, 2], "rotation": {"angle": 0, "axis": "y", "origin": [8, 9, 8]}, "faces": {
				"north": {"uv": [0, 0, 16, 3], "texture": "#0"},
				"east": {"uv": [14, 0, 16, 3], "texture": "#0"},
				"south": {"uv": [0, 0, 16, 3], "texture": "#0"},
				"west": {"uv": [0, 0, 2, 3], "texture": "#0"},
				"up": {"uv": [0, 0, 16, 2], "texture": "#0"},
				"down": {"uv": [0, 0, 16, 2], "texture": "#0"}
			}},
		{
			"name": "Leg", "from": [0, 7, 0], "to": [3, 13, 3], "rotation": {"angle": 0, "axis": "y", "origin": [1.5, 8.25, 1.5]}, "faces": {
				"north": {"uv": [13, 3, 16, 9], "texture": "#0"},
				"east": {"uv": [10, 3, 13, 9], "texture": "#0"},
				"south": {"uv": [3, 3, 6, 9], "texture": "#0"},
				"west": {"uv": [0, 3, 3, 9], "texture": "#0"},
				"up": {"uv": [12, 2, 15, 5], "texture": "#0"},
				"down": {"uv": [0, 0, 3, 3], "texture": "#0"}
			}},
		{
			"name": "Leg", "from": [0, 7, 13], "to": [3, 13, 16], "rotation": {"angle": 0, "axis": "y", "origin": [1.5, 8.25, 14.5]}, "faces": {
				"north": {"uv": [10, 3, 13, 9], "texture": "#0"},
				"east": {"uv": [3, 3, 6, 9], "texture": "#0"},
				"south": {"uv": [0, 3, 3, 9], "texture": "#0"},
				"west": {"uv": [13, 3, 16, 9], "texture": "#0"},
				"up": {"uv": [13, 0, 16, 3], "rotation": 270, "texture": "#0"},
				"down": {"uv": [0, 0, 3, 3], "rotation": 90, "texture": "#0"}
			}},
		{
			"name": "Leg", "from": [13, 7, 13], "to": [16, 13, 16], "rotation": {"angle": 0, "axis": "y", "origin": [14.5, 8.25, 14.5]}, "faces": {
				"north": {"uv": [3, 3, 6, 9], "texture": "#0"},
				"east": {"uv": [0, 3, 3, 9], "texture": "#0"},
				"south": {"uv": [13, 3, 16, 9], "texture": "#0"},
				"west": {"uv": [10, 3, 13, 9], "texture": "#0"},
				"up": {"uv": [0, 0, 3, 3], "rotation": 180, "texture": "#0"},
				"down": {"uv": [0, 0, 3, 3], "rotation": 180, "texture": "#0"}
			}},
		{
			"name": "Leg", "from": [13, 7, 0], "to": [16, 13, 3], "rotation": {"angle": 0, "axis": "y", "origin": [14.5, 8.25, 1.5]}, "faces": {
				"north": {"uv": [0, 3, 3, 9], "texture": "#0"},
				"east": {"uv": [13, 3, 16, 9], "texture": "#0"},
				"south": {"uv": [10, 3, 13, 9], "texture": "#0"},
				"west": {"uv": [3, 3, 6, 9], "texture": "#0"},
				"up": {"uv": [0, 2, 3, 5], "rotation": 90, "texture": "#0"},
				"down": {"uv": [0, 0, 3, 3], "rotation": 270, "texture": "#0"}
			}},
		{
			"name": "Leg", "from": [0.5, 0, 0.5], "to": [2.5, 13, 2.5], "rotation": {"angle": 0, "axis": "y", "origin": [1.5, 8.25, 1.5]}, "faces": {
				"north": {"uv": [10, 2, 12, 15], "texture": "#0"},
				"east": {"uv": [8, 2, 10, 15], "texture": "#0"},
				"south": {"uv": [14, 2, 16, 15], "texture": "#0"},
				"west": {"uv": [12, 2, 14, 15], "texture": "#0"},
				"down": {"uv": [7, 4, 9, 6], "texture": "#0"}
			}},
		{
			"name": "Leg", "from": [0.5, 0, 13.5], "to": [2.5, 13, 15.5], "rotation": {"angle": 0, "axis": "y", "origin": [1.5, 8.25, 14.5]}, "faces": {
				"north": {"uv": [8, 2, 10, 15], "texture": "#0"},
				"east": {"uv": [14, 2, 16, 15], "texture": "#0"},
				"south": {"uv": [12, 2, 14, 15], "texture": "#0"},
				"west": {"uv": [10, 2, 12, 15], "texture": "#0"},
				"down": {"uv": [7, 4, 9, 6], "rotation": 90, "texture": "#0"}
			}},
		{
			"name": "Leg", "from": [13.5, 0, 13.5], "to": [15.5, 13, 15.5], "rotation": {"angle": 0, "axis": "y", "origin": [14.5, 8.25, 14.5]}, "faces": {
				"north": {"uv": [14, 2, 16, 15], "texture": "#0"},
				"east": {"uv": [12, 2, 14, 15], "texture": "#0"},
				"south": {"uv": [10, 2, 12, 15], "texture": "#0"},
				"west": {"uv": [8, 2, 10, 15], "texture": "#0"},
				"down": {"uv": [7, 4, 9, 6], "rotation": 180, "texture": "#0"}
			}},
		{
			"name": "Leg", "from": [13.5, 0, 0.5], "to": [15.5, 13, 2.5], "rotation": {"angle": 0, "axis": "y", "origin": [14.5, 8.25, 1.5]}, "faces": {
				"north": {"uv": [12, 2, 14, 15], "texture": "#0"},
				"east": {"uv": [10, 2, 12, 15], "texture": "#0"},
				"south": {"uv": [8, 2, 10, 15], "texture": "#0"},
				"west": {"uv": [14, 2, 16, 15], "texture": "#0"},
				"down": {"uv": [7, 4, 9, 6], "rotation": 270, "texture": "#0"}
			}},
		{
			"name": "Beam", "from": [1, 12, 3], "to": [3, 13, 13], "rotation": {"angle": 0, "axis": "y", "origin": [8, 12.5, 8]}, "faces": {
				"east": {"uv": [0, 5, 10, 6], "texture": "#0"},
				"west": {"uv": [3, 3, 13, 4], "texture": "#0"},
				"up": {"uv": [3, 0, 13, 2], "rotation": 270, "texture": "#0"},
				"down": {"uv": [3, 0, 13, 2], "rotation": 270, "texture": "#0"}
			}},
		{
			"name": "Beam", "from": [3, 12, 1], "to": [13, 13, 3], "rotation": {"angle": 0, "axis": "y", "origin": [8, 12.5, 8]}, "faces": {
				"north": {"uv": [3, 3, 13, 4], "texture": "#0"},
				"south": {"uv": [0, 5, 10, 6], "texture": "#0"},
				"up": {"uv": [3, 0, 13, 2], "texture": "#0"},
				"down": {"uv": [3, 0, 13, 2], "rotation": 180, "texture": "#0"}
			}},
		{
			"name": "Beam", "from": [13, 12, 3], "to": [15, 13, 13], "rotation": {"angle": 0, "axis": "y", "origin": [8, 12.5, 8]}, "faces": {
				"east": {"uv": [3, 3, 13, 4], "texture": "#0"},
				"west": {"uv": [0, 5, 10, 6], "texture": "#0"},
				"up": {"uv": [3, 0, 13, 2], "rotation": 90, "texture": "#0"},
				"down": {"uv": [3, 0, 13, 2], "rotation": 90, "texture": "#0"}
			}},
		{
			"name": "Beam", "from": [13, 9, 3], "to": [15, 11, 13], "rotation": {"angle": 0, "axis": "y", "origin": [14, 10, 8]}, "faces": {
				"east": {"uv": [3, 5, 13, 7], "texture": "#0"},
				"west": {"uv": [3, 5, 13, 7], "texture": "#0"},
				"up": {"uv": [3, 0, 13, 2], "rotation": 90, "texture": "#0"},
				"down": {"uv": [3, 9, 13, 11], "rotation": 90, "texture": "#0"}
			}},
		{
			"name": "Beam", "from": [3, 9, 1], "to": [13, 11, 3], "rotation": {"angle": 0, "axis": "y", "origin": [8, 10, 2]}, "faces": {
				"north": {"uv": [3, 5, 13, 7], "texture": "#0"},
				"south": {"uv": [3, 5, 13, 7], "texture": "#0"},
				"up": {"uv": [3, 0, 13, 2], "texture": "#0"},
				"down": {"uv": [3, 9, 13, 11], "rotation": 180, "texture": "#0"}
			}},
		{
			"name": "Beam", "from": [1, 9, 3], "to": [3, 11, 13], "rotation": {"angle": 0, "axis": "y", "origin": [2, 10, 8]}, "faces": {
				"east": {"uv": [3, 5, 13, 7], "texture": "#0"},
				"west": {"uv": [3, 5, 13, 7], "texture": "#0"},
				"up": {"uv": [3, 0, 13, 2], "rotation": 270, "texture": "#0"},
				"down": {"uv": [3, 9, 13, 11], "rotation": 270, "texture": "#0"}
			}},
		{
			"name": "Beam", "from": [3, 9, 13], "to": [13, 11, 15], "rotation": {"angle": 0, "axis": "y", "origin": [8, 10, 14]}, "faces": {
				"north": {"uv": [3, 5, 13, 7], "texture": "#0"},
				"south": {"uv": [3, 5, 13, 7], "texture": "#0"},
				"up": {"uv": [3, 0, 13, 2], "rotation": 180, "texture": "#0"},
				"down": {"uv": [3, 9, 13, 11], "texture": "#0"}
			}},
		{
			"name": "Beam", "from": [3, 12, 13], "to": [13, 13, 15], "rotation": {"angle": 0, "axis": "y", "origin": [8, 12.5, 8]}, "faces": {
				"north": {"uv": [0, 5, 10, 6], "texture": "#0"},
				"south": {"uv": [3, 3, 13, 4], "texture": "#0"},
				"up": {"uv": [3, 0, 13, 2], "rotation": 180, "texture": "#0"},
				"down": {"uv": [3, 0, 13, 2], "texture": "#0"}
			}}
	],
	"display": {
		"thirdperson_righthand": {
			"rotation": [45, 0, 0], "translation": [0, 1, 0], "scale": [0.35, 0.35, 0.35]
		},
		"thirdperson_lefthand": {
			"rotation": [45, 0, 0], "translation": [0, 1, 0], "scale": [0.35, 0.35, 0.35]
		},
		"firstperson_righthand": {
			"rotation": [-10, 15, 0], "translation": [1, 0, 0], "scale": [0.4, 0.4, 0.4]
		},
		"firstperson_lefthand": {
			"rotation": [-10, 15, 0], "translation": [1, 0, 0], "scale": [0.4, 0.4, 0.4]
		},
		"ground": {
			"translation": [0, 1, 0], "scale": [0.3, 0.3, 0.3]
		},
		"gui": {
			"rotation": [35, -135, 0], "translation": [0, -1, 0], "scale": [0.5, 0.5, 0.5]
		},
		"head": {
			"translation": [0, 0, 0], "scale": [1, 1, 1]
		},
		"fixed": {
			"scale": [0.8, 0.8, 0.8]
		}
	}
}