{
	"credit": "Made with Blockbench",
	"textures": {
		"2": "block/shulker_box"
	},
	"elements": [
		{
			"name": "Seat",
			"from": [3, 11.02, 13],
			"to": [5, 12.02, 14],
			"rotation": {"angle": 0, "axis": "y", "origin": [7, 0.5, 9]},
			"faces": {
				"south": {"uv": [13, 15, 15, 16], "texture": "#2"},
				"west": {"uv": [13, 15, 14, 16], "rotation": 90, "texture": "#2"},
				"up": {"uv": [13, 15, 15, 16], "rotation": 180, "texture": "#2"}
			}
		},
		{
			"name": "Seat",
			"from": [11, 11.02, 13],
			"to": [13, 12.02, 14],
			"rotation": {"angle": 0, "axis": "y", "origin": [9, 0.5, 9]},
			"faces": {
				"east": {"uv": [0, 0, 1, 1], "texture": "#2"},
				"south": {"uv": [13, 15, 15, 16], "texture": "#2"},
				"up": {"uv": [13, 15, 15, 16], "rotation": 180, "texture": "#2"}
			}
		},
		{
			"name": "Seat",
			"from": [5, 11.02, 5],
			"to": [11, 12.02, 11],
			"rotation": {"angle": 0, "axis": "y", "origin": [8, 0.5, 8]},
			"faces": {
				"up": {"uv": [5, 5, 11, 11], "rotation": 180, "texture": "#2"}
			}
		},
		{
			"name": "Seat",
			"from": [11, 11.02, 5],
			"to": [14, 12.02, 11],
			"rotation": {"angle": 0, "axis": "y", "origin": [9, 0.5, 8]},
			"faces": {
				"east": {"uv": [15, 3, 16, 9], "rotation": 270, "texture": "#2"},
				"up": {"uv": [13, 3, 16, 9], "texture": "#2"}
			}
		},
		{
			"name": "Seat",
			"from": [5, 11.02, 2],
			"to": [11, 12.02, 5],
			"rotation": {"angle": 0, "axis": "y", "origin": [8, 0.5, 7]},
			"faces": {
				"north": {"uv": [7, 15, 13, 16], "rotation": 180, "texture": "#2"},
				"up": {"uv": [7, 13, 13, 16], "rotation": 180, "texture": "#2"}
			}
		},
		{
			"name": "Seat",
			"from": [2, 11.02, 5],
			"to": [5, 12.02, 11],
			"rotation": {"angle": 0, "axis": "y", "origin": [7, 0.5, 8]},
			"faces": {
				"west": {"uv": [15, 3, 16, 9], "rotation": 90, "texture": "#2"},
				"up": {"uv": [13, 3, 16, 9], "rotation": 180, "texture": "#2"}
			}
		},
		{
			"name": "Seat",
			"from": [5, 11.02, 11],
			"to": [11, 12.02, 14],
			"rotation": {"angle": 0, "axis": "y", "origin": [8, 0.5, 9]},
			"faces": {
				"south": {"uv": [7, 15, 13, 16], "texture": "#2"},
				"up": {"uv": [7, 13, 13, 16], "texture": "#2"}
			}
		},
		{
			"name": "Seat",
			"from": [11, 11.02, 2],
			"to": [14, 12.02, 5],
			"rotation": {"angle": 0, "axis": "y", "origin": [9, 0.5, 7]},
			"faces": {
				"north": {"uv": [13, 15, 16, 16], "rotation": 180, "texture": "#2"},
				"east": {"uv": [15, 13, 16, 16], "rotation": 270, "texture": "#2"},
				"up": {"uv": [13, 13, 16, 16], "rotation": 270, "texture": "#2"}
			}
		},
		{
			"name": "Seat",
			"from": [2, 11.02, 11],
			"to": [5, 12.02, 13],
			"rotation": {"angle": 0, "axis": "y", "origin": [7, 0.5, 9]},
			"faces": {
				"south": {"uv": [13, 2, 16, 3], "texture": "#2"},
				"west": {"uv": [15, 1, 16, 3], "rotation": 90, "texture": "#2"},
				"up": {"uv": [13, 1, 16, 3], "rotation": 180, "texture": "#2"}
			}
		},
		{
			"name": "Seat",
			"from": [2, 11.02, 2],
			"to": [5, 12.02, 5],
			"rotation": {"angle": 0, "axis": "y", "origin": [7, 0.5, 7]},
			"faces": {
				"north": {"uv": [13, 15, 16, 16], "texture": "#2"},
				"west": {"uv": [15, 13, 16, 16], "rotation": 90, "texture": "#2"},
				"up": {"uv": [13, 13, 16, 16], "rotation": 180, "texture": "#2"}
			}
		},
		{
			"name": "Seat",
			"from": [11, 11.02, 11],
			"to": [14, 12.02, 13],
			"rotation": {"angle": 0, "axis": "y", "origin": [9, 0.5, 9]},
			"faces": {
				"east": {"uv": [15, 13, 16, 15], "rotation": 270, "texture": "#2"},
				"south": {"uv": [13, 13, 16, 14], "texture": "#2"},
				"up": {"uv": [13, 13, 16, 15], "texture": "#2"}
			}
		},
		{
			"name": "Arm",
			"from": [0.49, 16.01, 3],
			"to": [2.51, 17.01, 13],
			"rotation": {"angle": 0, "axis": "y", "origin": [8, 0, 8]},
			"faces": {
				"north": {"uv": [14, 3, 16, 4], "texture": "#2"},
				"east": {"uv": [14, 3, 15, 13], "rotation": 270, "texture": "#2"},
				"south": {"uv": [14, 8, 16, 9], "rotation": 180, "texture": "#2"},
				"west": {"uv": [15, 3, 16, 13], "rotation": 90, "texture": "#2"},
				"up": {"uv": [14, 3, 16, 13], "rotation": 180, "texture": "#2"}
			}
		},
		{
			"name": "Arm",
			"from": [-0.01, 16.5, 13.01],
			"to": [3.01, 17.5, 16.03],
			"rotation": {"angle": 0, "axis": "y", "origin": [5, 6, 18]},
			"faces": {
				"north": {"uv": [13, 13, 16, 14], "texture": "#2"},
				"east": {"uv": [13, 13, 14, 16], "rotation": 90, "texture": "#2"},
				"south": {"uv": [13, 15, 16, 16], "rotation": 180, "texture": "#2"},
				"west": {"uv": [15, 13, 16, 16], "rotation": 270, "texture": "#2"},
				"up": {"uv": [13, 13, 16, 16], "rotation": 90, "texture": "#2"}
			}
		},
		{
			"name": "Arm",
			"from": [13.49, 16.01, 3],
			"to": [15.51, 17.01, 13],
			"rotation": {"angle": 0, "axis": "y", "origin": [8, 0, 8]},
			"faces": {
				"north": {"uv": [14, 3, 16, 4], "rotation": 180, "texture": "#2"},
				"east": {"uv": [15, 3, 16, 13], "rotation": 90, "texture": "#2"},
				"south": {"uv": [14, 8, 16, 9], "rotation": 180, "texture": "#2"},
				"west": {"uv": [14, 3, 15, 13], "rotation": 90, "texture": "#2"},
				"up": {"uv": [14, 3, 16, 13], "texture": "#2"}
			}
		},
		{
			"name": "Arm",
			"from": [12.99, 16.5, 13.01],
			"to": [16.01, 17.5, 16.03],
			"rotation": {"angle": 0, "axis": "y", "origin": [17.5, 6, 18]},
			"faces": {
				"north": {"uv": [13, 13, 16, 14], "texture": "#2"},
				"east": {"uv": [15, 13, 16, 16], "rotation": 90, "texture": "#2"},
				"south": {"uv": [13, 15, 16, 16], "texture": "#2"},
				"west": {"uv": [13, 13, 14, 16], "rotation": 270, "texture": "#2"},
				"up": {"uv": [13, 13, 16, 16], "texture": "#2"}
			}
		},
		{
			"name": "Back",
			"from": [2.99, 28, 1.26],
			"to": [5, 31, 2.26],
			"rotation": {"angle": 0, "axis": "y", "origin": [7, 11.75, 0.75]},
			"faces": {
				"south": {"uv": [13, 12, 15, 15], "rotation": 180, "texture": "#2"},
				"west": {"uv": [15, 12, 16, 15], "rotation": 180, "texture": "#2"},
				"up": {"uv": [13, 15, 16, 16], "rotation": 180, "texture": "#2"}
			}
		},
		{
			"name": "Back",
			"from": [2.99, 20, 1.26],
			"to": [5, 28, 2.26],
			"rotation": {"angle": 0, "axis": "y", "origin": [7, 9.75, 0.75]},
			"faces": {
				"south": {"uv": [13, 4, 15, 12], "rotation": 180, "texture": "#2"},
				"west": {"uv": [15, 4, 16, 12], "rotation": 180, "texture": "#2"}
			}
		},
		{
			"name": "Back",
			"from": [2.99, 17, 1.26],
			"to": [5, 20, 2.26],
			"rotation": {"angle": 0, "axis": "y", "origin": [7, 9.75, 0.75]},
			"faces": {
				"south": {"uv": [1, 12, 3, 15], "texture": "#2"},
				"west": {"uv": [15, 1, 16, 4], "rotation": 180, "texture": "#2"},
				"down": {"uv": [13, 2, 16, 3], "texture": "#2"}
			}
		},
		{
			"name": "Back",
			"from": [5, 28, 1.26],
			"to": [11, 31, 2.26],
			"rotation": {"angle": 0, "axis": "y", "origin": [7, 11.75, 0.75]},
			"faces": {
				"south": {"uv": [7, 12, 13, 15], "rotation": 180, "texture": "#2"},
				"up": {"uv": [7, 15, 13, 16], "texture": "#2"}
			}
		},
		{
			"name": "Back",
			"from": [5, 20, 1.26],
			"to": [11, 28, 2.26],
			"rotation": {"angle": 0, "axis": "y", "origin": [7, 9.75, 0.75]},
			"faces": {
				"south": {"uv": [5, 3, 11, 11], "rotation": 180, "texture": "#2"}
			}
		},
		{
			"name": "Back",
			"from": [5, 17, 1.26],
			"to": [11, 20, 2.26],
			"rotation": {"angle": 0, "axis": "y", "origin": [7, 9.75, 0.75]},
			"faces": {
				"south": {"uv": [7, 12, 13, 15], "texture": "#2"},
				"down": {"uv": [7, 15, 13, 16], "texture": "#2"}
			}
		},
		{
			"name": "Back",
			"from": [11, 28, 1.26],
			"to": [13.01, 31, 2.26],
			"rotation": {"angle": 0, "axis": "y", "origin": [7, 11.75, 0.75]},
			"faces": {
				"east": {"uv": [15, 12, 16, 15], "rotation": 180, "texture": "#2"},
				"south": {"uv": [12, 13, 15, 15], "rotation": 270, "texture": "#2"},
				"up": {"uv": [13, 15, 16, 16], "texture": "#2"}
			}
		},
		{
			"name": "Back",
			"from": [11, 20, 1.26],
			"to": [13.01, 28, 2.26],
			"rotation": {"angle": 0, "axis": "y", "origin": [7, 9.75, 0.75]},
			"faces": {
				"east": {"uv": [15, 4, 16, 12], "rotation": 180, "texture": "#2"},
				"south": {"uv": [13, 4, 15, 12], "texture": "#2"}
			}
		},
		{
			"name": "Back",
			"from": [11, 17, 1.26],
			"to": [13.01, 20, 2.26],
			"rotation": {"angle": 0, "axis": "y", "origin": [7, 9.75, 0.75]},
			"faces": {
				"east": {"uv": [15, 13, 16, 16], "rotation": 180, "texture": "#2"},
				"south": {"uv": [13, 12, 15, 15], "texture": "#2"},
				"down": {"uv": [13, 13, 16, 14], "texture": "#2"}
			}
		}
	],
	"display": {
		"thirdperson_righthand": {
			"scale": [0.85, 0.85, 0.85]
		},
		"thirdperson_lefthand": {
			"rotation": [90, 90, 0],
			"translation": [-4, -2, -5],
			"scale": [2.01, 2.01, 2.01]
		},
		"firstperson_lefthand": {
			"scale": [0.2, 0.2, 0.2]
		},
		"gui": {
			"rotation": [30, 35, 0],
			"translation": [0, -4, 0],
			"scale": [0.5, 0.5, 0.5]
		},
		"head": {
			"rotation": [0, 180, 0],
			"translation": [0, -0.475, 0]
		},
		"fixed": {
			"translation": [0, -4, 0],
			"scale": [0.5, 0.5, 0.5]
		}
	}
}