{
	"credit": "Made with Blockbench",
	"textures": {
		"0": "block/oak_log_top",
		"1": "block/honeycomb_block",
		"particle": "block/honeycomb_block"
	},
	"elements": [
		{
			"from": [7.5, 4, 8],
			"to": [8.5, 18, 9],
			"faces": {
				"north": {"uv": [15, 2, 16, 16], "texture": "#0"},
				"east": {"uv": [0, 2, 1, 16], "texture": "#0"},
				"south": {"uv": [15, 2, 16, 16], "texture": "#0"},
				"west": {"uv": [0, 2, 1, 16], "texture": "#0"},
				"up": {"uv": [0, 0, 1, 1], "texture": "#0"}
			}
		},
		{
			"from": [5.5, -1, 7.5],
			"to": [10.5, 4, 9.5],
			"faces": {
				"north": {"uv": [5, 9, 10, 14], "texture": "#1"},
				"east": {"uv": [3, 9, 5, 14], "texture": "#1"},
				"south": {"uv": [5, 9, 10, 14], "texture": "#1"},
				"west": {"uv": [10, 9, 12, 14], "texture": "#1"},
				"up": {"uv": [5, 7, 10, 9], "texture": "#1"},
				"down": {"uv": [5, 14, 10, 16], "texture": "#1"}
			}
		}
	],
	"display": {
		"thirdperson_righthand": {
			"rotation": [0, -180, 90],
			"translation": [5.75, -2, 5.5],
			"scale": [1.3, 1.3, 1.3]
		},
		"thirdperson_lefthand": {
			"rotation": [0, -90, 90],
			"translation": [1, -2, 17.75],
			"scale": [1.75, 1.75, 1.75]
		},
		"firstperson_righthand": {
			"rotation": [-10, 15, 0],
			"translation": [1, 0, 0],
			"scale": [0.4, 0.4, 0.4]
		},
		"firstperson_lefthand": {
			"rotation": [-10, 15, 0],
			"translation": [1, 0, 0],
			"scale": [0.4, 0.4, 0.4]
		},
		"ground": {
			"translation": [0, 1, 0],
			"scale": [0.3, 0.3, 0.3]
		},
		"gui": {
			"rotation": [35, -135, 0],
			"translation": [0, -1, 0],
			"scale": [0.5, 0.5, 0.5]
		},
		"head": {
			"translation": [0, -51.25, 0],
			"scale": [2.29, 2.287, 2.29]
		},
		"fixed": {
			"scale": [0.8, 0.8, 0.8]
		}
	}
}