{
	"credit": "Made with Blockbench",
	"textures": {
		"0": "block/red_wool"
	},
	"elements": [
		{
			"from": [4, 9, 11],
			"to": [13, 10, 16],
			"rotation": {"angle": 0, "axis": "y", "origin": [8, 8, 8]},
			"faces": {
				"east": {"uv": [1, 13, 6, 14], "texture": "#0"},
				"south": {"uv": [3, 3, 4, 12], "rotation": 90, "texture": "#0"},
				"west": {"uv": [4, 3, 9, 4], "texture": "#0"},
				"up": {"uv": [4, 3, 9, 12], "rotation": 90, "texture": "#0"}
			}
		},
		{
			"from": [0, 9, 3],
			"to": [4, 10, 12],
			"rotation": {"angle": 0, "axis": "y", "origin": [8, 8, 8]},
			"faces": {
				"north": {"uv": [9, 13, 13, 14], "texture": "#0"},
				"south": {"uv": [9, 0, 13, 1], "texture": "#0"},
				"west": {"uv": [13, 1, 14, 10], "rotation": 90, "texture": "#0"},
				"up": {"uv": [9, 1, 13, 10], "rotation": 180, "texture": "#0"}
			}
		},
		{
			"from": [4, 9, 3],
			"to": [6, 10, 11],
			"rotation": {"angle": 0, "axis": "y", "origin": [8, 8, 8]},
			"faces": {
				"north": {"uv": [7, 13, 9, 14], "texture": "#0"},
				"up": {"uv": [4, 2, 6, 10], "rotation": 180, "texture": "#0"}
			}
		},
		{
			"from": [6, 9, 3],
			"to": [8, 10, 8],
			"rotation": {"angle": 0, "axis": "y", "origin": [8, 8, 8]},
			"faces": {
				"north": {"uv": [5, 13, 7, 14], "texture": "#0"},
				"up": {"uv": [2, 10, 4, 15], "rotation": 180, "texture": "#0"}
			}
		},
		{
			"from": [8, 9, 3],
			"to": [13, 10, 5],
			"rotation": {"angle": 0, "axis": "y", "origin": [8, 8, 8]},
			"faces": {
				"north": {"uv": [0, 13, 5, 14], "texture": "#0"},
				"east": {"uv": [10, 12, 12, 13], "texture": "#0"},
				"up": {"uv": [9, 7, 14, 9], "rotation": 180, "texture": "#0"}
			}
		},
		{
			"from": [6, 9, 8],
			"to": [13, 10, 11],
			"rotation": {"angle": 0, "axis": "y", "origin": [8, 8, 8]},
			"faces": {
				"east": {"uv": [5, 13, 8, 14], "texture": "#0"},
				"up": {"uv": [7, 5, 10, 12], "rotation": 90, "texture": "#0"}
			}
		},
		{
			"from": [8, 9, 5],
			"to": [13, 10, 8],
			"rotation": {"angle": 0, "axis": "y", "origin": [8, 8, 8]},
			"faces": {
				"east": {"uv": [9, 13, 12, 14], "texture": "#0"},
				"up": {"uv": [9, 4, 12, 9], "rotation": 270, "texture": "#0"}
			}
		}
	],
	"display": {
		"thirdperson_righthand": {
			"rotation": [45, 0, 0],
			"translation": [0, 1, 0],
			"scale": [0.35, 0.35, 0.35]
		},
		"thirdperson_lefthand": {
			"rotation": [45, 0, 0],
			"translation": [0, 1, 0],
			"scale": [0.35, 0.35, 0.35]
		},
		"firstperson_righthand": {
			"rotation": [-10, 15, 0],
			"translation": [1, 0, 0],
			"scale": [0.4, 0.4, 0.4]
		},
		"firstperson_lefthand": {
			"rotation": [-10, 15, 0],
			"translation": [1, 0, 0],
			"scale": [0.4, 0.4, 0.4]
		},
		"ground": {
			"translation": [0, 1, 0],
			"scale": [0.3, 0.3, 0.3]
		},
		"gui": {
			"rotation": [35, -135, 0],
			"translation": [0, -1.5, 0],
			"scale": [0.5, 0.5, 0.5]
		},
		"head": {
			"translation": [0, 2.4, 0]
		},
		"fixed": {
			"translation": [0, -3.5, -4.1],
			"scale": [0.8, 0.8, 0.8]
		}
	}
}