{
    "ambientocclusion": false,
    "textures": {
        "particle": "#cross"
    },
    "elements": [
        {   "from": [ 0.8, 0, 7.99 ],
            "to": [ 15.2, 16, 8.01 ],
            "rotation": { "origin": [ 8, 8, 8 ], "axis": "y", "angle": 45, "rescale": true },
            "shade": true,
            "faces": {
                "north": { "uv": [ 0, 0, 16, 16 ], "texture": "#cross" },
                "south": { "uv": [ 0, 0, 16, 16 ], "texture": "#cross" }
            }
        },
        {   "from": [ 7.99, 0, 0.8 ],
            "to": [ 8.01, 16, 15.2 ],
            "rotation": { "origin": [ 8, 8, 8 ], "axis": "y", "angle": 45, "rescale": true },
            "shade": true,
            "faces": {
                "west": { "uv": [ 0, 0, 16, 16 ], "texture": "#cross" },
                "east": { "uv": [ 0, 0, 16, 16 ], "texture": "#cross" }
            }
        },


        {   "from": [ 0.8, 0, 7.99 ],
            "to": [ 15.2, 16, 8.01 ],
            "shade": true,
            "faces": {
                "north": { "uv": [ 0, 0, 16, 16 ], "texture": "#cross" },
                "south": { "uv": [ 0, 0, 16, 16 ], "texture": "#cross" }
            }
        },
        {   "from": [ 7.99, 0, 0.8 ],
            "to": [ 8.01, 16, 15.2 ],
            "shade": true,
            "faces": {
                "west": { "uv": [ 0, 0, 16, 16 ], "texture": "#cross" },
                "east": { "uv": [ 0, 0, 16, 16 ], "texture": "#cross" }
            }
        }

    ],

    "display": {
        "head": {
            "rotation": [ 0, 0, 0 ],
            "translation": [ 0, -14.8, 0 ],
            "scale": [ 2.3, 2.3, 2.3 ]
        }
    }

}
