{
	"credit": "Made with Blockbench",
	"textures": {
		"0": "block/oak_log_top",
		"1": "block/honeycomb_block",
		"particle": "block/honeycomb_block"
	},
	"elements": [
		{
			"from": [7.5, -6, 8],
			"to": [8.5, 8, 9],
			"rotation": {"angle": 0, "axis": "y", "origin": [8, 8, 8]},
			"faces": {
				"north": {"uv": [15, 2, 16, 16], "texture": "#0"},
				"east": {"uv": [0, 2, 1, 16], "texture": "#0"},
				"south": {"uv": [15, 2, 16, 16], "texture": "#0"},
				"west": {"uv": [0, 2, 1, 16], "texture": "#0"}
			}
		},
		{
			"from": [5.5, -11, 7.5],
			"to": [10.5, -6, 9.5],
			"rotation": {"angle": 0, "axis": "y", "origin": [8, 8, 8]},
			"faces": {
				"north": {"uv": [5, 9, 10, 14], "texture": "#1"},
				"east": {"uv": [3, 9, 5, 14], "texture": "#1"},
				"south": {"uv": [5, 9, 10, 14], "texture": "#1"},
				"west": {"uv": [10, 9, 12, 14], "texture": "#1"},
				"up": {"uv": [5, 7, 10, 9], "texture": "#1"},
				"down": {"uv": [5, 14, 10, 16], "texture": "#1"}
			}
		}
	],
	"display": {}
}