{
		"textures": {"0": "block/bone_block_side",
		"1": "block/copper_block",
		"particle": "block/copper_block"
	},
	"elements": [{
			"from": [6, 16, 6], "to": [10, 17, 10], "rotation": {"angle": 0, "axis": "y", "origin": [8, 16.5, 8]}, "faces": {
				"north": {"uv": [6, 5, 10, 6], "rotation": 180, "texture": "#1"},
				"east": {"uv": [10, 6, 11, 10], "rotation": 90, "texture": "#1"},
				"south": {"uv": [6, 10, 10, 11], "texture": "#1"},
				"west": {"uv": [5, 6, 6, 10], "rotation": 270, "texture": "#1"},
				"up": {"uv": [6, 6, 10, 10], "texture": "#1"},
				"down": {"uv": [6, 5, 10, 9], "texture": "#1"}
			}},
		{
			"from": [6.5, 17, 6.5], "to": [9.5, 18, 9.5], "rotation": {"angle": 0, "axis": "y", "origin": [8, 17.5, 8]}, "faces": {
				"north": {"uv": [6, 5, 9, 6], "rotation": 180, "texture": "#1"},
				"east": {"uv": [9, 6, 10, 9], "rotation": 90, "texture": "#1"},
				"south": {"uv": [6, 9, 9, 10], "texture": "#1"},
				"west": {"uv": [5, 6, 6, 9], "rotation": 270, "texture": "#1"},
				"up": {"uv": [6, 6, 9, 9], "texture": "#1"}
			}},
		{
			"from": [7, 17, 7], "to": [9, 23, 9], "rotation": {"angle": 0, "axis": "y", "origin": [8, 20, 8]}, "faces": {
				"north": {"uv": [9, 6, 11, 12], "texture": "#1"},
				"east": {"uv": [8, 6, 10, 12], "texture": "#1"},
				"south": {"uv": [7, 6, 9, 12], "texture": "#1"},
				"west": {"uv": [10, 6, 12, 12], "texture": "#1"},
				"up": {"uv": [6, 6, 8, 8], "texture": "#1"}
			}},
		{
			"from": [7, 23, 7], "to": [9, 24, 9], "rotation": {"angle": 0, "axis": "y", "origin": [8, 21, 8]}, "faces": {
				"north": {"uv": [9, 6, 11, 7], "texture": "#0"},
				"east": {"uv": [8, 6, 10, 7], "texture": "#0"},
				"south": {"uv": [7, 6, 9, 7], "texture": "#0"},
				"west": {"uv": [10, 6, 12, 7], "texture": "#0"},
				"up": {"uv": [6, 6, 8, 8], "texture": "#0"}
			}},
		{
			"from": [7.5, 22, 9], "to": [8.5, 23, 11], "rotation": {"angle": 0, "axis": "x", "origin": [8, 22.5, 8]}, "faces": {
				"east": {"uv": [6, 6, 8, 7], "texture": "#1"},
				"south": {"uv": [12, 6, 13, 7], "texture": "#1"},
				"west": {"uv": [12, 6, 14, 7], "texture": "#1"},
				"up": {"uv": [6, 6, 7, 8], "texture": "#1"},
				"down": {"uv": [8, 8, 9, 10], "texture": "#1"}
			}},
		{
			"from": [5, 22, 7.5], "to": [7, 23, 8.5], "rotation": {"angle": 0, "axis": "z", "origin": [8, 22.5, 8]}, "faces": {
				"north": {"uv": [11, 6, 13, 7], "texture": "#1"},
				"south": {"uv": [5, 6, 7, 7], "texture": "#1"},
				"west": {"uv": [4, 6, 5, 7], "texture": "#1"},
				"up": {"uv": [6, 6, 7, 8], "rotation": 90, "texture": "#1"},
				"down": {"uv": [11, 9, 12, 11], "rotation": 270, "texture": "#1"}
			}},
		{
			"from": [7.5, 22, 5], "to": [8.5, 23, 7], "rotation": {"angle": 0, "axis": "x", "origin": [8, 22.5, 8]}, "faces": {
				"north": {"uv": [11, 6, 12, 7], "texture": "#1"},
				"east": {"uv": [12, 6, 14, 7], "texture": "#1"},
				"west": {"uv": [6, 6, 8, 7], "texture": "#1"},
				"up": {"uv": [6, 6, 7, 8], "rotation": 180, "texture": "#1"},
				"down": {"uv": [8, 7, 9, 9], "rotation": 180, "texture": "#1"}
			}},
		{
			"from": [9, 22, 7.5], "to": [11, 23, 8.5], "rotation": {"angle": 0, "axis": "z", "origin": [8, 22.5, 8]}, "faces": {
				"north": {"uv": [7, 6, 9, 7], "texture": "#1"},
				"east": {"uv": [11, 6, 12, 7], "texture": "#1"},
				"south": {"uv": [9, 6, 11, 7], "texture": "#1"},
				"up": {"uv": [6, 6, 7, 8], "rotation": 270, "texture": "#1"},
				"down": {"uv": [9, 9, 10, 11], "rotation": 90, "texture": "#1"}
			}},
		{
			"from": [7.5, 22.5, 11], "to": [8.5, 24, 12], "rotation": {"angle": 0, "axis": "y", "origin": [8, 23, 8]}, "faces": {
				"north": {"uv": [8, 5, 9, 6.5], "texture": "#1"},
				"east": {"uv": [7, 5, 8, 6.5], "texture": "#1"},
				"south": {"uv": [8, 5, 9, 6.5], "texture": "#1"},
				"west": {"uv": [8, 5, 9, 6.5], "texture": "#1"},
				"up": {"uv": [7, 5, 8, 6], "texture": "#1"},
				"down": {"uv": [9, 9, 10, 10], "texture": "#1"}
			}},
		{
			"from": [4, 22.5, 7.5], "to": [5, 24, 8.5], "rotation": {"angle": 0, "axis": "z", "origin": [8, 23, 8]}, "faces": {
				"north": {"uv": [7, 5, 8, 6.5], "texture": "#1"},
				"east": {"uv": [8, 5, 9, 6.5], "texture": "#1"},
				"south": {"uv": [8, 5, 9, 6.5], "texture": "#1"},
				"west": {"uv": [8, 5, 9, 6.5], "texture": "#1"},
				"up": {"uv": [7, 5, 8, 6], "rotation": 270, "texture": "#1"},
				"down": {"uv": [9, 9, 10, 10], "rotation": 90, "texture": "#1"}
			}},
		{
			"from": [7.5, 22.5, 4], "to": [8.5, 24, 5], "rotation": {"angle": 0, "axis": "y", "origin": [8, 23, 8]}, "faces": {
				"north": {"uv": [8, 5, 9, 6.5], "texture": "#1"},
				"east": {"uv": [7, 5, 8, 6.5], "texture": "#1"},
				"south": {"uv": [8, 5, 9, 6.5], "texture": "#1"},
				"west": {"uv": [8, 5, 9, 6.5], "texture": "#1"},
				"up": {"uv": [7, 5, 8, 6], "texture": "#1"},
				"down": {"uv": [9, 9, 10, 10], "texture": "#1"}
			}},
		{
			"from": [11, 22.5, 7.5], "to": [12, 24, 8.5], "rotation": {"angle": 0, "axis": "z", "origin": [11.5, 23, 8]}, "faces": {
				"north": {"uv": [7, 5, 8, 6.5], "texture": "#1"},
				"east": {"uv": [8, 5, 9, 6.5], "texture": "#1"},
				"south": {"uv": [8, 5, 9, 6.5], "texture": "#1"},
				"west": {"uv": [8, 5, 9, 6.5], "texture": "#1"},
				"up": {"uv": [7, 5, 8, 6], "rotation": 270, "texture": "#1"},
				"down": {"uv": [9, 9, 10, 10], "rotation": 90, "texture": "#1"}
			}},
		{
			"name": "whick", "from": [11, 24, 7.5], "to": [12, 26, 8.5], "rotation": {"angle": 0, "axis": "z", "origin": [11.75, 25, 8.25]}, "faces": {
				"north": {"uv": [7, 5, 8, 7], "texture": "#0"},
				"east": {"uv": [8, 5, 9, 7], "texture": "#0"},
				"south": {"uv": [8, 5, 9, 7], "texture": "#0"},
				"west": {"uv": [8, 5, 9, 7], "texture": "#0"},
				"up": {"uv": [7, 5, 8, 6], "rotation": 270, "texture": "#0"}
			}},
		{
			"name": "whick", "from": [4, 24, 7.5], "to": [5, 26, 8.5], "rotation": {"angle": 0, "axis": "z", "origin": [8.25, 25, 8.25]}, "faces": {
				"north": {"uv": [7, 5, 8, 7], "texture": "#0"},
				"east": {"uv": [8, 5, 9, 7], "texture": "#0"},
				"south": {"uv": [8, 5, 9, 7], "texture": "#0"},
				"west": {"uv": [8, 5, 9, 7], "texture": "#0"},
				"up": {"uv": [7, 5, 8, 6], "rotation": 270, "texture": "#0"}
			}},
		{
			"name": "whick", "from": [7.5, 24, 11], "to": [8.5, 26, 12], "rotation": {"angle": 0, "axis": "y", "origin": [8.25, 25, 8.25]}, "faces": {
				"north": {"uv": [8, 5, 9, 7], "texture": "#0"},
				"east": {"uv": [7, 5, 8, 7], "texture": "#0"},
				"south": {"uv": [8, 5, 9, 7], "texture": "#0"},
				"west": {"uv": [8, 5, 9, 7], "texture": "#0"},
				"up": {"uv": [7, 5, 8, 6], "texture": "#0"}
			}},
		{
			"name": "whick", "from": [7.5, 24, 4], "to": [8.5, 26, 5], "rotation": {"angle": 0, "axis": "y", "origin": [8.25, 25, 8.25]}, "faces": {
				"north": {"uv": [8, 5, 9, 7], "texture": "#0"},
				"east": {"uv": [7, 5, 8, 7], "texture": "#0"},
				"south": {"uv": [8, 5, 9, 7], "texture": "#0"},
				"west": {"uv": [8, 5, 9, 7], "texture": "#0"},
				"up": {"uv": [7, 5, 8, 6], "texture": "#0"}
			}},
		{
			"from": [7.5, 21.75, 9], "to": [8.5, 22, 10], "rotation": {"angle": 0, "axis": "x", "origin": [8, 21.875, 8]}, "faces": {
				"east": {"uv": [6, 6, 7, 6.25], "texture": "#1"},
				"south": {"uv": [12, 6, 13, 6.25], "texture": "#1"},
				"west": {"uv": [12, 6, 13, 6.25], "texture": "#1"},
				"down": {"uv": [8, 8, 9, 9], "texture": "#1"}
			}},
		{
			"from": [9, 21.75, 7.5], "to": [10, 22, 8.5], "rotation": {"angle": 0, "axis": "y", "origin": [8, 21.875, 8]}, "faces": {
				"north": {"uv": [12, 6, 13, 6.25], "texture": "#1"},
				"east": {"uv": [9, 6, 10, 6.25], "texture": "#1"},
				"south": {"uv": [6, 6, 7, 6.25], "texture": "#1"},
				"down": {"uv": [8, 8, 9, 9], "rotation": 270, "texture": "#1"}
			}},
		{
			"from": [7.5, 21.75, 6], "to": [8.5, 22, 7], "rotation": {"angle": 0, "axis": "x", "origin": [8, 21.875, 8]}, "faces": {
				"north": {"uv": [9, 6, 10, 6.25], "texture": "#1"},
				"east": {"uv": [6, 6, 7, 6.25], "texture": "#1"},
				"west": {"uv": [12, 6, 13, 6.25], "texture": "#1"},
				"down": {"uv": [8, 8, 9, 9], "texture": "#1"}
			}},
		{
			"from": [6, 21.75, 7.5], "to": [7, 22, 8.5], "rotation": {"angle": 0, "axis": "y", "origin": [8, 21.875, 8]}, "faces": {
				"north": {"uv": [12, 6, 13, 6.25], "texture": "#1"},
				"south": {"uv": [6, 6, 7, 6.25], "texture": "#1"},
				"west": {"uv": [12, 6, 13, 6.25], "texture": "#1"},
				"down": {"uv": [8, 8, 9, 9], "rotation": 270, "texture": "#1"}
			}},
		{
			"from": [7.5, 23, 10], "to": [8.5, 23.25, 11], "rotation": {"angle": 0, "axis": "x", "origin": [8, 23.125, 12]}, "faces": {
				"north": {"uv": [12, 6, 13, 6.25], "rotation": 180, "texture": "#1"},
				"east": {"uv": [12, 6, 13, 6.25], "rotation": 180, "texture": "#1"},
				"west": {"uv": [12, 6, 13, 6.25], "rotation": 180, "texture": "#1"},
				"up": {"uv": [8, 8, 9, 9], "texture": "#1"}
			}},
		{
			"from": [5, 23, 7.5], "to": [6, 23.25, 8.5], "rotation": {"angle": 0, "axis": "x", "origin": [4, 23.125, 8]}, "faces": {
				"north": {"uv": [12, 6, 13, 6.25], "rotation": 180, "texture": "#1"},
				"east": {"uv": [12, 6, 13, 6.25], "rotation": 180, "texture": "#1"},
				"south": {"uv": [12, 6, 13, 6.25], "rotation": 180, "texture": "#1"},
				"up": {"uv": [8, 8, 9, 9], "rotation": 270, "texture": "#1"}
			}},
		{
			"from": [7.5, 23, 5], "to": [8.5, 23.25, 6], "rotation": {"angle": 0, "axis": "x", "origin": [8, 23.125, 4]}, "faces": {
				"east": {"uv": [12, 6, 13, 6.25], "rotation": 180, "texture": "#1"},
				"south": {"uv": [12, 6, 13, 6.25], "rotation": 180, "texture": "#1"},
				"west": {"uv": [12, 6, 13, 6.25], "rotation": 180, "texture": "#1"},
				"up": {"uv": [8, 8, 9, 9], "texture": "#1"}
			}},
		{
			"from": [10, 23, 7.5], "to": [11, 23.25, 8.5], "rotation": {"angle": 0, "axis": "x", "origin": [12, 23.125, 8]}, "faces": {
				"north": {"uv": [12, 6, 13, 6.25], "rotation": 180, "texture": "#1"},
				"south": {"uv": [12, 6, 13, 6.25], "rotation": 180, "texture": "#1"},
				"west": {"uv": [12, 6, 13, 6.25], "rotation": 180, "texture": "#1"},
				"up": {"uv": [8, 8, 9, 9], "rotation": 270, "texture": "#1"}
			}}
	],
	"display": {
		"head": {
			"translation": [0, 0, 0], "scale": [1.001, 1.001, 1.001]
		}
	}
}