{
	"credit": "Made with Blockbench, a free, modern block model editor by JannisX11",
	"texture_size": [8, 8],
	"textures": {
		"0": "block/anvil",
		"1": "block/stripped_oak_log",
		"particle": "block/anvil"
	},
	"elements": [
		{
			"from": [7.5, 2, 7.5],
			"to": [8.5, 10, 8.5],
			"faces": {
				"north": {"uv": [5, 0, 7, 16], "texture": "#1"},
				"east": {"uv": [3, 0, 5, 16], "texture": "#1"},
				"south": {"uv": [1, 0, 3, 16], "texture": "#1"},
				"west": {"uv": [7, 0, 9, 16], "texture": "#1"},
				"up": {"uv": [8, 3, 10, 5], "texture": "#1"}
			}
		},
		{
			"from": [7.25, 0.9, 7.25],
			"to": [8.75, 2, 8.75],
			"faces": {
				"north": {"uv": [12, 6, 15, 8], "texture": "#0"},
				"east": {"uv": [9, 6, 12, 8], "texture": "#0"},
				"south": {"uv": [6, 6, 9, 8], "texture": "#0"},
				"west": {"uv": [3, 6, 6, 8], "texture": "#0"},
				"up": {"uv": [0, 0, 1, 1], "texture": "#0"},
				"down": {"uv": [4, 3, 6, 5], "texture": "#0"}
			}
		},
		{
			"name": "HammerHead",
			"from": [5.5, 6.75, 8],
			"to": [8, 9.75, 9],
			"rotation": {"angle": 0, "axis": "y", "origin": [8, 0, 8]},
			"faces": {
				"south": {"uv": [0, 0, 5, 6], "texture": "#0"},
				"west": {"uv": [14, 0, 16, 6], "texture": "#0"},
				"up": {"uv": [11, 0, 16, 2], "rotation": 180, "texture": "#0"},
				"down": {"uv": [11, 11, 16, 13], "rotation": 180, "texture": "#0"}
			}
		},
		{
			"name": "HammerHead",
			"from": [5.5, 6.75, 7],
			"to": [8, 9.75, 8],
			"rotation": {"angle": 0, "axis": "y", "origin": [8, 0, 8]},
			"faces": {
				"north": {"uv": [11, 0, 16, 6], "texture": "#0"},
				"west": {"uv": [0, 0, 2, 6], "texture": "#0"},
				"up": {"uv": [0, 0, 5, 2], "texture": "#0"},
				"down": {"uv": [0, 7, 5, 9], "rotation": 180, "texture": "#0"}
			}
		},
		{
			"name": "HammerHead",
			"from": [8, 6.75, 8],
			"to": [10.5, 9.75, 9],
			"rotation": {"angle": 0, "axis": "y", "origin": [8, 0, 8]},
			"faces": {
				"east": {"uv": [0, 0, 2, 6], "texture": "#0"},
				"south": {"uv": [11, 0, 16, 6], "texture": "#0"},
				"up": {"uv": [0, 0, 5, 2], "rotation": 180, "texture": "#0"},
				"down": {"uv": [0, 7, 5, 9], "texture": "#0"}
			}
		},
		{
			"name": "HammerHead",
			"from": [8, 6.75, 7],
			"to": [10.5, 9.75, 8],
			"rotation": {"angle": 0, "axis": "y", "origin": [8, 0, 8]},
			"faces": {
				"north": {"uv": [0, 0, 5, 6], "texture": "#0"},
				"east": {"uv": [14, 0, 16, 6], "texture": "#0"},
				"up": {"uv": [11, 0, 16, 2], "texture": "#0"},
				"down": {"uv": [11, 11, 16, 13], "texture": "#0"}
			}
		}
	],
	"display": {
		"thirdperson_righthand": {
			"rotation": [0, 90, 10],
			"translation": [0, 4, 2.5]
		},
		"thirdperson_lefthand": {
			"rotation": [0, 90, 5],
			"translation": [0, 2.75, 2.5],
			"scale": [1.15, 1.15, 1.15]
		},
		"firstperson_righthand": {
			"rotation": [0, 90, 10],
			"translation": [0, 5.5, 2],
			"scale": [1.2, 1.3, 1.2]
		},
		"firstperson_lefthand": {
			"rotation": [0, 90, 10],
			"translation": [0, 5.5, 2],
			"scale": [1.2, 1.3, 1.5]
		},
		"ground": {
			"rotation": [45, 90, 0],
			"translation": [0, 2, 0]
		},
		"gui": {
			"rotation": [0, 0, -45],
			"translation": [3, 2, 0],
			"scale": [1.75, 1.45, 1]
		},
		"fixed": {
			"translation": [0, 3.5, 0],
			"scale": [1.5, 1.5, 1.5]
		}
	}
}