{
	"credit": "Made with Blockbench",
	"textures": {
		"1": "block/bone_block_side",
		"particle": "block/bone_block_side"
	},
	"elements": [
		{
			"from": [4, 16, 5],
			"to": [11, 16, 15],
			"faces": {
				"up": {"uv": [5, 3, 12, 13], "texture": "#1"}
			}
		}
	],
	"display": {
		"thirdperson_righthand": {
			"rotation": [90, -90, 0],
			"translation": [-6, -2, 20]
		},
		"thirdperson_lefthand": {
			"rotation": [90, -90, 0],
			"translation": [-6, -2, 20],
			"scale": [2, 2, 2]
		},
		"firstperson_lefthand": {
			"scale": [0.2, 0.2, 0.2]
		},
		"gui": {
			"rotation": [30, 35, 0],
			"translation": [0, -4, 0],
			"scale": [0.5, 0.5, 0.5]
		},
		"head": {
			"translation": [0, 0.1, 0]
		},
		"fixed": {
			"translation": [0, -4, 0],
			"scale": [0.5, 0.5, 0.5]
		}
	}
}