{
		"textures": {"0": "block/quartz_block_bottom",
		"1": "block/quartz_pillar_top",
		"2": "block/quartz_pillar",
		"particle": "block/quartz_pillar_top"
	},
	"elements": [{
			"name": "Back_Support", "from": [2, 10, 12], "to": [4, 22, 14], "rotation": {"angle": 0, "axis": "y", "origin": [8, 7.5, 8]}, "faces": {
				"north": {"uv": [1, 2, 3, 14], "texture": "#0"},
				"east": {"uv": [0, 2, 2, 14], "texture": "#0"},
				"south": {"uv": [1, 2, 3, 14], "texture": "#0"},
				"west": {"uv": [0, 2, 2, 14], "texture": "#0"},
				"up": {"uv": [0, 0, 2, 2], "texture": "#0"},
				"down": {"uv": [0, 0, 2, 2], "texture": "#0"}
			}},
		{
			"name": "Back_Support", "from": [12, 10, 12], "to": [14, 22, 14], "rotation": {"angle": 0, "axis": "y", "origin": [8, 7.5, 8]}, "faces": {
				"north": {"uv": [4, 2, 6, 14], "texture": "#0"},
				"east": {"uv": [13, 2, 15, 14], "texture": "#0"},
				"south": {"uv": [11, 2, 13, 14], "texture": "#0"},
				"west": {"uv": [0, 2, 2, 14], "texture": "#0"},
				"up": {"uv": [0, 0, 2, 2], "texture": "#0"},
				"down": {"uv": [0, 0, 2, 2], "texture": "#0"}
			}},
		{
			"name": "SeatS2", "from": [12, 8, 4], "to": [14, 10, 14], "rotation": {"angle": 0, "axis": "y", "origin": [8, 7.5, 8]}, "faces": {
				"east": {"uv": [3, 6, 13, 8], "texture": "#2"},
				"south": {"uv": [11, 14, 13, 16], "texture": "#2"},
				"up": {"uv": [2, 7, 12, 9], "rotation": 90, "texture": "#2"},
				"down": {"uv": [1, 3, 11, 5], "rotation": 90, "texture": "#2"}
			}},
		{
			"name": "SeatS3", "from": [4, 8, 12], "to": [12, 10, 14], "rotation": {"angle": 0, "axis": "y", "origin": [8, 7.5, 8]}, "faces": {
				"south": {"uv": [3, 6, 11, 8], "texture": "#2"},
				"west": {"uv": [11, 14, 13, 16], "texture": "#2"},
				"up": {"uv": [2, 7, 10, 9], "rotation": 180, "texture": "#2"},
				"down": {"uv": [3, 3, 11, 5], "texture": "#2"}
			}},
		{
			"name": "SeatS4", "from": [2, 8, 4], "to": [4, 10, 14], "rotation": {"angle": 0, "axis": "y", "origin": [8, 7.5, 10]}, "faces": {
				"south": {"uv": [1, 0, 3, 2], "texture": "#2"},
				"west": {"uv": [2, 6, 12, 8], "texture": "#2"},
				"up": {"uv": [1, 7, 11, 9], "rotation": 270, "texture": "#2"},
				"down": {"uv": [1, 3, 11, 5], "rotation": 270, "texture": "#2"}
			}},
		{
			"name": "SeatS1", "from": [4, 8, 2], "to": [12, 10, 4], "rotation": {"angle": 0, "axis": "y", "origin": [8, 7.5, -2]}, "faces": {
				"north": {"uv": [1, 5.25, 9, 7.25], "texture": "#2"},
				"up": {"uv": [3, 8, 11, 10], "rotation": 180, "texture": "#2"},
				"down": {"uv": [0, 3, 2, 11], "rotation": 270, "texture": "#2"}
			}},
		{
			"name": "SeatS2", "from": [12, 8, 2], "to": [14, 10, 4], "rotation": {"angle": 0, "axis": "y", "origin": [8, 7.5, -2]}, "faces": {
				"north": {"uv": [6, 6, 8, 8], "texture": "#1"},
				"east": {"uv": [10, 4, 12, 6], "texture": "#1"},
				"up": {"uv": [10, 4, 12, 6], "texture": "#1"}
			}},
		{
			"name": "SeatS3", "from": [2, 8, 2], "to": [4, 10, 4], "rotation": {"angle": 0, "axis": "y", "origin": [3, 9, 3]}, "faces": {
				"north": {"uv": [8, 6, 10, 8], "texture": "#1"},
				"west": {"uv": [6, 6, 8, 8], "texture": "#1"},
				"up": {"uv": [4, 4, 6, 6], "texture": "#1"}
			}},
		{
			"name": "Seat", "from": [4, 8, 4], "to": [12, 10, 12], "rotation": {"angle": 0, "axis": "y", "origin": [8, 7.5, 8]}, "faces": {
				"north": {"uv": [4, 2, 12, 4], "texture": "#0"},
				"east": {"uv": [0, 0, 8, 2], "texture": "#0"},
				"south": {"uv": [3, 14, 11, 16], "texture": "#0"},
				"west": {"uv": [0, 0, 8, 2], "texture": "#0"},
				"up": {"uv": [4, 4, 12, 12], "rotation": 180, "texture": "#1"},
				"down": {"uv": [3, 4, 11, 12], "texture": "#0"}
			}},
		{
			"name": "Back_Beam", "from": [4, 18, 12.5], "to": [12, 20, 13.5], "rotation": {"angle": 0, "axis": "y", "origin": [8, 6.5, 8]}, "faces": {
				"north": {"uv": [3, 8, 11, 10], "texture": "#0"},
				"east": {"uv": [0, 0, 1, 2], "texture": "#0"},
				"south": {"uv": [2, 4, 10, 6], "texture": "#0"},
				"west": {"uv": [0, 0, 1, 2], "texture": "#0"},
				"up": {"uv": [2, 4, 10, 5], "texture": "#0"},
				"down": {"uv": [0, 0, 8, 1], "texture": "#0"}
			}},
		{
			"name": "Back_Beam", "from": [4, 14, 12.5], "to": [12, 16, 13.5], "rotation": {"angle": 0, "axis": "y", "origin": [8, 6.75, 8]}, "faces": {
				"north": {"uv": [4, 4, 12, 6], "texture": "#0"},
				"east": {"uv": [0, 0, 1, 2], "texture": "#0"},
				"south": {"uv": [3, 5, 11, 7], "texture": "#0"},
				"west": {"uv": [0, 0, 1, 2], "texture": "#0"},
				"up": {"uv": [3, 5, 11, 6], "texture": "#0"},
				"down": {"uv": [0, 0, 8, 1], "texture": "#0"}
			}},
		{
			"name": "Leg1", "from": [12, 0, 2], "to": [14, 8, 4], "rotation": {"angle": 0, "axis": "y", "origin": [8, 7, 8.75]}, "faces": {
				"north": {"uv": [6, 6, 14, 8], "rotation": 90, "texture": "#0"},
				"east": {"uv": [2, 2, 10, 4], "rotation": 90, "texture": "#0"},
				"south": {"uv": [2, 7, 10, 9], "rotation": 90, "texture": "#0"},
				"west": {"uv": [2, 5, 10, 7], "rotation": 90, "texture": "#0"},
				"up": {"uv": [0, 0, 2, 2], "rotation": 90, "texture": "#0"},
				"down": {"uv": [7, 7, 9, 9], "rotation": 90, "texture": "#0"}
			}},
		{
			"name": "Leg2", "from": [2, 0, 2], "to": [4, 8, 4], "rotation": {"angle": 0, "axis": "y", "origin": [-2, 7, 8.75]}, "faces": {
				"north": {"uv": [6, 6, 14, 8], "rotation": 90, "texture": "#0"},
				"east": {"uv": [2, 2, 10, 4], "rotation": 90, "texture": "#0"},
				"south": {"uv": [2, 7, 10, 9], "rotation": 90, "texture": "#0"},
				"west": {"uv": [2, 5, 10, 7], "rotation": 90, "texture": "#0"},
				"up": {"uv": [0, 0, 2, 2], "rotation": 90, "texture": "#0"},
				"down": {"uv": [7, 7, 9, 9], "rotation": 90, "texture": "#0"}
			}},
		{
			"name": "Leg3", "from": [2, 0, 12], "to": [4, 8, 14], "rotation": {"angle": 0, "axis": "y", "origin": [-2, 7, 18.75]}, "faces": {
				"north": {"uv": [2, 4, 10, 6], "rotation": 90, "texture": "#0"},
				"east": {"uv": [2, 2, 10, 4], "rotation": 90, "texture": "#0"},
				"south": {"uv": [2, 7, 10, 9], "rotation": 90, "texture": "#0"},
				"west": {"uv": [2, 5, 10, 7], "rotation": 90, "texture": "#0"},
				"up": {"uv": [0, 0, 2, 2], "rotation": 90, "texture": "#0"},
				"down": {"uv": [7, 7, 9, 9], "rotation": 90, "texture": "#0"}
			}},
		{
			"name": "Leg4", "from": [12, 0, 12], "to": [14, 8, 14], "rotation": {"angle": 0, "axis": "y", "origin": [8, 7, 18.75]}, "faces": {
				"north": {"uv": [2, 4, 10, 6], "rotation": 90, "texture": "#0"},
				"east": {"uv": [6, 11, 14, 13], "rotation": 90, "texture": "#0"},
				"south": {"uv": [2, 7, 10, 9], "rotation": 90, "texture": "#0"},
				"west": {"uv": [2, 5, 10, 7], "rotation": 90, "texture": "#0"},
				"up": {"uv": [0, 0, 2, 2], "rotation": 90, "texture": "#0"},
				"down": {"uv": [7, 7, 9, 9], "rotation": 90, "texture": "#0"}
			}}
	],
	"display": {
		"thirdperson_righthand": {
			"rotation": [45, 0, 0], "translation": [0, 1, 0], "scale": [0.35, 0.35, 0.35]
		},
		"thirdperson_lefthand": {
			"rotation": [45, 0, 0], "translation": [0, 1, 0], "scale": [0.35, 0.35, 0.35]
		},
		"firstperson_righthand": {
			"rotation": [-10, 15, 0], "translation": [1, 0, 0], "scale": [0.4, 0.4, 0.4]
		},
		"firstperson_lefthand": {
			"rotation": [-10, 15, 0], "translation": [1, 0, 0], "scale": [0.4, 0.4, 0.4]
		},
		"ground": {
			"translation": [0, 1, 0], "scale": [0.3, 0.3, 0.3]
		},
		"gui": {
			"rotation": [35, -135, 0], "translation": [0, -2, 0], "scale": [0.5, 0.5, 0.5]
		},
		"head": {
			"rotation": [0, 0, 0],
      "translation": [0, 1.5, 0],
      "scale": [1, 1, 1]
		},
		"fixed": {
			"translation": [0, -3.5, -4.1], "scale": [0.8, 0.8, 0.8]
		}
	}
}