{
	"credit": "Made with Blockbench",
	"textures": {
		"0": "block/stone_bricks"
	},
	"elements": [
		{
			"name": "Back_Support",
			"from": [2, 10, 12],
			"to": [4, 22, 14],
			"rotation": {"angle": 0, "axis": "y", "origin": [8, 7.5, 8]},
			"faces": {
				"north": {"uv": [1, 2, 3, 14], "texture": "#0"},
				"east": {"uv": [0, 2, 2, 14], "texture": "#0"},
				"south": {"uv": [1, 2, 3, 14], "texture": "#0"},
				"west": {"uv": [0, 2, 2, 14], "texture": "#0"},
				"up": {"uv": [0, 0, 2, 2], "texture": "#0"},
				"down": {"uv": [0, 0, 2, 2], "texture": "#0"}
			}
		},
		{
			"name": "Back_Support",
			"from": [12, 10, 12],
			"to": [14, 22, 14],
			"rotation": {"angle": 0, "axis": "y", "origin": [8, 7.5, 8]},
			"faces": {
				"north": {"uv": [4, 2, 6, 14], "texture": "#0"},
				"east": {"uv": [13, 2, 15, 14], "texture": "#0"},
				"south": {"uv": [11, 2, 13, 14], "texture": "#0"},
				"west": {"uv": [0, 2, 2, 14], "texture": "#0"},
				"up": {"uv": [0, 0, 2, 2], "texture": "#0"},
				"down": {"uv": [0, 0, 2, 2], "texture": "#0"}
			}
		},
		{
			"name": "Seat",
			"from": [2, 8, 2],
			"to": [14, 10, 14],
			"rotation": {"angle": 0, "axis": "y", "origin": [8, 7.5, 8]},
			"faces": {
				"north": {"uv": [2, 3, 14, 5], "texture": "#0"},
				"east": {"uv": [13, 3, 15, 15], "rotation": 270, "texture": "#0"},
				"south": {"uv": [1, 12, 13, 14], "texture": "#0"},
				"west": {"uv": [12, 3, 14, 15], "rotation": 90, "texture": "#0"},
				"up": {"uv": [1, 0, 13, 12], "texture": "#0"},
				"down": {"uv": [2, 0, 14, 12], "rotation": 180, "texture": "#0"}
			}
		},
		{
			"name": "Back_Beam",
			"from": [4, 18, 12.5],
			"to": [12, 20, 13.5],
			"rotation": {"angle": 0, "axis": "y", "origin": [8, 6.5, 8]},
			"faces": {
				"north": {"uv": [8, 10, 16, 12], "texture": "#0"},
				"east": {"uv": [0, 0, 1, 2], "texture": "#0"},
				"south": {"uv": [2, 4, 10, 6], "texture": "#0"},
				"west": {"uv": [0, 0, 1, 2], "texture": "#0"},
				"up": {"uv": [2, 4, 10, 5], "texture": "#0"},
				"down": {"uv": [0, 0, 8, 1], "texture": "#0"}
			}
		},
		{
			"name": "Back_Beam",
			"from": [4, 14, 12.5],
			"to": [12, 16, 13.5],
			"rotation": {"angle": 0, "axis": "y", "origin": [8, 6.75, 8]},
			"faces": {
				"north": {"uv": [4, 4, 12, 6], "texture": "#0"},
				"east": {"uv": [0, 0, 1, 2], "texture": "#0"},
				"south": {"uv": [3, 5, 11, 7], "texture": "#0"},
				"west": {"uv": [0, 0, 1, 2], "texture": "#0"},
				"up": {"uv": [3, 5, 11, 6], "texture": "#0"},
				"down": {"uv": [0, 0, 8, 1], "texture": "#0"}
			}
		},
		{
			"name": "Leg1",
			"from": [12, 0, 2],
			"to": [14, 8, 4],
			"rotation": {"angle": 0, "axis": "y", "origin": [8, 7, 8.75]},
			"faces": {
				"north": {"uv": [0, 1, 2, 9], "texture": "#0"},
				"east": {"uv": [8, 1, 10, 9], "texture": "#0"},
				"south": {"uv": [4, 1, 6, 9], "texture": "#0"},
				"west": {"uv": [2, 1, 4, 9], "texture": "#0"},
				"down": {"uv": [0, 0, 2, 2], "texture": "#0"}
			}
		},
		{
			"name": "Leg2",
			"from": [2, 0, 2],
			"to": [4, 8, 4],
			"rotation": {"angle": 0, "axis": "y", "origin": [8, 7, 8.75]},
			"faces": {
				"north": {"uv": [0, 1, 2, 9], "texture": "#0"},
				"east": {"uv": [8, 1, 10, 9], "texture": "#0"},
				"south": {"uv": [4, 1, 6, 9], "texture": "#0"},
				"west": {"uv": [2, 1, 4, 9], "texture": "#0"},
				"down": {"uv": [0, 0, 2, 2], "texture": "#0"}
			}
		},
		{
			"name": "Leg3",
			"from": [2, 0, 12],
			"to": [4, 8, 14],
			"rotation": {"angle": 0, "axis": "y", "origin": [8, 7, 8]},
			"faces": {
				"north": {"uv": [0, 1, 2, 9], "texture": "#0"},
				"east": {"uv": [8, 1, 10, 9], "texture": "#0"},
				"south": {"uv": [4, 1, 6, 9], "texture": "#0"},
				"west": {"uv": [2, 1, 4, 9], "texture": "#0"},
				"down": {"uv": [0, 0, 2, 2], "texture": "#0"}
			}
		},
		{
			"name": "Leg4",
			"from": [12, 0, 12],
			"to": [14, 8, 14],
			"rotation": {"angle": 0, "axis": "y", "origin": [8, 7, 8]},
			"faces": {
				"north": {"uv": [0, 1, 2, 9], "texture": "#0"},
				"east": {"uv": [8, 1, 10, 9], "texture": "#0"},
				"south": {"uv": [4, 1, 6, 9], "texture": "#0"},
				"west": {"uv": [2, 1, 4, 9], "texture": "#0"},
				"down": {"uv": [0, 0, 2, 2], "texture": "#0"}
			}
		}
	],
	"display": {
		"thirdperson_righthand": {
			"rotation": [45, 0, 0], "translation": [0, 1, 0], "scale": [0.35, 0.35, 0.35]
		},
		"thirdperson_lefthand": {
			"rotation": [45, 0, 0], "translation": [0, 1, 0], "scale": [0.35, 0.35, 0.35]
		},
		"firstperson_righthand": {
			"rotation": [-10, 15, 0], "translation": [1, 0, 0], "scale": [0.4, 0.4, 0.4]
		},
		"firstperson_lefthand": {
			"rotation": [-10, 15, 0], "translation": [1, 0, 0], "scale": [0.4, 0.4, 0.4]
		},
		"ground": {
			"translation": [0, 1, 0], "scale": [0.3, 0.3, 0.3]
		},
		"gui": {
			"rotation": [35, -135, 0], "translation": [0, -1.5, 0], "scale": [0.5, 0.5, 0.5]
		},
		"head": {
			"rotation": [0, 0, 0],
      "translation": [0, 1.5, 0],
      "scale": [1, 1, 1]
		},
		"fixed": {
			"translation": [0, -3.5, -4.1], "scale": [0.8, 0.8, 0.8]
		}
	}
}