{
		"textures": {"0": "block/acacia_planks"
	},
	"elements": [{
			"name": "Seat", "from": [2, 8, 2], "to": [14, 10, 14], "rotation": {"angle": 0, "axis": "y", "origin": [8.5, 7, 7.75]}, "faces": {
				"north": {"uv": [2, 3, 14, 5], "texture": "#0"},
				"east": {"uv": [3, 3, 15, 5], "texture": "#0"},
				"south": {"uv": [2, 11, 14, 13], "texture": "#0"},
				"west": {"uv": [2, 7, 14, 9], "texture": "#0"},
				"up": {"uv": [1, 4, 13, 16], "texture": "#0"},
				"down": {"uv": [2, 4.5, 14, 16.5], "texture": "#0"}
			}},
		{
			"name": "BackPost", "from": [2, 19, 12], "to": [4, 22, 14], "rotation": {"angle": 0, "axis": "y", "origin": [-2, 27, 18.5]}, "faces": {
				"north": {"uv": [6, 5, 8, 8], "texture": "#0"},
				"east": {"uv": [8, 5, 10, 8], "texture": "#0"},
				"south": {"uv": [7, 5, 9, 8], "texture": "#0"},
				"west": {"uv": [5, 5, 7, 8], "texture": "#0"},
				"up": {"uv": [7, 4, 9, 6], "texture": "#0"},
				"down": {"uv": [6, 5, 8, 7], "texture": "#0"}
			}},
		{
			"name": "BackPost", "from": [2.25, 13, 12.25], "to": [3.75, 19, 13.75], "rotation": {"angle": 0, "axis": "y", "origin": [-1.75, 17, 18.25]}, "faces": {
				"north": {"uv": [4.25, 4, 5.75, 10], "texture": "#0"},
				"east": {"uv": [3.25, 4, 4.75, 10], "texture": "#0"},
				"south": {"uv": [6.25, 4, 7.75, 10], "texture": "#0"},
				"west": {"uv": [5.25, 4, 6.75, 10], "texture": "#0"}
			}},
		{
			"name": "BackPost", "from": [2, 10, 12], "to": [4, 13, 14], "rotation": {"angle": 0, "axis": "y", "origin": [-2, 18, 18.5]}, "faces": {
				"north": {"uv": [6, 5, 8, 8], "texture": "#0"},
				"east": {"uv": [8, 5, 10, 8], "texture": "#0"},
				"south": {"uv": [7, 5, 9, 8], "texture": "#0"},
				"west": {"uv": [5, 5, 7, 8], "texture": "#0"},
				"up": {"uv": [6, 5, 8, 7], "texture": "#0"}
			}},
		{
			"name": "BackPost", "from": [12, 19, 12], "to": [14, 22, 14], "rotation": {"angle": 0, "axis": "y", "origin": [8, 27, 18.5]}, "faces": {
				"north": {"uv": [7, 5, 9, 8], "texture": "#0"},
				"east": {"uv": [3, 5, 5, 8], "texture": "#0"},
				"south": {"uv": [3, 5, 5, 8], "texture": "#0"},
				"west": {"uv": [3, 5, 5, 8], "texture": "#0"},
				"up": {"uv": [6, 6, 8, 8], "texture": "#0"},
				"down": {"uv": [3, 5, 5, 7], "texture": "#0"}
			}},
		{
			"name": "BackPost", "from": [12.25, 13, 12.25], "to": [13.75, 19, 13.75], "rotation": {"angle": 0, "axis": "y", "origin": [8.25, 17, 18.25]}, "faces": {
				"north": {"uv": [2.25, 4, 3.75, 10], "texture": "#0"},
				"east": {"uv": [1.25, 4, 2.75, 10], "texture": "#0"},
				"south": {"uv": [0.25, 4, 1.75, 10], "texture": "#0"},
				"west": {"uv": [3.25, 4, 4.75, 10], "texture": "#0"}
			}},
		{
			"name": "BackPost", "from": [12, 10, 12], "to": [14, 13, 14], "rotation": {"angle": 0, "axis": "y", "origin": [8, 18, 18.5]}, "faces": {
				"north": {"uv": [3, 5, 5, 8], "texture": "#0"},
				"east": {"uv": [3, 5, 5, 8], "texture": "#0"},
				"south": {"uv": [3, 5, 5, 8], "texture": "#0"},
				"west": {"uv": [3, 5, 5, 8], "texture": "#0"},
				"up": {"uv": [3, 5, 5, 7], "texture": "#0"}
			}},
		{
			"name": "BackBeam", "from": [10.5, 12.5, 12.5], "to": [11.5, 21, 13.5], "rotation": {"angle": 0, "axis": "y", "origin": [8, 7, 7.5]}, "faces": {
				"north": {"uv": [7, 6, 8, 14.5], "texture": "#0"},
				"east": {"uv": [7, 6, 8, 14.5], "texture": "#0"},
				"south": {"uv": [4, 6, 5, 14.5], "texture": "#0"},
				"west": {"uv": [5, 6, 6, 14.5], "texture": "#0"}
			}},
		{
			"name": "BackBeam", "from": [8.5, 12.5, 12.5], "to": [9.5, 21, 13.5], "rotation": {"angle": 0, "axis": "y", "origin": [8, 7, 7.5]}, "faces": {
				"north": {"uv": [5, 6, 6, 14.5], "texture": "#0"},
				"east": {"uv": [10, 6, 11, 14.5], "texture": "#0"},
				"south": {"uv": [1, 6, 2, 14.5], "texture": "#0"},
				"west": {"uv": [10, 6, 11, 14.5], "texture": "#0"}
			}},
		{
			"name": "BackBeam", "from": [6.5, 12.5, 12.5], "to": [7.5, 21, 13.5], "rotation": {"angle": 0, "axis": "y", "origin": [8, 7, 7.5]}, "faces": {
				"north": {"uv": [6, 6, 7, 14.5], "texture": "#0"},
				"east": {"uv": [5, 6, 6, 14.5], "texture": "#0"},
				"south": {"uv": [9, 2, 10, 10.5], "texture": "#0"},
				"west": {"uv": [8, 6, 9, 14.5], "texture": "#0"}
			}},
		{
			"name": "BackBeam", "from": [4.5, 12.5, 12.5], "to": [5.5, 21, 13.5], "rotation": {"angle": 0, "axis": "y", "origin": [8, 7, 7.5]}, "faces": {
				"north": {"uv": [15, 6, 16, 14.5], "texture": "#0"},
				"east": {"uv": [10, 6, 11, 14.5], "texture": "#0"},
				"south": {"uv": [1, 6, 2, 14.5], "texture": "#0"},
				"west": {"uv": [10, 6, 11, 14.5], "texture": "#0"}
			}},
		{
			"name": "BackBeam", "from": [3.45, 21, 12.5], "to": [12.45, 21.5, 13.5], "rotation": {"angle": 0, "axis": "y", "origin": [8, 16, 7.75]}, "faces": {
				"north": {"uv": [1, 7.5, 10, 7], "texture": "#0"},
				"south": {"uv": [1, 3.5, 10, 3], "texture": "#0"},
				"up": {"uv": [1, 7, 10, 8], "texture": "#0"},
				"down": {"uv": [1, 7, 10, 8], "texture": "#0"}
			}},
		{
			"name": "BackBeam", "from": [3.95, 12, 12.5], "to": [11.95, 12.5, 13.5], "rotation": {"angle": 0, "axis": "y", "origin": [8, 7, 7.75]}, "faces": {
				"north": {"uv": [1, 7.5, 10, 7], "texture": "#0"},
				"south": {"uv": [1, 3.5, 10, 3], "texture": "#0"},
				"up": {"uv": [1, 6, 10, 7], "texture": "#0"},
				"down": {"uv": [1, 7, 10, 8], "texture": "#0"}
			}},
		{
			"name": "Legs", "from": [12, 0, 2], "to": [14, 8, 4], "rotation": {"angle": 0, "axis": "y", "origin": [8, 15, 8.5]}, "faces": {
				"north": {"uv": [2, 4, 4, 12], "texture": "#0"},
				"east": {"uv": [1, 4, 3, 12], "texture": "#0"},
				"south": {"uv": [3, 4, 5, 12], "texture": "#0"},
				"west": {"uv": [4, 4, 6, 12], "texture": "#0"},
				"down": {"uv": [4, 3, 6, 5], "texture": "#0"}
			}},
		{
			"name": "Legs", "from": [2, 0, 2], "to": [4, 8, 4], "rotation": {"angle": 0, "axis": "y", "origin": [-2, 15, 8.5]}, "faces": {
				"north": {"uv": [4, 8, 6, 16], "texture": "#0"},
				"east": {"uv": [8, 8, 10, 16], "texture": "#0"},
				"south": {"uv": [6, 8, 8, 16], "texture": "#0"},
				"west": {"uv": [5, 8, 7, 16], "texture": "#0"},
				"down": {"uv": [9, 3, 11, 5], "texture": "#0"}
			}},
		{
			"name": "Legs", "from": [2, 0, 12], "to": [4, 8, 14], "rotation": {"angle": 0, "axis": "y", "origin": [-2, 15, 18.5]}, "faces": {
				"north": {"uv": [8, 4, 10, 12], "texture": "#0"},
				"east": {"uv": [7, 4, 9, 12], "texture": "#0"},
				"south": {"uv": [10, 4, 12, 12], "texture": "#0"},
				"west": {"uv": [9, 4, 11, 12], "texture": "#0"},
				"down": {"uv": [0, 0, 2, 2], "texture": "#0"}
			}},
		{
			"name": "Legs", "from": [12, 0, 12], "to": [14, 8, 14], "rotation": {"angle": 0, "axis": "y", "origin": [8, 15, 18.5]}, "faces": {
				"north": {"uv": [4, 4, 6, 12], "texture": "#0"},
				"east": {"uv": [3, 4, 5, 12], "texture": "#0"},
				"south": {"uv": [2, 4, 4, 12], "texture": "#0"},
				"west": {"uv": [5, 4, 7, 12], "texture": "#0"},
				"down": {"uv": [3, 4, 5, 12], "texture": "#0"}
			}},
		{
			"name": "Beam", "from": [12.5, 5, 4], "to": [13.5, 6, 12], "rotation": {"angle": 0, "axis": "y", "origin": [7.5, 6.5, 7.25]}, "faces": {
				"east": {"uv": [4, 5, 12, 6], "texture": "#0"},
				"west": {"uv": [5, 9, 13.5, 10], "texture": "#0"},
				"up": {"uv": [1, 5, 9, 6], "rotation": 90, "texture": "#0"},
				"down": {"uv": [1, 2, 9.5, 3], "rotation": 270, "texture": "#0"}
			}},
		{
			"name": "Beam", "from": [2.5, 5, 4], "to": [3.5, 6, 12], "rotation": {"angle": 0, "axis": "y", "origin": [-2.5, 6.5, 7.25]}, "faces": {
				"east": {"uv": [4, 5, 12, 6], "texture": "#0"},
				"west": {"uv": [5, 9, 13.5, 10], "texture": "#0"},
				"up": {"uv": [1, 5, 9, 6], "rotation": 90, "texture": "#0"},
				"down": {"uv": [1, 2, 9.5, 3], "rotation": 270, "texture": "#0"}
			}},
		{
			"name": "Beam", "from": [4, 6.5, 2.5], "to": [12, 7.5, 3.5], "rotation": {"angle": 0, "axis": "y", "origin": [7.5, 8, 7.25]}, "faces": {
				"north": {"uv": [3, 9, 11, 10], "texture": "#0"},
				"south": {"uv": [5, 9, 13, 10], "texture": "#0"},
				"up": {"uv": [3, 9, 11, 10], "texture": "#0"},
				"down": {"uv": [3, 8, 11, 9], "texture": "#0"}
			}},
		{
			"name": "Beam", "from": [4, 5, 2.5], "to": [12, 6, 3.5], "rotation": {"angle": 0, "axis": "y", "origin": [7.5, 6.5, 7.25]}, "faces": {
				"north": {"uv": [4, 5, 12, 6], "texture": "#0"},
				"south": {"uv": [4, 5, 12, 6], "texture": "#0"},
				"up": {"uv": [3, 9, 11, 10], "texture": "#0"},
				"down": {"uv": [1, 2, 9, 3], "texture": "#0"}
			}},
		{
			"name": "Beam", "from": [3.5, 7, 12.5], "to": [12.5, 8, 13.5], "rotation": {"angle": 0, "axis": "y", "origin": [7.5, 8.5, 17.25]}, "faces": {
				"north": {"uv": [3, 9, 12, 10], "texture": "#0"},
				"south": {"uv": [5, 9, 14, 10], "texture": "#0"},
				"up": {"uv": [3, 9, 12, 10], "texture": "#0"},
				"down": {"uv": [3, 8, 12, 9], "texture": "#0"}
			}},
		{
			"name": "Beam", "from": [4, 5, 12.5], "to": [12, 6, 13.5], "rotation": {"angle": 0, "axis": "y", "origin": [7.5, 6.5, 17.25]}, "faces": {
				"north": {"uv": [4, 5, 12, 6], "texture": "#0"},
				"south": {"uv": [4, 5, 12, 6], "texture": "#0"},
				"up": {"uv": [3, 9, 11, 10], "texture": "#0"},
				"down": {"uv": [1, 2, 9, 3], "texture": "#0"}
			}}
	],
	"display": {
		"thirdperson_righthand": {
			"rotation": [45, 0, 0], "translation": [0, 1, 0], "scale": [0.35, 0.35, 0.35]
		},
		"thirdperson_lefthand": {
			"rotation": [45, 0, 0], "translation": [0, 1, 0], "scale": [0.35, 0.35, 0.35]
		},
		"firstperson_righthand": {
			"rotation": [-10, 15, 0], "translation": [1, 0, 0], "scale": [0.4, 0.4, 0.4]
		},
		"firstperson_lefthand": {
			"rotation": [-10, 15, 0], "translation": [1, 0, 0], "scale": [0.4, 0.4, 0.4]
		},
		"ground": {
			"translation": [0, 1, 0], "scale": [0.3, 0.3, 0.3]
		},
		"gui": {
			"rotation": [35, -135, 0], "translation": [0, -1.5, 0], "scale": [0.5, 0.5, 0.5]
		},
		"head": {
			"rotation": [0, 0, 0],
      "translation": [0, 1.5, 0],
      "scale": [1, 1, 1]
		},
		"fixed": {
			"translation": [0, -3.5, -4.1], "scale": [0.8, 0.8, 0.8]
		}
	}
}