{
		"textures": {"0": "block/birch_planks",
		"1": "block/birch_trapdoor",
		"particle": "block/birch_trapdoor"
	},
	"elements": [{
			"name": "Seat", "from": [12, 8, 4], "to": [14, 10, 12], "rotation": {"angle": 0, "axis": "y", "origin": [10, 7, 8]}, "faces": {
				"north": {"uv": [2, 0, 4, 2], "texture": "#0"},
				"east": {"uv": [4, 9, 12, 11], "texture": "#0"},
				"south": {"uv": [2, 0, 4, 2], "texture": "#0"},
				"west": {"uv": [2, 0, 10, 2], "texture": "#0"},
				"up": {"uv": [12, 3, 14, 11], "texture": "#0"},
				"down": {"uv": [2, 2, 4, 10], "texture": "#0"}
			}},
		{
			"name": "Seat", "from": [2, 8, 2], "to": [14, 10, 4], "rotation": {"angle": 0, "axis": "y", "origin": [8, 7, 0]}, "faces": {
				"north": {"uv": [2, 0, 14, 2], "texture": "#0"},
				"east": {"uv": [2, 0, 4, 2], "texture": "#0"},
				"south": {"uv": [2, 0, 14, 2], "texture": "#0"},
				"west": {"uv": [2, 13, 4, 15], "texture": "#0"},
				"up": {"uv": [2, 1, 14, 3], "texture": "#0"},
				"down": {"uv": [2, 2, 14, 4], "texture": "#0"}
			}},
		{
			"name": "Seat", "from": [2, 8, 12], "to": [14, 10, 14], "rotation": {"angle": 0, "axis": "y", "origin": [8, 7, 10]}, "faces": {
				"north": {"uv": [2, 0, 14, 2], "texture": "#0"},
				"east": {"uv": [2, 0, 4, 2], "texture": "#0"},
				"south": {"uv": [2, 13, 14, 15], "texture": "#0"},
				"west": {"uv": [2, 13, 4, 15], "texture": "#0"},
				"up": {"uv": [2, 11, 14, 13], "texture": "#0"},
				"down": {"uv": [2, 2, 14, 4], "texture": "#0"}
			}},
		{
			"name": "Seat", "from": [2, 8, 4], "to": [4, 10, 12], "rotation": {"angle": 0, "axis": "y", "origin": [0, 7, 8]}, "faces": {
				"north": {"uv": [2, 0, 4, 2], "texture": "#0"},
				"east": {"uv": [2, 0, 10, 2], "texture": "#0"},
				"south": {"uv": [2, 0, 4, 2], "texture": "#0"},
				"west": {"uv": [4, 13, 12, 15], "texture": "#0"},
				"up": {"uv": [2, 3, 4, 11], "texture": "#0"},
				"down": {"uv": [2, 2, 4, 10], "texture": "#0"}
			}},
		{
			"name": "Seat", "from": [4, 8.25, 8], "to": [12, 9.5, 12], "rotation": {"angle": 0, "axis": "y", "origin": [8, 6.5, 8]}, "faces": {
				"up": {"uv": [4, 8, 12, 12], "texture": "#1"},
				"down": {"uv": [4, 3, 12, 7], "texture": "#1"}
			}},
		{
			"name": "Seat", "from": [4, 8.25, 4], "to": [12, 9.5, 8], "rotation": {"angle": 0, "axis": "y", "origin": [8, 6.5, 4]}, "faces": {
				"up": {"uv": [4, 3, 12, 7], "texture": "#1"},
				"down": {"uv": [4, 8, 12, 12], "texture": "#1"}
			}},
		{
			"name": "BackBeam", "from": [4, 14, 12.75], "to": [12, 16, 13.25], "rotation": {"angle": 0, "axis": "y", "origin": [8, 15.75, 7.75]}, "faces": {
				"north": {"uv": [4, 10, 12, 12], "texture": "#0"},
				"south": {"uv": [4, 10, 12, 12], "texture": "#0"},
				"up": {"uv": [4, 9, 12, 9.5], "texture": "#0"},
				"down": {"uv": [4, 11, 12, 11.5], "texture": "#0"}
			}},
		{
			"name": "BackBeam", "from": [4, 18, 12.75], "to": [12, 20, 13.25], "rotation": {"angle": 0, "axis": "y", "origin": [8, 19.75, 7.75]}, "faces": {
				"north": {"uv": [6, 6, 14, 8], "texture": "#0"},
				"south": {"uv": [3, 6, 11, 8], "texture": "#0"},
				"up": {"uv": [4, 9, 12, 9.5], "texture": "#0"},
				"down": {"uv": [4, 11, 12, 11.5], "texture": "#0"}
			}},
		{
			"name": "Back", "from": [12, 10, 12], "to": [14, 21, 14], "rotation": {"angle": 0, "axis": "y", "origin": [8, 7.5, 8]}, "faces": {
				"north": {"uv": [8, 5, 10, 16], "texture": "#0"},
				"east": {"uv": [6, 5, 8, 16], "texture": "#0"},
				"south": {"uv": [4, 5, 6, 16], "texture": "#0"},
				"west": {"uv": [1, 5, 3, 16], "texture": "#0"}
			}},
		{
			"name": "Back", "from": [2, 10, 12], "to": [4, 21, 14], "rotation": {"angle": 0, "axis": "y", "origin": [8, 7.5, 8]}, "faces": {
				"north": {"uv": [4, 5, 6, 16], "texture": "#0"},
				"east": {"uv": [1, 5, 3, 16], "texture": "#0"},
				"south": {"uv": [8, 5, 10, 16], "texture": "#0"},
				"west": {"uv": [6, 5, 8, 16], "texture": "#0"}
			}},
		{
			"name": "Back", "from": [1.75, 21, 11.75], "to": [4.25, 22, 14.25], "rotation": {"angle": 0, "axis": "y", "origin": [8, 7.5, 8]}, "faces": {
				"north": {"uv": [2.25, 7, 4.75, 8], "texture": "#0"},
				"east": {"uv": [0.25, 7, 2.75, 8], "texture": "#0"},
				"south": {"uv": [6.25, 7, 8.75, 8], "texture": "#0"},
				"west": {"uv": [4.25, 7, 6.75, 8], "texture": "#0"},
				"up": {"uv": [4.25, 4.25, 6.75, 6.75], "texture": "#0"},
				"down": {"uv": [4.25, 0.25, 6.75, 2.75], "texture": "#0"}
			}},
		{
			"name": "Back", "from": [11.75, 21, 11.75], "to": [14.25, 22, 14.25], "rotation": {"angle": 0, "axis": "y", "origin": [18, 7.5, 8]}, "faces": {
				"north": {"uv": [2.25, 7, 4.75, 8], "texture": "#0"},
				"east": {"uv": [0.25, 7, 2.75, 8], "texture": "#0"},
				"south": {"uv": [6.25, 7, 8.75, 8], "texture": "#0"},
				"west": {"uv": [4.25, 7, 6.75, 8], "texture": "#0"},
				"up": {"uv": [4.25, 4.25, 6.75, 6.75], "texture": "#0"},
				"down": {"uv": [4.25, 0.25, 6.75, 2.75], "texture": "#0"}
			}},
		{
			"name": "Leg", "from": [2, 1, 2], "to": [4, 8, 4], "rotation": {"angle": 0, "axis": "y", "origin": [3, 5, 3]}, "faces": {
				"north": {"uv": [9, 7, 11, 14], "texture": "#0"},
				"east": {"uv": [7, 7, 9, 14], "texture": "#0"},
				"south": {"uv": [13, 7, 15, 14], "texture": "#0"},
				"west": {"uv": [11, 7, 13, 14], "texture": "#0"}
			}},
		{
			"name": "Leg", "from": [12, 1, 2], "to": [14, 8, 4], "rotation": {"angle": 0, "axis": "y", "origin": [13, 5, 3]}, "faces": {
				"north": {"uv": [11, 7, 13, 14], "texture": "#0"},
				"east": {"uv": [9, 7, 11, 14], "texture": "#0"},
				"south": {"uv": [7, 7, 9, 14], "texture": "#0"},
				"west": {"uv": [13, 7, 15, 14], "texture": "#0"}
			}},
		{
			"name": "Leg", "from": [12, 1, 12], "to": [14, 8, 14], "rotation": {"angle": 0, "axis": "y", "origin": [13, 5, 13]}, "faces": {
				"north": {"uv": [13, 7, 15, 14], "texture": "#0"},
				"east": {"uv": [11, 7, 13, 14], "texture": "#0"},
				"south": {"uv": [9, 7, 11, 14], "texture": "#0"},
				"west": {"uv": [7, 7, 9, 14], "texture": "#0"}
			}},
		{
			"name": "Leg", "from": [2, 1, 12], "to": [4, 8, 14], "rotation": {"angle": 0, "axis": "y", "origin": [3, 5, 13]}, "faces": {
				"north": {"uv": [7, 7, 9, 14], "texture": "#0"},
				"east": {"uv": [13, 7, 15, 14], "texture": "#0"},
				"south": {"uv": [11, 7, 13, 14], "texture": "#0"},
				"west": {"uv": [9, 7, 11, 14], "texture": "#0"}
			}},
		{
			"name": "Leg", "from": [1.75, 0, 1.75], "to": [4.25, 1, 4.25], "rotation": {"angle": 0, "axis": "y", "origin": [3, -2, 3]}, "faces": {
				"north": {"uv": [9.25, 12, 11.75, 13], "texture": "#0"},
				"east": {"uv": [7.25, 12, 9.75, 13], "texture": "#0"},
				"south": {"uv": [13.25, 12, 15.75, 13], "texture": "#0"},
				"west": {"uv": [11.25, 12, 13.75, 13], "texture": "#0"},
				"up": {"uv": [0, 0, 2.5, 2.5], "texture": "#0"},
				"down": {"uv": [9, 12, 11.5, 14.5], "texture": "#0"}
			}},
		{
			"name": "Leg", "from": [11.75, 0, 1.75], "to": [14.25, 1, 4.25], "rotation": {"angle": 0, "axis": "y", "origin": [13, 5, 3]}, "faces": {
				"north": {"uv": [11.25, 12, 13.75, 13], "texture": "#0"},
				"east": {"uv": [9.25, 12, 11.75, 13], "texture": "#0"},
				"south": {"uv": [7.25, 12, 9.75, 13], "texture": "#0"},
				"west": {"uv": [13.25, 12, 15.75, 13], "texture": "#0"},
				"up": {"uv": [0, 0, 2.5, 2.5], "rotation": 90, "texture": "#0"},
				"down": {"uv": [9, 12, 11.5, 14.5], "rotation": 270, "texture": "#0"}
			}},
		{
			"name": "Leg", "from": [11.75, 0, 11.75], "to": [14.25, 1, 14.25], "rotation": {"angle": 0, "axis": "y", "origin": [13, 5, 13]}, "faces": {
				"north": {"uv": [13.25, 12, 15.75, 13], "texture": "#0"},
				"east": {"uv": [11.25, 12, 13.75, 13], "texture": "#0"},
				"south": {"uv": [9.25, 12, 11.75, 13], "texture": "#0"},
				"west": {"uv": [7.25, 12, 9.75, 13], "texture": "#0"},
				"up": {"uv": [0, 0, 2.5, 2.5], "rotation": 180, "texture": "#0"},
				"down": {"uv": [9, 12, 11.5, 14.5], "rotation": 180, "texture": "#0"}
			}},
		{
			"name": "Leg", "from": [1.75, 0, 11.75], "to": [4.25, 1, 14.25], "rotation": {"angle": 0, "axis": "y", "origin": [3, 5, 13]}, "faces": {
				"north": {"uv": [7.25, 12, 9.75, 13], "texture": "#0"},
				"east": {"uv": [13.25, 12, 15.75, 13], "texture": "#0"},
				"south": {"uv": [11.25, 12, 13.75, 13], "texture": "#0"},
				"west": {"uv": [9.25, 12, 11.75, 13], "texture": "#0"},
				"up": {"uv": [0, 0, 2.5, 2.5], "rotation": 270, "texture": "#0"},
				"down": {"uv": [9, 12, 11.5, 14.5], "rotation": 90, "texture": "#0"}
			}},
		{
			"name": "Decoration", "from": [11, 6, 2.5], "to": [12, 7, 3.5], "rotation": {"angle": 0, "axis": "y", "origin": [8, 7, 8]}, "faces": {
				"north": {"uv": [4, 8, 5, 9], "texture": "#0"},
				"south": {"uv": [11, 8, 12, 9], "texture": "#0"},
				"west": {"uv": [4, 8, 5, 9], "texture": "#0"},
				"up": {"uv": [4, 8, 5, 9], "texture": "#0"},
				"down": {"uv": [4, 8, 5, 9], "texture": "#0"}
			}},
		{
			"name": "Decoration", "from": [11, 6, 12.5], "to": [12, 7, 13.5], "rotation": {"angle": 0, "axis": "y", "origin": [8, 7, 8]}, "faces": {
				"north": {"uv": [4, 8, 5, 9], "texture": "#0"},
				"south": {"uv": [11, 8, 12, 9], "texture": "#0"},
				"west": {"uv": [4, 8, 5, 9], "texture": "#0"},
				"up": {"uv": [4, 8, 5, 9], "texture": "#0"},
				"down": {"uv": [4, 8, 5, 9], "texture": "#0"}
			}},
		{
			"name": "Decoration", "from": [4, 6, 2.5], "to": [5, 7, 3.5], "rotation": {"angle": 0, "axis": "y", "origin": [8, 7, 8]}, "faces": {
				"north": {"uv": [11, 8, 12, 9], "texture": "#0"},
				"east": {"uv": [11, 8, 12, 9], "texture": "#0"},
				"south": {"uv": [4, 8, 5, 9], "texture": "#0"},
				"up": {"uv": [11, 8, 12, 9], "texture": "#0"},
				"down": {"uv": [11, 8, 12, 9], "texture": "#0"}
			}},
		{
			"name": "Decoration", "from": [4, 6, 12.5], "to": [5, 7, 13.5], "rotation": {"angle": 0, "axis": "y", "origin": [8, 7, 8]}, "faces": {
				"north": {"uv": [11, 8, 12, 9], "texture": "#0"},
				"east": {"uv": [11, 8, 12, 9], "texture": "#0"},
				"south": {"uv": [4, 8, 5, 9], "texture": "#0"},
				"up": {"uv": [11, 8, 12, 9], "texture": "#0"},
				"down": {"uv": [11, 8, 12, 9], "texture": "#0"}
			}},
		{
			"name": "Decoration", "from": [4, 7, 2.5], "to": [12, 8, 3.5], "rotation": {"angle": 0, "axis": "y", "origin": [8, 7, 8]}, "faces": {
				"north": {"uv": [4, 7, 12, 8], "texture": "#0"},
				"south": {"uv": [4, 7, 12, 8], "texture": "#0"},
				"up": {"uv": [0, 0, 8, 1], "texture": "#0"},
				"down": {"uv": [4, 3, 12, 4], "texture": "#0"}
			}},
		{
			"name": "Decoration", "from": [4, 7, 12.5], "to": [12, 8, 13.5], "rotation": {"angle": 0, "axis": "y", "origin": [8, 7, 8]}, "faces": {
				"north": {"uv": [4, 7, 12, 8], "texture": "#0"},
				"south": {"uv": [4, 7, 12, 8], "texture": "#0"},
				"up": {"uv": [0, 0, 8, 1], "texture": "#0"},
				"down": {"uv": [4, 3, 12, 4], "texture": "#0"}
			}},
		{
			"name": "Decoration", "from": [2.5, 7, 4], "to": [3.5, 8, 12], "rotation": {"angle": 0, "axis": "y", "origin": [8, 7, 8]}, "faces": {
				"east": {"uv": [4, 7, 12, 8], "texture": "#0"},
				"west": {"uv": [4, 15, 12, 16], "texture": "#0"},
				"up": {"uv": [0, 0, 8, 1], "rotation": 90, "texture": "#0"},
				"down": {"uv": [4, 3, 12, 4], "rotation": 270, "texture": "#0"}
			}},
		{
			"name": "Decoration", "from": [12.5, 6, 11], "to": [13.5, 7, 12], "rotation": {"angle": 0, "axis": "y", "origin": [8, 7, 8]}, "faces": {
				"north": {"uv": [4, 8, 5, 9], "texture": "#0"},
				"east": {"uv": [4, 12, 5, 13], "texture": "#0"},
				"west": {"uv": [11, 8, 12, 9], "texture": "#0"},
				"up": {"uv": [4, 8, 5, 9], "rotation": 90, "texture": "#0"},
				"down": {"uv": [4, 8, 5, 9], "rotation": 270, "texture": "#0"}
			}},
		{
			"name": "Decoration", "from": [12.5, 7, 4], "to": [13.5, 8, 12], "rotation": {"angle": 0, "axis": "y", "origin": [8, 7, 8]}, "faces": {
				"east": {"uv": [4, 11, 12, 12], "texture": "#0"},
				"west": {"uv": [4, 7, 12, 8], "texture": "#0"},
				"up": {"uv": [0, 0, 8, 1], "rotation": 90, "texture": "#0"},
				"down": {"uv": [4, 3, 12, 4], "rotation": 270, "texture": "#0"}
			}},
		{
			"name": "Decoration", "from": [12.5, 6, 4], "to": [13.5, 7, 5], "rotation": {"angle": 0, "axis": "y", "origin": [8, 7, 8]}, "faces": {
				"east": {"uv": [11, 12, 12, 13], "texture": "#0"},
				"south": {"uv": [11, 8, 12, 9], "texture": "#0"},
				"west": {"uv": [4, 8, 5, 9], "texture": "#0"},
				"up": {"uv": [11, 8, 12, 9], "rotation": 90, "texture": "#0"},
				"down": {"uv": [11, 8, 12, 9], "rotation": 270, "texture": "#0"}
			}},
		{
			"name": "Decoration", "from": [2.5, 6, 11], "to": [3.5, 7, 12], "rotation": {"angle": 0, "axis": "y", "origin": [8, 7, 8]}, "faces": {
				"north": {"uv": [4, 8, 5, 9], "texture": "#0"},
				"east": {"uv": [4, 8, 5, 9], "texture": "#0"},
				"west": {"uv": [11, 0, 12, 1], "texture": "#0"},
				"up": {"uv": [4, 8, 5, 9], "rotation": 90, "texture": "#0"},
				"down": {"uv": [4, 8, 5, 9], "rotation": 270, "texture": "#0"}
			}},
		{
			"name": "Decoration", "from": [2.5, 6, 4], "to": [3.5, 7, 5], "rotation": {"angle": 0, "axis": "y", "origin": [8, 7, 8]}, "faces": {
				"east": {"uv": [11, 8, 12, 9], "texture": "#0"},
				"south": {"uv": [11, 8, 12, 9], "texture": "#0"},
				"west": {"uv": [4, 0, 5, 1], "texture": "#0"},
				"up": {"uv": [11, 8, 12, 9], "rotation": 90, "texture": "#0"},
				"down": {"uv": [11, 8, 12, 9], "rotation": 270, "texture": "#0"}
			}}
	],
	"display": {
		"thirdperson_righthand": {
			"rotation": [45, 0, 0], "translation": [0, 1, 0], "scale": [0.35, 0.35, 0.35]
		},
		"thirdperson_lefthand": {
			"rotation": [45, 0, 0], "translation": [0, 1, 0], "scale": [0.35, 0.35, 0.35]
		},
		"firstperson_righthand": {
			"rotation": [-10, 15, 0], "translation": [1, 0, 0], "scale": [0.4, 0.4, 0.4]
		},
		"firstperson_lefthand": {
			"rotation": [-10, 15, 0], "translation": [1, 0, 0], "scale": [0.4, 0.4, 0.4]
		},
		"ground": {
			"translation": [0, 1, 0], "scale": [0.3, 0.3, 0.3]
		},
		"gui": {
			"rotation": [35, -135, 0], "translation": [0, -1.5, 0], "scale": [0.5, 0.5, 0.5]
		},
		"head": {
			"rotation": [0, 0, 0],
      "translation": [0, 1.5, 0],
      "scale": [1, 1, 1]
		},
		"fixed": {
			"translation": [0, -3.5, -4.1], "scale": [0.8, 0.8, 0.8]
		}
	}
}