{
	"credit": "Made with Blockbench",
	"textures": {
		"0": "block/polished_blackstone"
	},
	"elements": [
		{
			"name": "Back_Support",
			"from": [2, 10, 12],
			"to": [4, 22, 14],
			"rotation": {"angle": 0, "axis": "y", "origin": [8, 7.5, 8]},
			"faces": {
				"north": {"uv": [12, 1, 14, 13], "texture": "#0"},
				"east": {"uv": [10, 1, 12, 13], "texture": "#0"},
				"south": {"uv": [2, 1, 4, 13], "texture": "#0"},
				"west": {"uv": [10, 1, 12, 13], "texture": "#0"},
				"up": {"uv": [12, 0, 14, 2], "texture": "#0"}
			}
		},
		{
			"name": "Back_Support",
			"from": [4, 20, 12],
			"to": [12, 22, 14],
			"rotation": {"angle": 0, "axis": "y", "origin": [10, 17.5, 8]},
			"faces": {
				"north": {"uv": [4, 2, 12, 4], "texture": "#0"},
				"south": {"uv": [4, 2, 12, 4], "texture": "#0"},
				"up": {"uv": [4, 0, 12, 2], "texture": "#0"},
				"down": {"uv": [4, 0, 12, 2], "rotation": 180, "texture": "#0"}
			}
		},
		{
			"name": "Back_Support",
			"from": [12, 10, 12],
			"to": [14, 22, 14],
			"rotation": {"angle": 0, "axis": "y", "origin": [8, 7.5, 8]},
			"faces": {
				"north": {"uv": [2, 1, 4, 13], "texture": "#0"},
				"east": {"uv": [4, 1, 6, 13], "texture": "#0"},
				"south": {"uv": [11, 1, 13, 13], "texture": "#0"},
				"west": {"uv": [4, 1, 6, 13], "texture": "#0"},
				"up": {"uv": [2, 0, 4, 2], "texture": "#0"}
			}
		},
		{
			"name": "SeatS1",
			"from": [2, 8, 2],
			"to": [14, 10, 14],
			"rotation": {"angle": 0, "axis": "y", "origin": [8, 7.5, 8]},
			"faces": {
				"north": {"uv": [2, 4, 14, 6], "texture": "#0"},
				"east": {"uv": [2, 4, 14, 6], "texture": "#0"},
				"south": {"uv": [2, 13, 14, 15], "texture": "#0"},
				"west": {"uv": [2, 4, 14, 6], "texture": "#0"},
				"up": {"uv": [2, 1.5, 14, 13.5], "texture": "#0"},
				"down": {"uv": [2, 1.5, 14, 13.5], "texture": "#0"}
			}
		},
		{
			"name": "Back_Beam",
			"from": [4, 10, 12.5],
			"to": [12, 20, 13.5],
			"rotation": {"angle": 0, "axis": "y", "origin": [8, 6.75, 8]},
			"faces": {
				"north": {"uv": [4, 3, 12, 13], "texture": "#0"},
				"south": {"uv": [4, 3, 12, 13], "texture": "#0"}
			}
		},
		{
			"name": "Back_Beam",
			"from": [4, 0, 2.5],
			"to": [12, 8, 3.5],
			"rotation": {"angle": 0, "axis": "y", "origin": [8, -5.25, -2]},
			"faces": {
				"north": {"uv": [4, 4, 12, 12], "texture": "#0"},
				"south": {"uv": [4, 3, 12, 11], "texture": "#0"},
				"down": {"uv": [4, 11, 12, 12], "texture": "#0"}
			}
		},
		{
			"name": "Back_Beam",
			"from": [4, 0, 12.5],
			"to": [12, 8, 13.5],
			"rotation": {"angle": 0, "axis": "y", "origin": [8, 7, 8.5]},
			"faces": {
				"north": {"uv": [4, 3, 12, 11], "texture": "#0"},
				"south": {"uv": [4, 4, 12, 12], "texture": "#0"},
				"down": {"uv": [4, 11, 12, 12], "rotation": 180, "texture": "#0"}
			}
		},
		{
			"name": "Back_Beam",
			"from": [12.5, 0, 4],
			"to": [13.5, 8, 12],
			"rotation": {"angle": 0, "axis": "y", "origin": [8.5, 7, 8]},
			"faces": {
				"east": {"uv": [4, 4, 12, 12], "texture": "#0"},
				"west": {"uv": [4, 3, 12, 11], "texture": "#0"},
				"down": {"uv": [4, 11, 12, 12], "rotation": 270, "texture": "#0"}
			}
		},
		{
			"name": "Back_Beam",
			"from": [2.5, 0, 4],
			"to": [3.5, 8, 12],
			"rotation": {"angle": 0, "axis": "y", "origin": [7.5, 7, 8]},
			"faces": {
				"east": {"uv": [4, 3, 12, 11], "texture": "#0"},
				"west": {"uv": [4, 4, 12, 12], "texture": "#0"},
				"down": {"uv": [4, 11, 12, 12], "rotation": 90, "texture": "#0"}
			}
		},
		{
			"name": "Leg1",
			"from": [12, 0, 2],
			"to": [14, 8, 4],
			"rotation": {"angle": 0, "axis": "y", "origin": [8, 7, 8.75]},
			"faces": {
				"north": {"uv": [2, 6, 4, 14], "texture": "#0"},
				"east": {"uv": [12, 6, 14, 14], "texture": "#0"},
				"south": {"uv": [10, 6, 12, 14], "texture": "#0"},
				"west": {"uv": [4, 6, 6, 14], "texture": "#0"},
				"down": {"uv": [0, 0, 2, 2], "texture": "#0"}
			}
		},
		{
			"name": "Leg2",
			"from": [2, 0, 12],
			"to": [4, 8, 14],
			"rotation": {"angle": 0, "axis": "y", "origin": [8, 7, 8]},
			"faces": {
				"north": {"uv": [10, 6, 12, 14], "texture": "#0"},
				"east": {"uv": [4, 6, 6, 14], "texture": "#0"},
				"south": {"uv": [2, 6, 4, 14], "texture": "#0"},
				"west": {"uv": [12, 6, 14, 14], "texture": "#0"},
				"down": {"uv": [0, 0, 2, 2], "rotation": 180, "texture": "#0"}
			}
		},
		{
			"name": "Leg2",
			"from": [2, 0, 2],
			"to": [4, 8, 4],
			"rotation": {"angle": 0, "axis": "y", "origin": [8, 7, 8]},
			"faces": {
				"north": {"uv": [12, 6, 14, 14], "texture": "#0"},
				"east": {"uv": [10, 6, 12, 14], "texture": "#0"},
				"south": {"uv": [4, 6, 6, 14], "texture": "#0"},
				"west": {"uv": [2, 6, 4, 14], "texture": "#0"},
				"down": {"uv": [0, 0, 2, 2], "rotation": 90, "texture": "#0"}
			}
		},
		{
			"name": "Leg3",
			"from": [12, 0, 12],
			"to": [14, 8, 14],
			"rotation": {"angle": 0, "axis": "y", "origin": [8, 7, 8]},
			"faces": {
				"north": {"uv": [4, 6, 6, 14], "texture": "#0"},
				"east": {"uv": [2, 6, 4, 14], "texture": "#0"},
				"south": {"uv": [12, 6, 14, 14], "texture": "#0"},
				"west": {"uv": [10, 6, 12, 14], "texture": "#0"},
				"down": {"uv": [0, 0, 2, 2], "rotation": 270, "texture": "#0"}
			}
		}
	],
  "display": {
		"thirdperson_righthand": {
			"rotation": [45, 0, 0], "translation": [0, 1, 0], "scale": [0.35, 0.35, 0.35]
		},
		"thirdperson_lefthand": {
			"rotation": [45, 0, 0], "translation": [0, 1, 0], "scale": [0.35, 0.35, 0.35]
		},
		"firstperson_righthand": {
			"rotation": [-10, 15, 0], "translation": [1, 0, 0], "scale": [0.4, 0.4, 0.4]
		},
		"firstperson_lefthand": {
			"rotation": [-10, 15, 0], "translation": [1, 0, 0], "scale": [0.4, 0.4, 0.4]
		},
		"ground": {
			"translation": [0, 1, 0], "scale": [0.3, 0.3, 0.3]
		},
		"gui": {
			"rotation": [35, -135, 0], "translation": [0, -1.5, 0], "scale": [0.5, 0.5, 0.5]
		},
		"head": {
			"rotation": [0, 0, 0],
      "translation": [0, 1.5, 0],
      "scale": [1, 1, 1]
		},
		"fixed": {
			"translation": [0, -3.5, -4.1], "scale": [0.8, 0.8, 0.8]
		}
	}
}