{
	"credit": "Made with Blockbench",
	"textures": {
		"0": "block/cherry_planks",
		"2": "block/stripped_cherry_log",
		"particle": "block/cherry_trapdoor"
	},
	"elements": [
		{
			"name": "SeatRim",
			"from": [3, 8, 3],
			"to": [4, 10, 13],
			"rotation": {"angle": 0, "axis": "y", "origin": [8, 7, 8]},
			"faces": {
				"north": {"uv": [12, 5, 13, 7], "texture": "#0"},
				"east": {"uv": [4, 5, 14, 7], "rotation": 180, "texture": "#0"},
				"south": {"uv": [0, 12, 1, 14], "texture": "#0"},
				"west": {"uv": [2, 13, 12, 15], "texture": "#0"},
				"up": {"uv": [2, 8, 12, 9], "rotation": 90, "texture": "#0"},
				"down": {"uv": [1, 2, 11, 3], "rotation": 90, "texture": "#0"}
			}
		},
		{
			"name": "SeatRim",
			"from": [12, 8, 3],
			"to": [13, 10, 13],
			"rotation": {"angle": 0, "axis": "y", "origin": [8, 7, 8]},
			"faces": {
				"north": {"uv": [2, 8, 3, 10], "texture": "#0"},
				"east": {"uv": [4, 12, 14, 14], "texture": "#0"},
				"south": {"uv": [12, 13, 13, 15], "texture": "#0"},
				"west": {"uv": [5, 5, 15, 7], "texture": "#0"},
				"up": {"uv": [2, 12, 12, 13], "rotation": 90, "texture": "#0"},
				"down": {"uv": [1, 4, 11, 5], "rotation": 90, "texture": "#0"}
			}
		},
		{
			"name": "SeatRim",
			"from": [12, 9, 2],
			"to": [13, 10, 3],
			"rotation": {"angle": 0, "axis": "y", "origin": [8, 7, 8]},
			"faces": {
				"north": {"uv": [2, 8, 3, 9], "texture": "#0"},
				"east": {"uv": [4, 12, 5, 13], "texture": "#0"},
				"south": {"uv": [12, 13, 13, 14], "texture": "#0"},
				"west": {"uv": [5, 5, 6, 6], "texture": "#0"},
				"up": {"uv": [2, 12, 3, 13], "rotation": 90, "texture": "#0"},
				"down": {"uv": [1, 4, 2, 5], "rotation": 90, "texture": "#0"}
			}
		},
		{
			"name": "SeatRim",
			"from": [3, 9, 2],
			"to": [4, 10, 3],
			"rotation": {"angle": 0, "axis": "y", "origin": [8, 7, 8]},
			"faces": {
				"north": {"uv": [2, 8, 3, 9], "texture": "#0"},
				"east": {"uv": [4, 12, 5, 13], "texture": "#0"},
				"south": {"uv": [12, 13, 13, 14], "texture": "#0"},
				"west": {"uv": [5, 5, 6, 6], "texture": "#0"},
				"up": {"uv": [2, 12, 3, 13], "rotation": 90, "texture": "#0"},
				"down": {"uv": [1, 4, 2, 5], "rotation": 90, "texture": "#0"}
			}
		},
		{
			"name": "SeatRim",
			"from": [2, 8, 2],
			"to": [14, 9, 3],
			"rotation": {"angle": 0, "axis": "y", "origin": [8, 7, 8]},
			"faces": {
				"north": {"uv": [4, 13, 16, 14], "texture": "#0"},
				"east": {"uv": [1, 5, 2, 6], "rotation": 180, "texture": "#0"},
				"south": {"uv": [3, 12, 15, 13], "texture": "#0"},
				"west": {"uv": [1, 9, 2, 10], "texture": "#0"},
				"up": {"uv": [3, 1, 15, 2], "texture": "#0"},
				"down": {"uv": [3, 4, 15, 5], "texture": "#0"}
			}
		},
		{
			"name": "SeatRim",
			"from": [2, 8, 12],
			"to": [14, 10, 14],
			"rotation": {"angle": 0, "axis": "y", "origin": [8, 7, 8]},
			"faces": {
				"north": {"uv": [4, 9, 16, 11], "texture": "#0"},
				"east": {"uv": [3, 4, 5, 6], "rotation": 180, "texture": "#0"},
				"south": {"uv": [4, 12, 16, 14], "texture": "#0"},
				"west": {"uv": [0, 9, 2, 11], "texture": "#0"},
				"up": {"uv": [2, 8, 14, 10], "texture": "#0"},
				"down": {"uv": [4, 5, 16, 7], "texture": "#0"}
			}
		},
		{
			"name": "BeamRim",
			"from": [13, 8, 3],
			"to": [14, 10, 12],
			"rotation": {"angle": 0, "axis": "y", "origin": [8, 0, 8]},
			"faces": {
				"north": {"uv": [5, 3, 6, 5], "texture": "#0"},
				"east": {"uv": [0, 7, 9, 9], "texture": "#0"},
				"west": {"uv": [3, 11, 12, 13], "texture": "#0"},
				"up": {"uv": [5, 3, 14, 4], "rotation": 90, "texture": "#0"},
				"down": {"uv": [3, 13, 12, 14], "rotation": 90, "texture": "#0"}
			}
		},
		{
			"name": "BeamRim",
			"from": [2, 8, 3],
			"to": [3, 10, 12],
			"rotation": {"angle": 0, "axis": "y", "origin": [8, 0, 8]},
			"faces": {
				"north": {"uv": [11, 7, 12, 9], "texture": "#0"},
				"east": {"uv": [3, 11, 12, 13], "texture": "#0"},
				"west": {"uv": [0, 7, 9, 9], "texture": "#0"},
				"up": {"uv": [5, 3, 14, 4], "rotation": 270, "texture": "#0"},
				"down": {"uv": [5, 13, 14, 14], "rotation": 270, "texture": "#0"}
			}
		},
		{
			"name": "Beam",
			"from": [3, 7, 4],
			"to": [4, 8, 12],
			"rotation": {"angle": 0, "axis": "y", "origin": [8, 7, 8]},
			"faces": {
				"north": {"uv": [12, 5, 13, 6], "texture": "#0"},
				"east": {"uv": [4, 5, 12, 6], "rotation": 180, "texture": "#0"},
				"south": {"uv": [0, 12, 1, 13], "texture": "#0"},
				"west": {"uv": [2, 13, 10, 14], "texture": "#0"},
				"down": {"uv": [0, 2, 8, 3], "rotation": 90, "texture": "#0"}
			}
		},
		{
			"name": "Beam",
			"from": [12, 7, 4],
			"to": [13, 8, 12],
			"rotation": {"angle": 0, "axis": "y", "origin": [8, 7, 8]},
			"faces": {
				"north": {"uv": [0, 12, 1, 13], "texture": "#0"},
				"east": {"uv": [2, 13, 10, 14], "texture": "#0"},
				"south": {"uv": [12, 5, 13, 6], "texture": "#0"},
				"west": {"uv": [4, 5, 12, 6], "rotation": 180, "texture": "#0"},
				"down": {"uv": [0, 2, 8, 3], "rotation": 270, "texture": "#0"}
			}
		},
		{
			"name": "Beam",
			"from": [4, 7, 12],
			"to": [12, 8, 13],
			"rotation": {"angle": 0, "axis": "y", "origin": [8, 7, 8]},
			"faces": {
				"north": {"uv": [4, 5, 12, 6], "rotation": 180, "texture": "#0"},
				"east": {"uv": [0, 12, 1, 13], "texture": "#0"},
				"south": {"uv": [2, 13, 10, 14], "texture": "#0"},
				"west": {"uv": [12, 5, 13, 6], "texture": "#0"},
				"down": {"uv": [0, 2, 8, 3], "rotation": 180, "texture": "#0"}
			}
		},
		{
			"name": "Beam",
			"from": [4, 7, 3],
			"to": [12, 8, 4],
			"rotation": {"angle": 0, "axis": "y", "origin": [8, 7, 8]},
			"faces": {
				"north": {"uv": [2, 13, 10, 14], "texture": "#0"},
				"east": {"uv": [12, 5, 13, 6], "texture": "#0"},
				"south": {"uv": [4, 5, 12, 6], "rotation": 180, "texture": "#0"},
				"west": {"uv": [0, 12, 1, 13], "texture": "#0"},
				"down": {"uv": [0, 2, 8, 3], "texture": "#0"}
			}
		},
		{
			"name": "Seat",
			"from": [4, 9, 2],
			"to": [12, 10, 12],
			"rotation": {"angle": 0, "axis": "y", "origin": [8, 7, 8]},
			"faces": {
				"north": {"uv": [0, 0, 8, 1], "texture": "#2"},
				"up": {"uv": [4, 3, 12, 13], "texture": "#2"},
				"down": {"uv": [4, 3, 12, 13], "texture": "#2"}
			}
		},
		{
			"name": "1Leg",
			"from": [11, 7, 2],
			"to": [14, 8, 5],
			"rotation": {"angle": 0, "axis": "y", "origin": [8, 0, 8]},
			"faces": {
				"north": {"uv": [11, 12, 12, 15], "rotation": 270, "texture": "#0"},
				"east": {"uv": [2, 8, 3, 11], "rotation": 90, "texture": "#0"},
				"south": {"uv": [3, 8, 4, 11], "rotation": 90, "texture": "#0"},
				"west": {"uv": [7, 8, 8, 11], "rotation": 90, "texture": "#0"},
				"up": {"uv": [9, 4, 12, 7], "rotation": 180, "texture": "#0"},
				"down": {"uv": [4, 4, 7, 7], "rotation": 180, "texture": "#0"}
			}
		},
		{
			"name": "3Leg",
			"from": [12, 0, 2],
			"to": [14, 1, 4],
			"rotation": {"angle": 0, "axis": "y", "origin": [8, 0, 8]},
			"faces": {
				"north": {"uv": [7, 4, 9, 5], "texture": "#0"},
				"east": {"uv": [10, 4, 12, 5], "texture": "#0"},
				"south": {"uv": [9, 4, 11, 5], "texture": "#0"},
				"west": {"uv": [8, 4, 10, 5], "texture": "#0"},
				"up": {"uv": [5, 8, 7, 10], "texture": "#0"},
				"down": {"uv": [6, 4, 8, 6], "texture": "#0"}
			}
		},
		{
			"name": "1Leg",
			"from": [2, 7, 2],
			"to": [5, 8, 5],
			"rotation": {"angle": 0, "axis": "y", "origin": [8, 0, 8]},
			"faces": {
				"north": {"uv": [2, 8, 3, 11], "rotation": 90, "texture": "#0"},
				"east": {"uv": [3, 12, 4, 15], "rotation": 90, "texture": "#0"},
				"south": {"uv": [7, 8, 8, 11], "rotation": 90, "texture": "#0"},
				"west": {"uv": [8, 12, 9, 15], "rotation": 270, "texture": "#0"},
				"up": {"uv": [10, 8, 13, 11], "rotation": 90, "texture": "#0"},
				"down": {"uv": [4, 4, 7, 7], "rotation": 270, "texture": "#0"}
			}
		},
		{
			"name": "3Leg",
			"from": [2, 0, 2],
			"to": [4, 1, 4],
			"rotation": {"angle": 0, "axis": "y", "origin": [8, 0, 8]},
			"faces": {
				"north": {"uv": [10, 4, 12, 5], "texture": "#0"},
				"east": {"uv": [9, 4, 11, 5], "texture": "#0"},
				"south": {"uv": [8, 4, 10, 5], "texture": "#0"},
				"west": {"uv": [7, 4, 9, 5], "texture": "#0"},
				"up": {"uv": [5, 8, 7, 10], "rotation": 270, "texture": "#0"},
				"down": {"uv": [6, 4, 8, 6], "rotation": 90, "texture": "#0"}
			}
		},
		{
			"name": "1Leg",
			"from": [12, 7, 12],
			"to": [14, 8, 14],
			"rotation": {"angle": 0, "axis": "y", "origin": [8, 0, 8]},
			"faces": {
				"north": {"uv": [7, 9, 8, 11], "rotation": 90, "texture": "#0"},
				"east": {"uv": [9, 12, 10, 14], "rotation": 270, "texture": "#0"},
				"south": {"uv": [2, 8, 3, 10], "rotation": 90, "texture": "#0"},
				"west": {"uv": [2, 9, 3, 11], "rotation": 90, "texture": "#0"},
				"up": {"uv": [9, 5, 11, 7], "rotation": 270, "texture": "#0"},
				"down": {"uv": [4, 4, 6, 6], "rotation": 90, "texture": "#0"}
			}
		},
		{
			"name": "2Leg",
			"from": [12, 1, 12],
			"to": [14, 7, 14],
			"rotation": {"angle": 0, "axis": "y", "origin": [8, 0, 8]},
			"faces": {
				"north": {"uv": [5, 12, 11, 14], "rotation": 270, "texture": "#0"},
				"east": {"uv": [4, 8, 10, 10], "rotation": 90, "texture": "#0"},
				"south": {"uv": [4, 9, 10, 11], "rotation": 90, "texture": "#0"},
				"west": {"uv": [5, 9, 11, 11], "rotation": 90, "texture": "#0"},
				"up": {"uv": [10.5, 5.5, 12.5, 7.5], "rotation": 180, "texture": "#0"},
				"down": {"uv": [5, 5, 7, 7], "rotation": 180, "texture": "#0"}
			}
		},
		{
			"name": "3Leg",
			"from": [12, 0, 12],
			"to": [14, 1, 14],
			"rotation": {"angle": 0, "axis": "y", "origin": [8, 0, 8]},
			"faces": {
				"north": {"uv": [8, 4, 10, 5], "texture": "#0"},
				"east": {"uv": [7, 4, 9, 5], "texture": "#0"},
				"south": {"uv": [10, 4, 12, 5], "texture": "#0"},
				"west": {"uv": [9, 4, 11, 5], "texture": "#0"},
				"up": {"uv": [5, 8, 7, 10], "rotation": 90, "texture": "#0"},
				"down": {"uv": [6, 4, 8, 6], "rotation": 270, "texture": "#0"}
			}
		},
		{
			"name": "1Leg",
			"from": [2, 7, 12],
			"to": [4, 8, 14],
			"rotation": {"angle": 0, "axis": "y", "origin": [8, 0, 8]},
			"faces": {
				"north": {"uv": [2, 9, 3, 11], "rotation": 90, "texture": "#0"},
				"east": {"uv": [7, 9, 8, 11], "rotation": 90, "texture": "#0"},
				"south": {"uv": [8, 12, 9, 14], "rotation": 270, "texture": "#0"},
				"west": {"uv": [2, 8, 3, 10], "rotation": 90, "texture": "#0"},
				"up": {"uv": [9, 5, 11, 7], "texture": "#0"},
				"down": {"uv": [4, 4, 6, 6], "texture": "#0"}
			}
		},
		{
			"name": "2Leg",
			"from": [2, 1, 12],
			"to": [4, 7, 14],
			"rotation": {"angle": 0, "axis": "y", "origin": [8, 0, 8]},
			"faces": {
				"north": {"uv": [5, 9, 11, 11], "rotation": 90, "texture": "#0"},
				"east": {"uv": [5, 12, 11, 14], "rotation": 270, "texture": "#0"},
				"south": {"uv": [4, 8, 10, 10], "rotation": 90, "texture": "#0"},
				"west": {"uv": [4, 9, 10, 11], "rotation": 90, "texture": "#0"},
				"up": {"uv": [10.5, 5.5, 12.5, 7.5], "rotation": 270, "texture": "#0"},
				"down": {"uv": [5, 5, 7, 7], "rotation": 90, "texture": "#0"}
			}
		},
		{
			"name": "2Leg",
			"from": [2, 1, 2],
			"to": [4, 7, 4],
			"rotation": {"angle": 0, "axis": "y", "origin": [8, 0, 8]},
			"faces": {
				"north": {"uv": [4, 9, 10, 11], "rotation": 90, "texture": "#0"},
				"east": {"uv": [5, 9, 11, 11], "rotation": 90, "texture": "#0"},
				"south": {"uv": [5, 12, 11, 14], "rotation": 270, "texture": "#0"},
				"west": {"uv": [4, 8, 10, 10], "rotation": 90, "texture": "#0"},
				"up": {"uv": [10.5, 5.5, 12.5, 7.5], "texture": "#0"},
				"down": {"uv": [5, 5, 7, 7], "texture": "#0"}
			}
		},
		{
			"name": "2Leg",
			"from": [12, 1, 2],
			"to": [14, 7, 4],
			"rotation": {"angle": 0, "axis": "y", "origin": [8, 0, 8]},
			"faces": {
				"north": {"uv": [10, 9, 16, 11], "rotation": 90, "texture": "#0"},
				"east": {"uv": [4, 9, 10, 11], "rotation": 90, "texture": "#0"},
				"south": {"uv": [5, 9, 11, 11], "rotation": 90, "texture": "#0"},
				"west": {"uv": [5, 12, 11, 14], "rotation": 270, "texture": "#0"},
				"up": {"uv": [10.5, 5.5, 12.5, 7.5], "rotation": 90, "texture": "#0"},
				"down": {"uv": [5, 5, 7, 7], "rotation": 270, "texture": "#0"}
			}
		},
		{
			"name": "3Leg",
			"from": [2, 0, 12],
			"to": [4, 1, 14],
			"rotation": {"angle": 0, "axis": "y", "origin": [8, 0, 8]},
			"faces": {
				"north": {"uv": [9, 4, 11, 5], "texture": "#0"},
				"east": {"uv": [8, 4, 10, 5], "texture": "#0"},
				"south": {"uv": [7, 4, 9, 5], "texture": "#0"},
				"west": {"uv": [10, 4, 12, 5], "texture": "#0"},
				"up": {"uv": [5, 8, 7, 10], "rotation": 180, "texture": "#0"},
				"down": {"uv": [6, 4, 8, 6], "rotation": 180, "texture": "#0"}
			}
		},
		{
			"name": "SeatBack",
			"from": [13, 14, 12],
			"to": [14, 23, 14],
			"rotation": {"angle": 0, "axis": "y", "origin": [8, 0, 8]},
			"faces": {
				"north": {"uv": [1, 6, 10, 7], "rotation": 270, "texture": "#0"},
				"east": {"uv": [1, 8, 10, 10], "rotation": 90, "texture": "#0"},
				"south": {"uv": [1, 10, 10, 11], "rotation": 90, "texture": "#0"},
				"west": {"uv": [1, 12, 10, 14], "rotation": 90, "texture": "#0"},
				"up": {"uv": [9, 5, 11, 6], "rotation": 90, "texture": "#0"},
				"down": {"uv": [9, 5, 11, 6], "rotation": 90, "texture": "#0"}
			}
		},
		{
			"name": "SeatBack",
			"from": [12, 10, 12],
			"to": [13, 14, 14],
			"rotation": {"angle": 0, "axis": "y", "origin": [8, 0, 8]},
			"faces": {
				"north": {"uv": [1, 6, 5, 7], "rotation": 270, "texture": "#0"},
				"east": {"uv": [1, 8, 5, 10], "rotation": 90, "texture": "#0"},
				"south": {"uv": [1, 10, 5, 11], "rotation": 90, "texture": "#0"},
				"west": {"uv": [1, 12, 5, 14], "rotation": 90, "texture": "#0"}
			}
		},
		{
			"name": "SeatBack",
			"from": [3, 10, 12],
			"to": [4, 14, 14],
			"rotation": {"angle": 0, "axis": "y", "origin": [8, 0, 8]},
			"faces": {
				"north": {"uv": [1, 6, 5, 7], "rotation": 270, "texture": "#0"},
				"east": {"uv": [1, 8, 5, 10], "rotation": 90, "texture": "#0"},
				"south": {"uv": [1, 10, 5, 11], "rotation": 90, "texture": "#0"},
				"west": {"uv": [1, 12, 5, 14], "rotation": 90, "texture": "#0"}
			}
		},
		{
			"name": "SeatBack",
			"from": [11, 13, 12],
			"to": [12, 15, 14],
			"rotation": {"angle": 0, "axis": "y", "origin": [8, 7, 8]},
			"faces": {
				"north": {"uv": [7, 5, 8, 7], "texture": "#0"},
				"east": {"uv": [3, 3, 5, 5], "rotation": 180, "texture": "#0"},
				"south": {"uv": [4, 12, 5, 14], "texture": "#0"},
				"west": {"uv": [3, 5, 5, 7], "texture": "#0"},
				"up": {"uv": [5, 8, 6, 10], "texture": "#0"},
				"down": {"uv": [7, 3, 8, 5], "texture": "#0"}
			}
		},
		{
			"name": "SeatBack",
			"from": [12, 14, 12],
			"to": [13, 16, 14],
			"rotation": {"angle": 0, "axis": "y", "origin": [8, 7, 8]},
			"faces": {
				"north": {"uv": [4, 6, 5, 8], "texture": "#0"},
				"east": {"uv": [11, 9, 13, 11], "rotation": 180, "texture": "#0"},
				"south": {"uv": [5, 13, 6, 15], "texture": "#0"},
				"west": {"uv": [7, 9, 9, 11], "texture": "#0"},
				"up": {"uv": [2, 8, 3, 10], "texture": "#0"},
				"down": {"uv": [4, 3, 5, 5], "texture": "#0"}
			}
		},
		{
			"name": "SeatBack",
			"from": [5, 13, 12],
			"to": [11, 14, 14],
			"rotation": {"angle": 0, "axis": "y", "origin": [8, 7, 8]},
			"faces": {
				"north": {"uv": [4, 6, 10, 7], "texture": "#0"},
				"east": {"uv": [0, 3, 2, 4], "rotation": 180, "texture": "#0"},
				"south": {"uv": [1, 14, 7, 15], "texture": "#0"},
				"west": {"uv": [0, 6, 2, 7], "texture": "#0"},
				"up": {"uv": [2, 8, 8, 10], "texture": "#0"},
				"down": {"uv": [4, 3, 10, 5], "texture": "#0"}
			}
		},
		{
			"name": "SeatBack",
			"from": [12, 22, 12],
			"to": [13, 24, 14],
			"rotation": {"angle": 0, "axis": "y", "origin": [8, 7, 8]},
			"faces": {
				"north": {"uv": [4, 6, 5, 8], "texture": "#0"},
				"east": {"uv": [0, 3, 2, 5], "rotation": 180, "texture": "#0"},
				"south": {"uv": [1, 14, 2, 16], "texture": "#0"},
				"west": {"uv": [0, 6, 2, 8], "texture": "#0"},
				"up": {"uv": [2, 8, 3, 10], "texture": "#0"},
				"down": {"uv": [4, 3, 5, 5], "texture": "#0"}
			}
		},
		{
			"name": "SeatBack",
			"from": [11, 23, 12],
			"to": [12, 24, 14],
			"rotation": {"angle": 0, "axis": "y", "origin": [8, 7, 8]},
			"faces": {
				"north": {"uv": [4, 6, 5, 7], "texture": "#0"},
				"east": {"uv": [0, 3, 2, 4], "rotation": 180, "texture": "#0"},
				"south": {"uv": [1, 14, 2, 15], "texture": "#0"},
				"west": {"uv": [0, 6, 2, 7], "texture": "#0"},
				"up": {"uv": [2, 8, 3, 10], "texture": "#0"},
				"down": {"uv": [4, 3, 5, 5], "texture": "#0"}
			}
		},
		{
			"name": "SeatBack",
			"from": [4, 23, 12],
			"to": [5, 24, 14],
			"rotation": {"angle": 0, "axis": "y", "origin": [8, 7, 8]},
			"faces": {
				"north": {"uv": [4, 6, 5, 7], "texture": "#0"},
				"east": {"uv": [0, 3, 2, 4], "rotation": 180, "texture": "#0"},
				"south": {"uv": [1, 14, 2, 15], "texture": "#0"},
				"west": {"uv": [0, 6, 2, 7], "texture": "#0"},
				"up": {"uv": [2, 8, 3, 10], "texture": "#0"},
				"down": {"uv": [4, 3, 5, 5], "texture": "#0"}
			}
		},
		{
			"name": "SeatBack",
			"from": [3, 22, 12],
			"to": [4, 24, 14],
			"rotation": {"angle": 0, "axis": "y", "origin": [8, 7, 8]},
			"faces": {
				"north": {"uv": [4, 6, 5, 8], "texture": "#0"},
				"east": {"uv": [0, 3, 2, 5], "rotation": 180, "texture": "#0"},
				"south": {"uv": [1, 14, 2, 16], "texture": "#0"},
				"west": {"uv": [0, 6, 2, 8], "texture": "#0"},
				"up": {"uv": [2, 8, 3, 10], "texture": "#0"},
				"down": {"uv": [4, 3, 5, 5], "texture": "#0"}
			}
		},
		{
			"name": "SeatBack",
			"from": [2, 14, 12],
			"to": [3, 23, 14],
			"rotation": {"angle": 0, "axis": "y", "origin": [8, 0, 8]},
			"faces": {
				"north": {"uv": [1, 6, 10, 7], "rotation": 270, "texture": "#0"},
				"east": {"uv": [1, 8, 10, 10], "rotation": 90, "texture": "#0"},
				"south": {"uv": [1, 10, 10, 11], "rotation": 90, "texture": "#0"},
				"west": {"uv": [1, 12, 10, 14], "rotation": 90, "texture": "#0"},
				"up": {"uv": [9, 5, 11, 6], "rotation": 90, "texture": "#0"},
				"down": {"uv": [9, 5, 11, 6], "rotation": 90, "texture": "#0"}
			}
		},
		{
			"name": "SeatBack",
			"from": [3, 14, 12],
			"to": [4, 16, 14],
			"rotation": {"angle": 0, "axis": "y", "origin": [8, 7, 8]},
			"faces": {
				"north": {"uv": [4, 6, 5, 8], "texture": "#0"},
				"east": {"uv": [0, 3, 2, 5], "rotation": 180, "texture": "#0"},
				"south": {"uv": [9, 13, 10, 15], "texture": "#0"},
				"west": {"uv": [7, 4, 9, 6], "texture": "#0"},
				"up": {"uv": [2, 8, 3, 10], "texture": "#0"},
				"down": {"uv": [4, 3, 5, 5], "texture": "#0"}
			}
		},
		{
			"name": "SeatBack",
			"from": [5, 24, 12],
			"to": [11, 25, 14],
			"rotation": {"angle": 0, "axis": "y", "origin": [8, 7, 8]},
			"faces": {
				"north": {"uv": [4, 6, 10, 7], "texture": "#0"},
				"east": {"uv": [0, 3, 2, 4], "rotation": 180, "texture": "#0"},
				"south": {"uv": [1, 14, 7, 15], "texture": "#0"},
				"west": {"uv": [0, 6, 2, 7], "texture": "#0"},
				"up": {"uv": [2, 8, 8, 10], "texture": "#0"},
				"down": {"uv": [4, 3, 10, 5], "texture": "#0"}
			}
		},
		{
			"name": "SeatBack",
			"from": [9, 10, 13],
			"to": [10, 13, 14],
			"rotation": {"angle": 0, "axis": "y", "origin": [8, 0, 8]},
			"faces": {
				"north": {"uv": [7, 12, 10, 13], "rotation": 270, "texture": "#0"},
				"east": {"uv": [2, 8, 5, 9], "rotation": 90, "texture": "#0"},
				"south": {"uv": [2, 9, 5, 10], "rotation": 90, "texture": "#0"},
				"west": {"uv": [7, 9, 10, 10], "rotation": 90, "texture": "#0"}
			}
		},
		{
			"name": "SeatBack",
			"from": [6, 10, 13],
			"to": [7, 13, 14],
			"rotation": {"angle": 0, "axis": "y", "origin": [8, 0, 8]},
			"faces": {
				"north": {"uv": [7, 13, 10, 14], "rotation": 270, "texture": "#0"},
				"east": {"uv": [2, 8, 5, 9], "rotation": 90, "texture": "#0"},
				"south": {"uv": [2, 10, 5, 11], "rotation": 90, "texture": "#0"},
				"west": {"uv": [7, 9, 10, 10], "rotation": 90, "texture": "#0"}
			}
		},
		{
			"name": "SeatBack",
			"from": [4, 13, 12],
			"to": [5, 15, 14],
			"rotation": {"angle": 0, "axis": "y", "origin": [8, 7, 8]},
			"faces": {
				"north": {"uv": [7, 5, 8, 7], "texture": "#0"},
				"east": {"uv": [3, 3, 5, 5], "rotation": 180, "texture": "#0"},
				"south": {"uv": [4, 12, 5, 14], "texture": "#0"},
				"west": {"uv": [3, 5, 5, 7], "texture": "#0"},
				"up": {"uv": [5, 8, 6, 10], "texture": "#0"},
				"down": {"uv": [7, 3, 8, 5], "texture": "#0"}
			}
		},
		{
			"name": "Back Cushion",
			"from": [4, 15, 12],
			"to": [12, 23, 14],
			"rotation": {"angle": 0, "axis": "y", "origin": [8, 7, 8]},
			"faces": {
				"north": {"uv": [4, 4, 12, 12], "texture": "#2"},
				"east": {"uv": [11, 4, 12.5, 12], "rotation": 180, "texture": "#2"},
				"south": {"uv": [4, 4, 12, 12], "texture": "#2"},
				"west": {"uv": [9, 5, 10.5, 13], "texture": "#2"},
				"up": {"uv": [7, 6, 15, 7.5], "texture": "#2"},
				"down": {"uv": [5, 4, 13, 5.5], "texture": "#2"}
			}
		},
		{
			"name": "Back Cushion",
			"from": [12, 16, 12],
			"to": [13, 22, 14],
			"rotation": {"angle": 0, "axis": "y", "origin": [8, 21, 13]},
			"faces": {
				"north": {"uv": [3, 5, 4, 11], "texture": "#2"},
				"east": {"uv": [11, 4, 12.5, 10], "rotation": 180, "texture": "#2"},
				"south": {"uv": [12, 5, 13, 11], "texture": "#2"},
				"west": {"uv": [9, 5, 10.5, 11], "texture": "#2"},
				"up": {"uv": [7, 6, 8, 7.5], "texture": "#2"},
				"down": {"uv": [5, 4, 6, 5.5], "texture": "#2"}
			}
		},
		{
			"name": "Back Cushion",
			"from": [5, 23, 12],
			"to": [11, 24, 14],
			"rotation": {"angle": 0, "axis": "z", "origin": [8, 21, 13]},
			"faces": {
				"north": {"uv": [5, 3, 11, 4], "texture": "#2"},
				"east": {"uv": [11, 4, 12, 5.5], "rotation": 270, "texture": "#2"},
				"south": {"uv": [5, 12, 11, 13], "texture": "#2"},
				"west": {"uv": [9, 5, 10, 6.5], "rotation": 270, "texture": "#2"},
				"up": {"uv": [7, 6, 8.5, 12], "rotation": 90, "texture": "#2"},
				"down": {"uv": [5, 4, 6.5, 10], "rotation": 270, "texture": "#2"}
			}
		},
		{
			"name": "Back Cushion",
			"from": [3, 16, 12],
			"to": [4, 22, 14],
			"rotation": {"angle": 0, "axis": "y", "origin": [8, 21, 13]},
			"faces": {
				"north": {"uv": [12, 5, 13, 11], "texture": "#2"},
				"east": {"uv": [11, 4, 12.5, 10], "rotation": 180, "texture": "#2"},
				"south": {"uv": [3, 5, 4, 11], "texture": "#2"},
				"west": {"uv": [9, 5, 10.5, 11], "texture": "#2"},
				"up": {"uv": [7, 6, 8, 7.5], "texture": "#2"},
				"down": {"uv": [5, 4, 6, 5.5], "texture": "#2"}
			}
		},
		{
			"name": "Back Cushion",
			"from": [5, 14, 12],
			"to": [11, 15, 14],
			"rotation": {"angle": 0, "axis": "z", "origin": [8, 21, 13]},
			"faces": {
				"north": {"uv": [5, 12, 11, 13], "texture": "#2"},
				"east": {"uv": [11, 4, 12, 5.5], "rotation": 270, "texture": "#2"},
				"south": {"uv": [5, 3, 11, 4], "texture": "#2"},
				"west": {"uv": [9, 5, 10, 6.5], "rotation": 270, "texture": "#2"},
				"up": {"uv": [7, 6, 8.5, 12], "rotation": 90, "texture": "#2"},
				"down": {"uv": [5, 4, 6.5, 10], "rotation": 270, "texture": "#2"}
			}
		}
	],
	"display": {
		"thirdperson_righthand": {
			"rotation": [45, 0, 0],
			"translation": [0, 1, 0],
			"scale": [0.35, 0.35, 0.35]
		},
		"thirdperson_lefthand": {
			"rotation": [45, 0, 0],
			"translation": [0, 1, 0],
			"scale": [0.35, 0.35, 0.35]
		},
		"firstperson_righthand": {
			"rotation": [-10, 15, 0],
			"translation": [1, 0, 0],
			"scale": [0.4, 0.4, 0.4]
		},
		"firstperson_lefthand": {
			"rotation": [-10, 15, 0],
			"translation": [1, 0, 0],
			"scale": [0.4, 0.4, 0.4]
		},
		"ground": {
			"translation": [0, 1, 0],
			"scale": [0.3, 0.3, 0.3]
		},
		"gui": {
			"rotation": [35, -135, 0],
			"translation": [0, -1.5, 0],
			"scale": [0.5, 0.5, 0.5]
		},
		"head": {
			"translation": [0, 1.5, 0]
		},
		"fixed": {
			"translation": [0, -3.5, -4.1],
			"scale": [0.8, 0.8, 0.8]
		}
	}
}