{
	"credit": "Made with Blockbench",
	"textures": {
		"0": "block/mangrove_planks",
		"1": "block/mangrove_trapdoor",
		"2": "block/stripped_mangrove_log",
		"particle": "block/mangrove_trapdoor"
	},
	"elements": [
		{
			"name": "Seat",
			"from": [3, 9, 3],
			"to": [13, 10, 13],
			"rotation": {"angle": 0, "axis": "y", "origin": [8, 9, 8]},
			"faces": {
				"up": {"uv": [3, 2, 13, 12], "texture": "#2"},
				"down": {"uv": [3, 2, 13, 12], "texture": "#2"}
			}
		},
		{
			"name": "SeatRim",
			"from": [2, 9, 13],
			"to": [14, 10, 14],
			"rotation": {"angle": 0, "axis": "y", "origin": [8, 0, 8]},
			"faces": {
				"east": {"uv": [1, 3, 2, 4], "texture": "#0"},
				"south": {"uv": [3, 7, 15, 8], "texture": "#0"},
				"west": {"uv": [0, 3, 1, 4], "texture": "#0"},
				"up": {"uv": [2, 3, 14, 4], "texture": "#0"},
				"down": {"uv": [2, 1, 14, 2], "texture": "#0"}
			}
		},
		{
			"name": "SeatRim",
			"from": [2, 9, 2],
			"to": [14, 10, 3],
			"rotation": {"angle": 0, "axis": "y", "origin": [8, 0, 8]},
			"faces": {
				"north": {"uv": [2, 7, 14, 8], "texture": "#0"},
				"east": {"uv": [1, 7, 2, 8], "texture": "#0"},
				"west": {"uv": [14, 7, 15, 8], "texture": "#0"},
				"up": {"uv": [2, 11, 14, 12], "rotation": 180, "texture": "#0"},
				"down": {"uv": [2, 1, 14, 2], "rotation": 180, "texture": "#0"}
			}
		},
		{
			"name": "SeatRim",
			"from": [13, 9, 3],
			"to": [14, 10, 13],
			"rotation": {"angle": 0, "axis": "y", "origin": [8, 0, 8]},
			"faces": {
				"east": {"uv": [1, 11, 11, 12], "texture": "#0"},
				"up": {"uv": [2, 11, 12, 12], "rotation": 270, "texture": "#0"},
				"down": {"uv": [2, 1, 12, 2], "rotation": 90, "texture": "#0"}
			}
		},
		{
			"name": "SeatRim",
			"from": [2, 9, 3],
			"to": [3, 10, 13],
			"rotation": {"angle": 0, "axis": "y", "origin": [8, 0, 8]},
			"faces": {
				"west": {"uv": [4, 11, 14, 12], "texture": "#0"},
				"up": {"uv": [4, 11, 14, 12], "rotation": 90, "texture": "#0"},
				"down": {"uv": [4, 5, 14, 6], "rotation": 270, "texture": "#0"}
			}
		},
		{
			"name": "BackBeam",
			"from": [13, 14, 12],
			"to": [14, 22, 14],
			"rotation": {"angle": 0, "axis": "y", "origin": [8, 0, 8]},
			"faces": {
				"north": {"uv": [5, 9, 13, 10], "rotation": 90, "texture": "#0"},
				"east": {"uv": [5, 9, 13, 11], "rotation": 90, "texture": "#0"},
				"south": {"uv": [5, 9, 13, 10], "rotation": 90, "texture": "#0"},
				"west": {"uv": [5, 9, 13, 11], "rotation": 90, "texture": "#0"},
				"up": {"uv": [11, 8, 12, 10], "texture": "#0"}
			}
		},
		{
			"name": "BackBeam",
			"from": [2, 14, 12],
			"to": [3, 22, 14],
			"rotation": {"angle": 0, "axis": "y", "origin": [8, 0, 8]},
			"faces": {
				"north": {"uv": [5, 2, 13, 3], "rotation": 90, "texture": "#0"},
				"east": {"uv": [5, 9, 13, 11], "rotation": 90, "texture": "#0"},
				"south": {"uv": [5, 10, 13, 11], "rotation": 90, "texture": "#0"},
				"west": {"uv": [5, 9, 13, 11], "rotation": 90, "texture": "#0"},
				"up": {"uv": [11, 8, 12, 10], "rotation": 180, "texture": "#0"}
			}
		},
		{
			"name": "Back1N",
			"from": [4, 10, 13],
			"to": [5, 13, 14],
			"rotation": {"angle": 0, "axis": "y", "origin": [3, 11.5, 13]},
			"faces": {
				"north": {"uv": [8, 5, 11, 6], "rotation": 90, "texture": "#0"},
				"east": {"uv": [1, 5, 4, 6], "rotation": 90, "texture": "#0"},
				"south": {"uv": [4, 5, 7, 6], "rotation": 90, "texture": "#0"},
				"west": {"uv": [11, 5, 14, 6], "rotation": 90, "texture": "#0"}
			}
		},
		{
			"name": "Back2N",
			"from": [11, 10, 13],
			"to": [12, 13, 14],
			"rotation": {"angle": 0, "axis": "y", "origin": [13, 11.5, 13]},
			"faces": {
				"north": {"uv": [11, 13, 14, 14], "rotation": 90, "texture": "#0"},
				"east": {"uv": [5, 13, 8, 14], "rotation": 90, "texture": "#0"},
				"south": {"uv": [2, 13, 5, 14], "rotation": 90, "texture": "#0"},
				"west": {"uv": [8, 13, 11, 14], "rotation": 90, "texture": "#0"}
			}
		},
		{
			"name": "Back1N",
			"from": [2, 10, 12],
			"to": [3, 13, 14],
			"rotation": {"angle": 0, "axis": "y", "origin": [3, 11.5, 13]},
			"faces": {
				"north": {"uv": [10, 2, 13, 3], "rotation": 90, "texture": "#0"},
				"east": {"uv": [3, 1, 6, 3], "rotation": 90, "texture": "#0"},
				"south": {"uv": [6, 2, 9, 3], "rotation": 90, "texture": "#0"},
				"west": {"uv": [13, 1, 16, 3], "rotation": 90, "texture": "#0"}
			}
		},
		{
			"name": "Back2N",
			"from": [13, 10, 12],
			"to": [14, 13, 14],
			"rotation": {"angle": 0, "axis": "y", "origin": [13, 11.5, 13]},
			"faces": {
				"north": {"uv": [11, 9, 14, 10], "rotation": 90, "texture": "#0"},
				"east": {"uv": [5, 9, 8, 11], "rotation": 90, "texture": "#0"},
				"south": {"uv": [2, 9, 5, 10], "rotation": 90, "texture": "#0"},
				"west": {"uv": [8, 9, 11, 11], "rotation": 90, "texture": "#0"}
			}
		},
		{
			"name": "BackB0",
			"from": [2, 13, 12],
			"to": [14, 14, 14],
			"rotation": {"angle": 0, "axis": "y", "origin": [8, 11.5, 13]},
			"faces": {
				"north": {"uv": [7, 13, 15, 14], "texture": "#0"},
				"east": {"uv": [13, 9, 14, 11], "rotation": 90, "texture": "#0"},
				"south": {"uv": [2, 10, 10, 11], "texture": "#0"},
				"west": {"uv": [5, 5, 7, 6], "texture": "#0"},
				"up": {"uv": [2, 12, 10, 14], "texture": "#0"},
				"down": {"uv": [2, 9, 10, 11], "texture": "#0"}
			}
		},
		{
			"name": "BackB1",
			"from": [1, 22, 12],
			"to": [15, 23, 14],
			"rotation": {"angle": 0, "axis": "y", "origin": [8, 11.5, 13]},
			"faces": {
				"north": {"uv": [1, 13, 15, 14], "texture": "#0"},
				"east": {"uv": [4, 1, 6, 2], "texture": "#0"},
				"south": {"uv": [2, 9, 16, 10], "texture": "#0"},
				"west": {"uv": [4, 1, 6, 2], "texture": "#0"},
				"up": {"uv": [1, 12, 15, 14], "texture": "#0"},
				"down": {"uv": [1, 9, 15, 11], "texture": "#0"}
			}
		},
		{
			"name": "SeatBack",
			"from": [4, 18, 12.5],
			"to": [12, 22, 13.5],
			"rotation": {"angle": 0, "axis": "y", "origin": [8, 18.5, 13]},
			"faces": {
				"north": {"uv": [4, 3, 12, 7], "texture": "#1"},
				"south": {"uv": [4, 3, 12, 7], "texture": "#1"}
			}
		},
		{
			"name": "SeatBack",
			"from": [4, 13, 12.5],
			"to": [12, 18, 13.5],
			"rotation": {"angle": 0, "axis": "y", "origin": [8, 18.5, 13]},
			"faces": {
				"north": {"uv": [4, 9, 12, 14], "texture": "#1"},
				"south": {"uv": [4, 9, 12, 14], "texture": "#1"}
			}
		},
		{
			"name": "SeatBack",
			"from": [12, 15, 12.5],
			"to": [13, 21, 13.5],
			"rotation": {"angle": 0, "axis": "y", "origin": [8, 18.5, 13]},
			"faces": {
				"north": {"uv": [3, 5, 4, 11], "texture": "#1"},
				"south": {"uv": [12, 5, 13, 11], "texture": "#1"}
			}
		},
		{
			"name": "SeatBack",
			"from": [3, 15, 12.5],
			"to": [4, 21, 13.5],
			"rotation": {"angle": 0, "axis": "y", "origin": [8, 18.5, 13]},
			"faces": {
				"north": {"uv": [12, 5, 13, 11], "texture": "#1"},
				"south": {"uv": [3, 5, 4, 11], "texture": "#1"}
			}
		},
		{
			"name": "Leg",
			"from": [13, 0, 2],
			"to": [14, 9, 3],
			"rotation": {"angle": 0, "axis": "y", "origin": [8, 0, 8]},
			"faces": {
				"north": {"uv": [3, 14, 12, 15], "rotation": 90, "texture": "#0"},
				"east": {"uv": [3, 13, 12, 14], "rotation": 90, "texture": "#0"},
				"south": {"uv": [3, 14, 12, 15], "rotation": 90, "texture": "#0"},
				"west": {"uv": [3, 13, 12, 14], "rotation": 90, "texture": "#0"},
				"down": {"uv": [6, 4, 7, 5], "rotation": 90, "texture": "#0"}
			}
		},
		{
			"name": "Leg",
			"from": [2, 0, 2],
			"to": [3, 9, 3],
			"rotation": {"angle": 0, "axis": "y", "origin": [8, 0, 8]},
			"faces": {
				"north": {"uv": [3, 13, 12, 14], "rotation": 90, "texture": "#0"},
				"east": {"uv": [3, 14, 12, 15], "rotation": 90, "texture": "#0"},
				"south": {"uv": [3, 13, 12, 14], "rotation": 90, "texture": "#0"},
				"west": {"uv": [3, 14, 12, 15], "rotation": 90, "texture": "#0"},
				"down": {"uv": [6, 4, 7, 5], "rotation": 180, "texture": "#0"}
			}
		},
		{
			"name": "Leg",
			"from": [2, 0, 13],
			"to": [3, 9, 14],
			"rotation": {"angle": 0, "axis": "y", "origin": [8, 0, 8]},
			"faces": {
				"north": {"uv": [3, 14, 12, 15], "rotation": 90, "texture": "#0"},
				"east": {"uv": [3, 13, 12, 14], "rotation": 90, "texture": "#0"},
				"south": {"uv": [3, 14, 12, 15], "rotation": 90, "texture": "#0"},
				"west": {"uv": [3, 13, 12, 14], "rotation": 90, "texture": "#0"},
				"down": {"uv": [6, 4, 7, 5], "rotation": 270, "texture": "#0"}
			}
		},
		{
			"name": "Leg",
			"from": [13, 0, 13],
			"to": [14, 9, 14],
			"rotation": {"angle": 0, "axis": "y", "origin": [8, 0, 8]},
			"faces": {
				"north": {"uv": [3, 13, 12, 14], "rotation": 90, "texture": "#0"},
				"east": {"uv": [3, 14, 12, 15], "rotation": 90, "texture": "#0"},
				"south": {"uv": [3, 13, 12, 14], "rotation": 90, "texture": "#0"},
				"west": {"uv": [3, 14, 12, 15], "rotation": 90, "texture": "#0"},
				"down": {"uv": [6, 4, 7, 5], "texture": "#0"}
			}
		},
		{
			"name": "DecorationR",
			"from": [8, 6, 2],
			"to": [13, 9, 3],
			"rotation": {"angle": 0, "axis": "y", "origin": [8, 0, 8]},
			"faces": {
				"north": {"uv": [4, 4, 9, 7], "texture": "#1"},
				"south": {"uv": [7, 4, 12, 7], "texture": "#1"}
			}
		},
		{
			"name": "DecorationL",
			"from": [3, 6, 2],
			"to": [8, 9, 3],
			"rotation": {"angle": 0, "axis": "y", "origin": [8, 0, 8]},
			"faces": {
				"north": {"uv": [7, 4, 12, 7], "texture": "#1"},
				"south": {"uv": [4, 4, 9, 7], "texture": "#1"}
			}
		},
		{
			"name": "DecorationR",
			"from": [2, 6, 3],
			"to": [3, 9, 8],
			"rotation": {"angle": 0, "axis": "y", "origin": [8, 0, 8]},
			"faces": {
				"east": {"uv": [7, 4, 12, 7], "texture": "#1"},
				"west": {"uv": [4, 4, 9, 7], "texture": "#1"}
			}
		},
		{
			"name": "DecorationL",
			"from": [2, 6, 8],
			"to": [3, 9, 13],
			"rotation": {"angle": 0, "axis": "y", "origin": [8, 0, 8]},
			"faces": {
				"east": {"uv": [4, 4, 9, 7], "texture": "#1"},
				"west": {"uv": [7, 4, 12, 7], "texture": "#1"}
			}
		},
		{
			"name": "DecorationR",
			"from": [3, 6, 13],
			"to": [8, 9, 14],
			"rotation": {"angle": 0, "axis": "y", "origin": [8, 0, 8]},
			"faces": {
				"north": {"uv": [7, 4, 12, 7], "texture": "#1"},
				"south": {"uv": [4, 4, 9, 7], "texture": "#1"}
			}
		},
		{
			"name": "DecorationL",
			"from": [8, 6, 13],
			"to": [13, 9, 14],
			"rotation": {"angle": 0, "axis": "y", "origin": [8, 0, 8]},
			"faces": {
				"north": {"uv": [4, 4, 9, 7], "texture": "#1"},
				"south": {"uv": [7, 4, 12, 7], "texture": "#1"}
			}
		},
		{
			"name": "DecorationR",
			"from": [13, 6, 8],
			"to": [14, 9, 13],
			"rotation": {"angle": 0, "axis": "y", "origin": [8, 0, 8]},
			"faces": {
				"east": {"uv": [4, 4, 9, 7], "texture": "#1"},
				"west": {"uv": [7, 4, 12, 7], "texture": "#1"}
			}
		},
		{
			"name": "DecorationL",
			"from": [13, 6, 3],
			"to": [14, 9, 8],
			"rotation": {"angle": 0, "axis": "y", "origin": [8, 0, 8]},
			"faces": {
				"east": {"uv": [7, 4, 12, 7], "texture": "#1"},
				"west": {"uv": [4, 4, 9, 7], "texture": "#1"}
			}
		}
	],
	"display": {
		"thirdperson_righthand": {
			"rotation": [45, 0, 0],
			"translation": [0, 1, 0],
			"scale": [0.35, 0.35, 0.35]
		},
		"thirdperson_lefthand": {
			"rotation": [45, 0, 0],
			"translation": [0, 1, 0],
			"scale": [0.35, 0.35, 0.35]
		},
		"firstperson_righthand": {
			"rotation": [-10, 15, 0],
			"translation": [1, 0, 0],
			"scale": [0.4, 0.4, 0.4]
		},
		"firstperson_lefthand": {
			"rotation": [-10, 15, 0],
			"translation": [1, 0, 0],
			"scale": [0.4, 0.4, 0.4]
		},
		"ground": {
			"translation": [0, 1, 0],
			"scale": [0.3, 0.3, 0.3]
		},
		"gui": {
			"rotation": [35, -135, 0],
			"translation": [0, -1.5, 0],
			"scale": [0.5, 0.5, 0.5]
		},
		"head": {
			"translation": [0, 1.5, 0]
		},
		"fixed": {
			"translation": [0, -3.5, -4.1],
			"scale": [0.8, 0.8, 0.8]
		}
	}
}