{
		"textures": {"0": "block/obsidian"
	},
	"elements": [{
			"name": "Seat", "from": [2, 8, 2], "to": [14, 10, 14], "rotation": {"angle": 0, "axis": "y", "origin": [10, 7, 8]}, "faces": {
				"north": {"uv": [2, 0, 14, 2], "texture": "#0"},
				"east": {"uv": [2, 9, 14, 11], "texture": "#0"},
				"south": {"uv": [2, 0, 14, 2], "texture": "#0"},
				"west": {"uv": [2, 9, 14, 11], "texture": "#0"},
				"up": {"uv": [2, 2, 14, 14], "texture": "#0"},
				"down": {"uv": [2, 2, 14, 14], "texture": "#0"}
			}},
		{
			"name": "Back", "from": [2, 14, 12], "to": [14, 22, 14], "rotation": {"angle": 0, "axis": "y", "origin": [7, 17, 13]}, "faces": {
				"north": {"uv": [2, 0, 14, 8], "texture": "#0"},
				"east": {"uv": [0, 0, 2, 8], "texture": "#0"},
				"south": {"uv": [2, 0, 14, 8], "texture": "#0"},
				"west": {"uv": [14, 0, 16, 8], "texture": "#0"},
				"up": {"uv": [2, 14, 14, 16], "texture": "#0"},
				"down": {"uv": [2, 6, 14, 8], "texture": "#0"}
			}},
		{
			"name": "Leg", "from": [2, 0, 2], "to": [4, 8, 4], "rotation": {"angle": 0, "axis": "y", "origin": [3, 5, 3]}, "faces": {
				"north": {"uv": [9, 3, 11, 11], "texture": "#0"},
				"east": {"uv": [7, 3, 9, 11], "texture": "#0"},
				"south": {"uv": [13, 3, 15, 11], "texture": "#0"},
				"west": {"uv": [11, 3, 13, 11], "texture": "#0"}
			}},
		{
			"name": "Leg", "from": [12, 0, 2], "to": [14, 8, 4], "rotation": {"angle": 0, "axis": "y", "origin": [13, 5, 3]}, "faces": {
				"north": {"uv": [11, 7, 13, 15], "texture": "#0"},
				"east": {"uv": [9, 7, 11, 15], "texture": "#0"},
				"south": {"uv": [7, 7, 9, 15], "texture": "#0"},
				"west": {"uv": [13, 7, 15, 15], "texture": "#0"}
			}},
		{
			"name": "Leg", "from": [12, 0, 12], "to": [14, 8, 14], "rotation": {"angle": 0, "axis": "y", "origin": [13, 5, 13]}, "faces": {
				"north": {"uv": [7, 7, 9, 15], "texture": "#0"},
				"east": {"uv": [5, 7, 7, 15], "texture": "#0"},
				"south": {"uv": [3, 7, 5, 15], "texture": "#0"},
				"west": {"uv": [1, 7, 3, 15], "texture": "#0"}
			}},
		{
			"name": "Leg", "from": [12, 10, 12], "to": [14, 14, 14], "rotation": {"angle": 0, "axis": "y", "origin": [13, 12, 13]}, "faces": {
				"north": {"uv": [2, 8, 4, 12], "texture": "#0"},
				"east": {"uv": [0, 8, 2, 12], "texture": "#0"},
				"south": {"uv": [6, 8, 8, 12], "texture": "#0"},
				"west": {"uv": [4, 8, 6, 12], "texture": "#0"}
			}},
		{
			"name": "Leg", "from": [2, 0, 12], "to": [4, 8, 14], "rotation": {"angle": 0, "axis": "y", "origin": [3, 5, 13]}, "faces": {
				"north": {"uv": [4, 7, 6, 15], "texture": "#0"},
				"east": {"uv": [10, 7, 12, 15], "texture": "#0"},
				"south": {"uv": [8, 7, 10, 15], "texture": "#0"},
				"west": {"uv": [6, 7, 8, 15], "texture": "#0"}
			}},
		{
			"name": "Leg", "from": [2, 10, 12], "to": [4, 14, 14], "rotation": {"angle": 0, "axis": "y", "origin": [3, 12, 13]}, "faces": {
				"north": {"uv": [12, 8, 14, 12], "texture": "#0"},
				"east": {"uv": [10, 8, 12, 12], "texture": "#0"},
				"south": {"uv": [0, 8, 2, 12], "texture": "#0"},
				"west": {"uv": [14, 8, 16, 12], "texture": "#0"}
			}}
	],
	"display": {
		"thirdperson_righthand": {
			"rotation": [45, 0, 0], "translation": [0, 1, 0], "scale": [0.35, 0.35, 0.35]
		},
		"thirdperson_lefthand": {
			"rotation": [45, 0, 0], "translation": [0, 1, 0], "scale": [0.35, 0.35, 0.35]
		},
		"firstperson_righthand": {
			"rotation": [-10, 15, 0], "translation": [1, 0, 0], "scale": [0.4, 0.4, 0.4]
		},
		"firstperson_lefthand": {
			"rotation": [-10, 15, 0], "translation": [1, 0, 0], "scale": [0.4, 0.4, 0.4]
		},
		"ground": {
			"translation": [0, 1, 0], "scale": [0.3, 0.3, 0.3]
		},
		"gui": {
			"rotation": [35, -135, 0], "translation": [0, -1.5, 0], "scale": [0.5, 0.5, 0.5]
		},
		"head": {
			"rotation": [0, 0, 0],
      "translation": [0, 1.5, 0],
      "scale": [1, 1, 1]
		},
		"fixed": {
			"translation": [0, -3.5, -4.1], "scale": [0.8, 0.8, 0.8]
		}
	}
}