{
		"textures": {"0": "block/quartz_block_top",
		"1": "block/quartz_pillar_top",
		"particle": "block/quartz_pillar_top"
	},
	"elements": [{
			"name": "Seat", "from": [2, 8, 2], "to": [14, 10, 14], "rotation": {"angle": 0, "axis": "y", "origin": [8, 7, 8]}, "faces": {
				"north": {"uv": [2, 0, 14, 2], "texture": "#0"},
				"east": {"uv": [2, 0, 14, 2], "texture": "#0"},
				"south": {"uv": [2, 0, 14, 2], "texture": "#0"},
				"west": {"uv": [2, 0, 14, 2], "texture": "#0"},
				"up": {"uv": [2, 2, 14, 14], "texture": "#1"},
				"down": {"uv": [2, 2, 14, 14], "texture": "#1"}
			}},
		{
			"name": "BackBeam", "from": [4, 11, 12.75], "to": [12, 22, 13.25], "rotation": {"angle": 0, "axis": "y", "origin": [8, 12.75, 7.75]}, "faces": {
				"north": {"uv": [4, 2, 12, 13], "texture": "#1"},
				"south": {"uv": [4, 1, 12, 12], "texture": "#1"},
				"up": {"uv": [2, 8, 10, 8.5], "texture": "#0"},
				"down": {"uv": [0, 0, 8, 0.5], "texture": "#0"}
			}},
		{
			"name": "Back", "from": [12, 10, 12], "to": [14, 20, 14], "rotation": {"angle": 0, "axis": "y", "origin": [8, 7.5, 8]}, "faces": {
				"north": {"uv": [8, 6, 10, 16], "texture": "#0"},
				"east": {"uv": [6, 6, 8, 16], "texture": "#0"},
				"south": {"uv": [4, 6, 6, 16], "texture": "#0"},
				"west": {"uv": [1, 6, 3, 16], "texture": "#0"}
			}},
		{
			"name": "Back", "from": [11, 20, 12], "to": [14, 21, 14], "rotation": {"angle": 0, "axis": "y", "origin": [7, 14.5, 8]}, "faces": {
				"north": {"uv": [8, 0, 11, 1], "texture": "#0"},
				"east": {"uv": [6, 0, 8, 1], "texture": "#0"},
				"south": {"uv": [4, 0, 7, 1], "texture": "#0"},
				"west": {"uv": [10, 0, 12, 1], "texture": "#0"},
				"up": {"uv": [0, 0, 3, 2], "texture": "#0"},
				"down": {"uv": [4, 4, 7, 6], "texture": "#0"}
			}},
		{
			"name": "Back", "from": [2, 20, 12], "to": [5, 21, 14], "rotation": {"angle": 0, "axis": "y", "origin": [-1, 14.5, 8]}, "faces": {
				"north": {"uv": [8, 0, 11, 1], "texture": "#0"},
				"east": {"uv": [6, 0, 8, 1], "texture": "#0"},
				"south": {"uv": [4, 0, 7, 1], "texture": "#0"},
				"west": {"uv": [10, 0, 12, 1], "texture": "#0"},
				"up": {"uv": [0, 0, 3, 2], "texture": "#0"},
				"down": {"uv": [4, 4, 7, 6], "texture": "#0"}
			}},
		{
			"name": "Back", "from": [10, 21, 12], "to": [13, 22, 14], "rotation": {"angle": 0, "axis": "y", "origin": [6, 15.5, 8]}, "faces": {
				"north": {"uv": [8, 0, 11, 1], "texture": "#0"},
				"east": {"uv": [6, 0, 8, 1], "texture": "#0"},
				"south": {"uv": [4, 0, 7, 1], "texture": "#0"},
				"west": {"uv": [10, 0, 12, 1], "texture": "#0"},
				"up": {"uv": [7, 5, 10, 7], "texture": "#0"},
				"down": {"uv": [4, 4, 7, 6], "texture": "#0"}
			}},
		{
			"name": "Back", "from": [3, 21, 12], "to": [6, 22, 14], "rotation": {"angle": 0, "axis": "y", "origin": [0, 15.5, 8]}, "faces": {
				"north": {"uv": [8, 0, 11, 1], "texture": "#0"},
				"east": {"uv": [6, 0, 8, 1], "texture": "#0"},
				"south": {"uv": [4, 0, 7, 1], "texture": "#0"},
				"west": {"uv": [10, 0, 12, 1], "texture": "#0"},
				"up": {"uv": [7, 5, 10, 7], "texture": "#0"},
				"down": {"uv": [4, 4, 7, 6], "texture": "#0"}
			}},
		{
			"name": "Back", "from": [4, 22, 12], "to": [12, 23, 14], "rotation": {"angle": 0, "axis": "y", "origin": [5, 16.5, 8]}, "faces": {
				"north": {"uv": [8, 0, 16, 1], "texture": "#0"},
				"east": {"uv": [6, 0, 8, 1], "texture": "#0"},
				"south": {"uv": [4, 0, 12, 1], "texture": "#0"},
				"west": {"uv": [10, 0, 12, 1], "texture": "#0"},
				"up": {"uv": [7, 5, 15, 7], "texture": "#0"},
				"down": {"uv": [4, 4, 12, 6], "texture": "#0"}
			}},
		{
			"name": "Back", "from": [6, 23, 12], "to": [10, 24, 14], "rotation": {"angle": 0, "axis": "y", "origin": [5, 17.5, 8]}, "faces": {
				"north": {"uv": [8, 0, 16, 1], "texture": "#0"},
				"east": {"uv": [6, 0, 8, 1], "texture": "#0"},
				"south": {"uv": [4, 0, 12, 1], "texture": "#0"},
				"west": {"uv": [10, 0, 12, 1], "texture": "#0"},
				"up": {"uv": [7, 5, 15, 7], "texture": "#0"},
				"down": {"uv": [4, 4, 12, 6], "texture": "#0"}
			}},
		{
			"name": "Back", "from": [2, 10, 12], "to": [4, 20, 14], "rotation": {"angle": 0, "axis": "y", "origin": [8, 7.5, 8]}, "faces": {
				"north": {"uv": [4, 6, 6, 16], "texture": "#0"},
				"east": {"uv": [1, 6, 3, 16], "texture": "#0"},
				"south": {"uv": [8, 6, 10, 16], "texture": "#0"},
				"west": {"uv": [6, 6, 8, 16], "texture": "#0"}
			}},
		{
			"name": "Leg", "from": [12, 0, 2], "to": [14, 8, 4], "rotation": {"angle": 0, "axis": "y", "origin": [13, 5, 3]}, "faces": {
				"north": {"uv": [9, 0, 11, 7], "texture": "#0"},
				"east": {"uv": [5, 0, 7, 7], "texture": "#0"},
				"south": {"uv": [4, 0, 6, 7], "texture": "#0"},
				"west": {"uv": [10, 0, 12, 7], "texture": "#0"},
				"down": {"uv": [12, 12, 14, 14], "texture": "#1"}
			}},
		{
			"name": "Leg", "from": [2, 0, 2], "to": [4, 8, 4], "rotation": {"angle": 0, "axis": "y", "origin": [3, 5, 3]}, "faces": {
				"north": {"uv": [9, 4, 11, 11], "texture": "#0"},
				"east": {"uv": [5, 4, 7, 11], "texture": "#0"},
				"south": {"uv": [11, 4, 13, 11], "texture": "#0"},
				"west": {"uv": [10, 4, 12, 11], "texture": "#0"},
				"down": {"uv": [2, 12, 4, 14], "texture": "#1"}
			}},
		{
			"name": "Leg", "from": [2, 0, 12], "to": [4, 8, 14], "rotation": {"angle": 0, "axis": "y", "origin": [3, 5, 13]}, "faces": {
				"north": {"uv": [7, 0, 9, 7], "texture": "#0"},
				"east": {"uv": [6, 0, 8, 7], "texture": "#0"},
				"south": {"uv": [8, 0, 10, 7], "texture": "#0"},
				"west": {"uv": [9, 0, 11, 7], "texture": "#0"},
				"down": {"uv": [2, 2, 4, 4], "texture": "#1"}
			}},
		{
			"name": "Leg", "from": [12, 0, 12], "to": [14, 8, 14], "rotation": {"angle": 0, "axis": "y", "origin": [13, 5, 13]}, "faces": {
				"north": {"uv": [3, 4, 5, 11], "texture": "#0"},
				"east": {"uv": [1, 4, 3, 11], "texture": "#0"},
				"south": {"uv": [0, 4, 2, 11], "texture": "#0"},
				"west": {"uv": [5, 4, 7, 11], "texture": "#0"},
				"down": {"uv": [12, 2, 14, 4], "texture": "#1"}
			}},
		{
			"name": "Beam", "from": [12.5, 7, 4], "to": [13.5, 8, 12], "rotation": {"angle": 0, "axis": "y", "origin": [13, 7, 8]}, "faces": {
				"north": {"uv": [0, 0, 1, 1], "texture": "#0"},
				"east": {"uv": [1, 2, 9, 3], "texture": "#0"},
				"south": {"uv": [0, 0, 1, 1], "texture": "#0"},
				"west": {"uv": [2, 5, 10, 6], "texture": "#0"},
				"up": {"uv": [5, 13, 13, 14], "rotation": 270, "texture": "#0"},
				"down": {"uv": [1, 12, 9, 13], "rotation": 90, "texture": "#0"}
			}},
		{
			"name": "Beam", "from": [2.5, 7, 4], "to": [3.5, 8, 12], "rotation": {"angle": 0, "axis": "y", "origin": [3, 7, 8]}, "faces": {
				"north": {"uv": [0, 0, 1, 1], "texture": "#0"},
				"east": {"uv": [4, 9, 12, 10], "texture": "#0"},
				"south": {"uv": [0, 0, 1, 1], "texture": "#0"},
				"west": {"uv": [1, 1, 9, 2], "texture": "#0"},
				"up": {"uv": [4, 6, 12, 7], "rotation": 270, "texture": "#0"},
				"down": {"uv": [4, 4, 12, 5], "rotation": 90, "texture": "#0"}
			}},
		{
			"name": "Decoration", "from": [11, 6, 2.5], "to": [12, 7, 3.5], "rotation": {"angle": 0, "axis": "y", "origin": [11.5, 6.5, 3]}, "faces": {
				"north": {"uv": [3, 3, 4, 4], "texture": "#0"},
				"south": {"uv": [3, 3, 4, 4], "texture": "#0"},
				"west": {"uv": [3, 3, 4, 4], "texture": "#0"},
				"up": {"uv": [2, 3, 3, 4], "texture": "#0"},
				"down": {"uv": [3, 3, 4, 4], "texture": "#0"}
			}},
		{
			"name": "Decoration", "from": [4, 6, 2.5], "to": [5, 7, 3.5], "rotation": {"angle": 0, "axis": "y", "origin": [4.5, 6.5, 3]}, "faces": {
				"north": {"uv": [10, 3, 11, 4], "texture": "#0"},
				"east": {"uv": [10, 3, 11, 4], "texture": "#0"},
				"south": {"uv": [10, 3, 11, 4], "texture": "#0"},
				"up": {"uv": [12, 3, 13, 4], "texture": "#0"},
				"down": {"uv": [10, 3, 11, 4], "texture": "#0"}
			}},
		{
			"name": "Decoration", "from": [4, 7, 2.5], "to": [12, 8, 3.5], "rotation": {"angle": 0, "axis": "y", "origin": [8, 7.5, 3]}, "faces": {
				"north": {"uv": [4, 3, 12, 4], "texture": "#0"},
				"south": {"uv": [5, 3, 13, 4], "texture": "#0"},
				"up": {"uv": [0, 0, 8, 1], "texture": "#0"},
				"down": {"uv": [4, 3, 12, 4], "texture": "#0"}
			}},
		{
			"name": "Decoration", "from": [11, 6, 12.5], "to": [12, 7, 13.5], "rotation": {"angle": 0, "axis": "y", "origin": [11.5, 6.5, 13]}, "faces": {
				"north": {"uv": [3, 7, 4, 8], "texture": "#0"},
				"south": {"uv": [4, 7, 5, 8], "texture": "#0"},
				"west": {"uv": [3, 3, 4, 4], "texture": "#0"},
				"up": {"uv": [2, 3, 3, 4], "texture": "#0"},
				"down": {"uv": [3, 3, 4, 4], "texture": "#0"}
			}},
		{
			"name": "Decoration", "from": [4, 6, 12.5], "to": [5, 7, 13.5], "rotation": {"angle": 0, "axis": "y", "origin": [4.5, 6.5, 13]}, "faces": {
				"north": {"uv": [10, 7, 11, 8], "texture": "#0"},
				"east": {"uv": [10, 3, 11, 4], "texture": "#0"},
				"south": {"uv": [11, 7, 12, 8], "texture": "#0"},
				"up": {"uv": [12, 3, 13, 4], "texture": "#0"},
				"down": {"uv": [10, 3, 11, 4], "texture": "#0"}
			}},
		{
			"name": "Decoration", "from": [4, 7, 12.5], "to": [12, 8, 13.5], "rotation": {"angle": 0, "axis": "y", "origin": [8, 7.5, 13]}, "faces": {
				"north": {"uv": [5, 7, 13, 8], "texture": "#0"},
				"south": {"uv": [5, 7, 13, 8], "texture": "#0"},
				"up": {"uv": [0, 0, 8, 1], "texture": "#0"},
				"down": {"uv": [5, 7, 13, 8], "texture": "#0"}
			}}
	],
	"display": {
		"thirdperson_righthand": {
			"rotation": [45, 0, 0], "translation": [0, 1, 0], "scale": [0.35, 0.35, 0.35]
		},
		"thirdperson_lefthand": {
			"rotation": [45, 0, 0], "translation": [0, 1, 0], "scale": [0.35, 0.35, 0.35]
		},
		"firstperson_righthand": {
			"rotation": [-10, 15, 0], "translation": [1, 0, 0], "scale": [0.4, 0.4, 0.4]
		},
		"firstperson_lefthand": {
			"rotation": [-10, 15, 0], "translation": [1, 0, 0], "scale": [0.4, 0.4, 0.4]
		},
		"ground": {
			"translation": [0, 1, 0], "scale": [0.3, 0.3, 0.3]
		},
		"gui": {
			"rotation": [35, -135, 0], "translation": [0, -1.5, 0], "scale": [0.5, 0.5, 0.5]
		},
		"head": {
			"rotation": [0, 0, 0],
      "translation": [0, 1.5, 0],
      "scale": [1, 1, 1]
		},
		"fixed": {
			"translation": [0, -3.5, -4.1], "scale": [0.8, 0.8, 0.8]
		}
	}
}