{
		"textures": {"0": "block/quartz_pillar_top"
	},
	"elements": [{
			"name": "Seat", "from": [2, 8, 2], "to": [14, 10, 14], "rotation": {"angle": 0, "axis": "y", "origin": [8, 7, 8]}, "faces": {
				"north": {"uv": [2, 13, 14, 15], "texture": "#0"},
				"east": {"uv": [2, 14, 14, 16], "rotation": 180, "texture": "#0"},
				"south": {"uv": [2, 13, 14, 15], "texture": "#0"},
				"west": {"uv": [2, 0, 14, 2], "texture": "#0"},
				"up": {"uv": [2, 2, 14, 14], "texture": "#0"},
				"down": {"uv": [2, 2, 14, 14], "texture": "#0"}
			}},
		{
			"name": "Leg1N", "from": [12, 0, 2], "to": [14, 8, 4], "rotation": {"angle": 0, "axis": "y", "origin": [7.5, 14.5, 8.5]}, "faces": {
				"north": {"uv": [11, 4, 13, 12], "texture": "#0"},
				"east": {"uv": [10, 4, 12, 12], "texture": "#0"},
				"south": {"uv": [9, 4, 11, 12], "texture": "#0"},
				"west": {"uv": [5, 4, 7, 12], "texture": "#0"},
				"down": {"uv": [6, 3, 8, 5], "texture": "#0"}
			}},
		{
			"name": "Leg2N", "from": [2, 0, 2], "to": [4, 8, 4], "rotation": {"angle": 0, "axis": "y", "origin": [-2.5, 14.5, 8.5]}, "faces": {
				"north": {"uv": [10, 4, 12, 12], "texture": "#0"},
				"east": {"uv": [9, 4, 11, 12], "texture": "#0"},
				"south": {"uv": [5, 4, 7, 12], "texture": "#0"},
				"west": {"uv": [4, 4, 6, 12], "texture": "#0"},
				"down": {"uv": [7, 3, 9, 5], "texture": "#0"}
			}},
		{
			"name": "Leg3N", "from": [2, 0, 12], "to": [4, 8, 14], "rotation": {"angle": 0, "axis": "y", "origin": [-2.5, 14.5, 18.5]}, "faces": {
				"north": {"uv": [9, 4, 11, 12], "texture": "#0"},
				"east": {"uv": [5, 4, 7, 12], "texture": "#0"},
				"south": {"uv": [4, 4, 6, 12], "texture": "#0"},
				"west": {"uv": [10, 4, 12, 12], "texture": "#0"},
				"down": {"uv": [6, 3, 8, 5], "texture": "#0"}
			}},
		{
			"name": "Leg4N", "from": [12, 0, 12], "to": [14, 8, 14], "rotation": {"angle": 0, "axis": "y", "origin": [7.5, 14.5, 18.5]}, "faces": {
				"north": {"uv": [5, 4, 7, 12], "texture": "#0"},
				"east": {"uv": [4, 4, 6, 12], "texture": "#0"},
				"south": {"uv": [10, 4, 12, 12], "texture": "#0"},
				"west": {"uv": [9, 4, 11, 12], "texture": "#0"},
				"down": {"uv": [6, 3, 8, 5], "texture": "#0"}
			}},
		{
			"name": "Back1N", "from": [2, 10, 12], "to": [4, 22, 14], "rotation": {"angle": 0, "axis": "y", "origin": [-2.5, 25.5, 18.5]}, "faces": {
				"north": {"uv": [12, 2, 14, 14], "texture": "#0"},
				"east": {"uv": [10, 2, 12, 14], "texture": "#0"},
				"south": {"uv": [11, 2, 13, 14], "texture": "#0"},
				"west": {"uv": [13, 2, 15, 14], "texture": "#0"},
				"up": {"uv": [5, 4, 7, 6], "texture": "#0"}
			}},
		{
			"name": "Back2N", "from": [12, 10, 12], "to": [14, 22, 14], "rotation": {"angle": 0, "axis": "y", "origin": [7.5, 24.5, 18.5]}, "faces": {
				"north": {"uv": [4, 2, 6, 14], "texture": "#0"},
				"east": {"uv": [5, 2, 7, 14], "texture": "#0"},
				"south": {"uv": [3, 2, 5, 14], "texture": "#0"},
				"west": {"uv": [7, 2, 9, 14], "texture": "#0"},
				"up": {"uv": [4, 5, 6, 7], "texture": "#0"}
			}},
		{
			"name": "BackB0", "from": [4, 12, 12], "to": [12, 13, 14], "rotation": {"angle": 0, "axis": "y", "origin": [12, 19.5, 21]}, "faces": {
				"north": {"uv": [4, 15, 12, 16], "texture": "#0"},
				"south": {"uv": [4, 4, 12, 5], "texture": "#0"},
				"up": {"uv": [3, 14, 11, 16], "rotation": 180, "texture": "#0"},
				"down": {"uv": [4, 6, 12, 8], "texture": "#0"}
			}},
		{
			"name": "BackB0", "from": [4, 21, 12], "to": [12, 22, 14], "rotation": {"angle": 0, "axis": "y", "origin": [12, 28.5, 21]}, "faces": {
				"north": {"uv": [1, 10, 9, 11], "texture": "#0"},
				"east": {"uv": [9, 9, 11, 10], "texture": "#0"},
				"south": {"uv": [6, 10, 14, 11], "texture": "#0"},
				"west": {"uv": [5, 5, 7, 6], "texture": "#0"},
				"up": {"uv": [5, 9, 13, 11], "texture": "#0"},
				"down": {"uv": [6, 9, 14, 11], "texture": "#0"}
			}},
		{
			"name": "BackB1", "from": [10, 13, 12.5], "to": [11, 21, 13.5], "rotation": {"angle": 0, "axis": "y", "origin": [18, 20, 20.5]}, "faces": {
				"north": {"uv": [2, 7, 3, 15], "texture": "#0"},
				"east": {"uv": [0, 3, 1, 11], "texture": "#0"},
				"south": {"uv": [3, 3, 4, 11], "texture": "#0"},
				"west": {"uv": [0, 3, 1, 11], "texture": "#0"}
			}},
		{
			"name": "BackB2", "from": [7, 13, 12], "to": [9, 21, 14], "rotation": {"angle": 0, "axis": "y", "origin": [16, 20, 20]}, "faces": {
				"north": {"uv": [4, 7, 6, 15], "texture": "#0"},
				"east": {"uv": [8, 7, 10, 15], "texture": "#0"},
				"south": {"uv": [6, 7, 8, 15], "texture": "#0"},
				"west": {"uv": [5, 7, 7, 15], "texture": "#0"}
			}},
		{
			"name": "BackB3", "from": [5, 13, 12.5], "to": [6, 21, 13.5], "rotation": {"angle": 0, "axis": "y", "origin": [13, 20, 20.5]}, "faces": {
				"north": {"uv": [6, 7, 7, 15], "texture": "#0"},
				"east": {"uv": [0, 3, 1, 11], "texture": "#0"},
				"south": {"uv": [1, 3, 2, 11], "texture": "#0"},
				"west": {"uv": [1, 3, 2, 11], "texture": "#0"}
			}}
	],
	"display": {
		"thirdperson_righthand": {
			"rotation": [45, 0, 0], "translation": [0, 1, 0], "scale": [0.35, 0.35, 0.35]
		},
		"thirdperson_lefthand": {
			"rotation": [45, 0, 0], "translation": [0, 1, 0], "scale": [0.35, 0.35, 0.35]
		},
		"firstperson_righthand": {
			"rotation": [-10, 15, 0], "translation": [1, 0, 0], "scale": [0.4, 0.4, 0.4]
		},
		"firstperson_lefthand": {
			"rotation": [-10, 15, 0], "translation": [1, 0, 0], "scale": [0.4, 0.4, 0.4]
		},
		"ground": {
			"translation": [0, 1, 0], "scale": [0.3, 0.3, 0.3]
		},
		"gui": {
			"rotation": [35, -135, 0], "translation": [0, -1.5, 0], "scale": [0.5, 0.5, 0.5]
		},
		"head": {
			"rotation": [0, 0, 0],
      "translation": [0, 1.5, 0],
      "scale": [1, 1, 1]
		},
		"fixed": {
			"translation": [0, -3.5, -4.1], "scale": [0.8, 0.8, 0.8]
		}
	}
}