{
	"credit": "Made with Blockbench",
	"textures": {
		"0": "block/copper_block"
	},
	"elements": [
		{
			"name": "Seat",
			"from": [1, 8, 1],
			"to": [15, 10, 15],
			"rotation": {"angle": 0, "axis": "y", "origin": [8, 7, 8]},
			"faces": {
				"north": {"uv": [1, 9, 15, 11], "texture": "#0"},
				"east": {"uv": [1, 9, 15, 11], "texture": "#0"},
				"south": {"uv": [1, 9, 15, 11], "texture": "#0"},
				"west": {"uv": [1, 9, 15, 11], "texture": "#0"},
				"up": {"uv": [1, 1, 15, 15], "texture": "#0"},
				"down": {"uv": [1, 1, 15, 15], "texture": "#0"}
			}
		},
		{
			"name": "Arm",
			"from": [13.5, 14, 3],
			"to": [15.5, 15, 13],
			"rotation": {"angle": 0, "axis": "y", "origin": [14.5, 14.5, 14]},
			"faces": {
				"north": {"uv": [2, 4, 4, 5], "texture": "#0"},
				"east": {"uv": [1, 2, 2, 12], "rotation": 90, "texture": "#0"},
				"south": {"uv": [12, 4, 14, 5], "texture": "#0"},
				"west": {"uv": [4, 2, 5, 12], "rotation": 270, "texture": "#0"},
				"up": {"uv": [5, 2, 7, 12], "texture": "#0"},
				"down": {"uv": [2, 2, 4, 12], "rotation": 180, "texture": "#0"}
			}
		},
		{
			"name": "Arm",
			"from": [0.5, 14, 3],
			"to": [2.5, 15, 13],
			"rotation": {"angle": 0, "axis": "y", "origin": [1.5, 8.22727, 8]},
			"faces": {
				"north": {"uv": [12, 4, 14, 5], "texture": "#0"},
				"east": {"uv": [4, 2, 5, 12], "rotation": 270, "texture": "#0"},
				"south": {"uv": [2, 4, 4, 5], "texture": "#0"},
				"west": {"uv": [1, 2, 2, 12], "rotation": 90, "texture": "#0"},
				"up": {"uv": [5, 2, 7, 12], "rotation": 180, "texture": "#0"},
				"down": {"uv": [2, 2, 4, 12], "texture": "#0"}
			}
		},
		{
			"name": "LegF",
			"from": [13.5, 2, 0.5],
			"to": [15.5, 14, 2.5],
			"rotation": {"angle": 0, "axis": "y", "origin": [9, 16.5, 7]},
			"faces": {
				"north": {"uv": [4, 2, 6, 14], "texture": "#0"},
				"east": {"uv": [12, 2, 14, 14], "texture": "#0"},
				"south": {"uv": [10, 2, 12, 14], "texture": "#0"},
				"west": {"uv": [6, 2, 8, 14], "texture": "#0"}
			}
		},
		{
			"name": "LegF",
			"from": [13, 0, 0],
			"to": [16, 1, 3],
			"rotation": {"angle": 0, "axis": "y", "origin": [21, 8, 7]},
			"faces": {
				"north": {"uv": [0, 15, 3, 16], "texture": "#0"},
				"east": {"uv": [13, 15, 16, 16], "texture": "#0"},
				"south": {"uv": [10, 15, 13, 16], "texture": "#0"},
				"west": {"uv": [3, 15, 6, 16], "texture": "#0"},
				"up": {"uv": [13, 8, 16, 11], "rotation": 180, "texture": "#0"},
				"down": {"uv": [0, 0, 3, 3], "texture": "#0"}
			}
		},
		{
			"name": "LegF",
			"from": [13, 14, 0],
			"to": [16, 15, 3],
			"rotation": {"angle": 0, "axis": "y", "origin": [21, 22, 7]},
			"faces": {
				"north": {"uv": [2, 10, 5, 11], "texture": "#0"},
				"east": {"uv": [11, 10, 14, 11], "texture": "#0"},
				"south": {"uv": [8, 10, 11, 11], "texture": "#0"},
				"west": {"uv": [5, 10, 8, 11], "texture": "#0"},
				"up": {"uv": [7, 3, 10, 6], "rotation": 180, "texture": "#0"},
				"down": {"uv": [4, 3, 7, 6], "texture": "#0"}
			}
		},
		{
			"name": "LegF",
			"from": [13.25, 1, 0.25],
			"to": [15.75, 2, 2.75],
			"rotation": {"angle": 0, "axis": "y", "origin": [21, 9, 7]},
			"faces": {
				"north": {"uv": [0.25, 14, 2.75, 15], "texture": "#0"},
				"east": {"uv": [8.25, 14, 10.75, 15], "texture": "#0"},
				"south": {"uv": [6.25, 14, 8.75, 15], "texture": "#0"},
				"west": {"uv": [3.25, 14, 5.75, 15], "texture": "#0"},
				"up": {"uv": [0.25, 0.25, 2.75, 2.75], "texture": "#0"}
			}
		},
		{
			"name": "LegF",
			"from": [13.25, 13, 0.25],
			"to": [15.75, 14, 2.75],
			"rotation": {"angle": 0, "axis": "y", "origin": [21, 21, 7]},
			"faces": {
				"north": {"uv": [3.25, 8, 5.75, 9], "texture": "#0"},
				"east": {"uv": [8.25, 2, 10.75, 3], "texture": "#0"},
				"south": {"uv": [5.25, 2, 7.75, 3], "texture": "#0"},
				"west": {"uv": [6.25, 8, 8.75, 9], "texture": "#0"},
				"down": {"uv": [3.25, 4.25, 5.75, 6.75], "texture": "#0"}
			}
		},
		{
			"name": "LegB",
			"from": [13, 14, 13],
			"to": [16, 15, 16],
			"rotation": {"angle": 0, "axis": "y", "origin": [14.5, 7.6, 14.5]},
			"faces": {
				"north": {"uv": [3, 15, 6, 16], "texture": "#0"},
				"east": {"uv": [0, 15, 3, 16], "texture": "#0"},
				"south": {"uv": [13, 15, 16, 16], "texture": "#0"},
				"west": {"uv": [10, 15, 13, 16], "texture": "#0"},
				"up": {"uv": [0, 8, 3, 11], "rotation": 270, "texture": "#0"},
				"down": {"uv": [0, 0, 3, 3], "rotation": 270, "texture": "#0"}
			}
		},
		{
			"name": "LegB",
			"from": [13.25, 13, 13.25],
			"to": [15.75, 14, 15.75],
			"rotation": {"angle": 0, "axis": "y", "origin": [14.5, 7.6, 14.5]},
			"faces": {
				"north": {"uv": [3.25, 2, 5.75, 3], "texture": "#0"},
				"east": {"uv": [0.25, 2, 2.75, 3], "texture": "#0"},
				"south": {"uv": [9.25, 2, 11.75, 3], "texture": "#0"},
				"west": {"uv": [6.25, 2, 8.75, 3], "texture": "#0"},
				"down": {"uv": [3.25, 4.25, 5.75, 6.75], "rotation": 270, "texture": "#0"}
			}
		},
		{
			"name": "LegB",
			"from": [13.5, 2, 13.5],
			"to": [15.5, 14, 15.5],
			"rotation": {"angle": 0, "axis": "y", "origin": [14.5, 7.6, 14.5]},
			"faces": {
				"north": {"uv": [10, 2, 12, 14], "texture": "#0"},
				"east": {"uv": [8, 2, 10, 14], "texture": "#0"},
				"south": {"uv": [6, 2, 8, 14], "texture": "#0"},
				"west": {"uv": [4, 2, 6, 14], "texture": "#0"}
			}
		},
		{
			"name": "LegB",
			"from": [13.25, 1, 13.25],
			"to": [15.75, 2, 15.75],
			"rotation": {"angle": 0, "axis": "y", "origin": [14.5, 7.6, 14.5]},
			"faces": {
				"north": {"uv": [3.25, 14, 5.75, 15], "texture": "#0"},
				"east": {"uv": [0.25, 14, 2.75, 15], "texture": "#0"},
				"south": {"uv": [8.25, 14, 10.75, 15], "texture": "#0"},
				"west": {"uv": [6.25, 14, 8.75, 15], "texture": "#0"},
				"up": {"uv": [0.25, 0.25, 2.75, 2.75], "rotation": 90, "texture": "#0"}
			}
		},
		{
			"name": "LegB",
			"from": [13, 0, 13],
			"to": [16, 1, 16],
			"rotation": {"angle": 0, "axis": "y", "origin": [14.5, 7.6, 14.5]},
			"faces": {
				"north": {"uv": [3, 15, 6, 16], "texture": "#0"},
				"east": {"uv": [0, 15, 3, 16], "texture": "#0"},
				"south": {"uv": [13, 15, 16, 16], "texture": "#0"},
				"west": {"uv": [10, 15, 13, 16], "texture": "#0"},
				"up": {"uv": [13, 8, 16, 11], "rotation": 270, "texture": "#0"},
				"down": {"uv": [0, 0, 3, 3], "rotation": 270, "texture": "#0"}
			}
		},
		{
			"name": "LegF",
			"from": [0, 14, 0],
			"to": [3, 15, 3],
			"rotation": {"angle": 0, "axis": "y", "origin": [1.5, 8.22727, 8]},
			"faces": {
				"north": {"uv": [11, 10, 14, 11], "texture": "#0"},
				"east": {"uv": [8, 10, 11, 11], "texture": "#0"},
				"south": {"uv": [5, 10, 8, 11], "texture": "#0"},
				"west": {"uv": [2, 10, 5, 11], "texture": "#0"},
				"up": {"uv": [5, 8, 8, 11], "rotation": 90, "texture": "#0"},
				"down": {"uv": [5, 4, 8, 7], "rotation": 90, "texture": "#0"}
			}
		},
		{
			"name": "LegF",
			"from": [0.25, 13, 0.25],
			"to": [2.75, 14, 2.75],
			"rotation": {"angle": 0, "axis": "y", "origin": [1.5, 8.22727, 8]},
			"faces": {
				"north": {"uv": [10.25, 12, 12.75, 13], "texture": "#0"},
				"east": {"uv": [7.25, 12, 9.75, 13], "texture": "#0"},
				"south": {"uv": [8.25, 2, 10.75, 3], "texture": "#0"},
				"west": {"uv": [5.25, 2, 7.75, 3], "texture": "#0"},
				"down": {"uv": [3.25, 4.25, 5.75, 6.75], "rotation": 90, "texture": "#0"}
			}
		},
		{
			"name": "LegF",
			"from": [0.5, 2, 0.5],
			"to": [2.5, 14, 2.5],
			"rotation": {"angle": 0, "axis": "y", "origin": [1.5, 8.22727, 8]},
			"faces": {
				"north": {"uv": [11, 1, 13, 13], "texture": "#0"},
				"east": {"uv": [9, 1, 11, 13], "texture": "#0"},
				"south": {"uv": [8, 2, 10, 14], "texture": "#0"},
				"west": {"uv": [6, 2, 8, 14], "texture": "#0"}
			}
		},
		{
			"name": "LegF",
			"from": [0.25, 1, 0.25],
			"to": [2.75, 2, 2.75],
			"rotation": {"angle": 0, "axis": "y", "origin": [1.5, 8.22727, 8]},
			"faces": {
				"north": {"uv": [8.25, 14, 10.75, 15], "texture": "#0"},
				"east": {"uv": [6.25, 14, 8.75, 15], "texture": "#0"},
				"south": {"uv": [3.25, 14, 5.75, 15], "texture": "#0"},
				"west": {"uv": [0.25, 14, 2.75, 15], "texture": "#0"},
				"up": {"uv": [0.25, 0.25, 2.75, 2.75], "rotation": 270, "texture": "#0"}
			}
		},
		{
			"name": "LegF",
			"from": [0, 0, 0],
			"to": [3, 1, 3],
			"rotation": {"angle": 0, "axis": "y", "origin": [1.5, 8.22727, 8]},
			"faces": {
				"north": {"uv": [13, 15, 16, 16], "texture": "#0"},
				"east": {"uv": [10, 15, 13, 16], "texture": "#0"},
				"south": {"uv": [3, 15, 6, 16], "texture": "#0"},
				"west": {"uv": [0, 15, 3, 16], "texture": "#0"},
				"up": {"uv": [13, 8, 16, 11], "rotation": 90, "texture": "#0"},
				"down": {"uv": [0, 0, 3, 3], "rotation": 90, "texture": "#0"}
			}
		},
		{
			"name": "LegB",
			"from": [0.25, 13, 13.25],
			"to": [2.75, 14, 15.75],
			"rotation": {"angle": 0, "axis": "y", "origin": [1.5, 8.22727, 8]},
			"faces": {
				"north": {"uv": [10.25, 2, 12.75, 3], "texture": "#0"},
				"east": {"uv": [8.25, 3, 10.75, 4], "texture": "#0"},
				"south": {"uv": [5.25, 3, 7.75, 4], "texture": "#0"},
				"west": {"uv": [13.25, 2, 15.75, 3], "texture": "#0"},
				"down": {"uv": [3.25, 4.25, 5.75, 6.75], "rotation": 180, "texture": "#0"}
			}
		},
		{
			"name": "LegB",
			"from": [0.5, 2, 13.5],
			"to": [2.5, 14, 15.5],
			"rotation": {"angle": 0, "axis": "y", "origin": [1.5, 8.22727, 8]},
			"faces": {
				"north": {"uv": [3, 2, 5, 14], "texture": "#0"},
				"east": {"uv": [9, 2, 11, 14], "texture": "#0"},
				"south": {"uv": [7, 2, 9, 14], "texture": "#0"},
				"west": {"uv": [5, 2, 7, 14], "texture": "#0"}
			}
		},
		{
			"name": "LegB",
			"from": [0.25, 1, 13.25],
			"to": [2.75, 2, 15.75],
			"rotation": {"angle": 0, "axis": "y", "origin": [1.5, 8.22727, 8]},
			"faces": {
				"north": {"uv": [6.25, 14, 8.75, 15], "texture": "#0"},
				"east": {"uv": [3.25, 14, 5.75, 15], "texture": "#0"},
				"south": {"uv": [0.25, 14, 2.75, 15], "texture": "#0"},
				"west": {"uv": [8.25, 14, 10.75, 15], "texture": "#0"},
				"up": {"uv": [0.25, 0.25, 2.75, 2.75], "rotation": 180, "texture": "#0"}
			}
		},
		{
			"name": "LegB",
			"from": [0, 0, 13],
			"to": [3, 1, 16],
			"rotation": {"angle": 0, "axis": "y", "origin": [1.5, 8.22727, 8]},
			"faces": {
				"north": {"uv": [10, 15, 13, 16], "texture": "#0"},
				"east": {"uv": [3, 15, 6, 16], "texture": "#0"},
				"south": {"uv": [0, 15, 3, 16], "texture": "#0"},
				"west": {"uv": [13, 15, 16, 16], "texture": "#0"},
				"up": {"uv": [13, 8, 16, 11], "texture": "#0"},
				"down": {"uv": [0, 0, 3, 3], "rotation": 180, "texture": "#0"}
			}
		},
		{
			"name": "LegB",
			"from": [0, 14, 13],
			"to": [3, 15, 16],
			"rotation": {"angle": 0, "axis": "y", "origin": [1.5, 8.22727, 8]},
			"faces": {
				"north": {"uv": [10, 15, 13, 16], "texture": "#0"},
				"east": {"uv": [3, 15, 6, 16], "texture": "#0"},
				"south": {"uv": [0, 15, 3, 16], "texture": "#0"},
				"west": {"uv": [13, 15, 16, 16], "texture": "#0"},
				"up": {"uv": [13, 8, 16, 11], "texture": "#0"},
				"down": {"uv": [0, 0, 3, 3], "rotation": 180, "texture": "#0"}
			}
		},
		{
			"name": "Back",
			"from": [0.5, 15, 13.5],
			"to": [2.5, 30, 15.5],
			"rotation": {"angle": 0, "axis": "y", "origin": [1.5, 20.6, 14.5]},
			"faces": {
				"north": {"uv": [13, 0, 15, 15], "texture": "#0"},
				"east": {"uv": [12, 0, 14, 15], "texture": "#0"},
				"south": {"uv": [3, 0, 5, 15], "texture": "#0"},
				"west": {"uv": [1, 0, 3, 15], "texture": "#0"},
				"up": {"uv": [6, 6, 8, 8], "texture": "#0"}
			}
		},
		{
			"name": "Back",
			"from": [3, 15, 14],
			"to": [13, 29, 15],
			"rotation": {"angle": 0, "axis": "y", "origin": [12.5, 20.6, 14]},
			"faces": {
				"north": {"uv": [3, 1, 13, 15], "texture": "#0"},
				"east": {"uv": [2, 1, 3, 15], "texture": "#0"},
				"south": {"uv": [3, 1, 13, 15], "texture": "#0"},
				"west": {"uv": [13, 1, 14, 15], "texture": "#0"}
			}
		},
		{
			"name": "Back",
			"from": [13.5, 15, 13.5],
			"to": [15.5, 30, 15.5],
			"rotation": {"angle": 0, "axis": "y", "origin": [14.5, 20.6, 14.5]},
			"faces": {
				"north": {"uv": [1, 0, 3, 15], "texture": "#0"},
				"east": {"uv": [13, 0, 15, 15], "texture": "#0"},
				"south": {"uv": [11, 0, 13, 15], "texture": "#0"},
				"west": {"uv": [2, 0, 4, 15], "texture": "#0"},
				"up": {"uv": [2, 4, 4, 6], "texture": "#0"}
			}
		},
		{
			"name": "Back Beam",
			"from": [3, 14, 13.5],
			"to": [13, 15, 15.5],
			"rotation": {"angle": 0, "axis": "y", "origin": [14, 14.5, 14.5]},
			"faces": {
				"north": {"uv": [3, 15, 13, 16], "texture": "#0"},
				"east": {"uv": [12, 4, 14, 5], "texture": "#0"},
				"south": {"uv": [3, 3, 13, 4], "rotation": 180, "texture": "#0"},
				"west": {"uv": [2, 4, 4, 5], "texture": "#0"},
				"up": {"uv": [3, 1, 13, 3], "texture": "#0"},
				"down": {"uv": [3, 1, 13, 3], "texture": "#0"}
			}
		},
		{
			"name": "Back Beam",
			"from": [6, 13, 13.5],
			"to": [10, 14, 15.5],
			"rotation": {"angle": 0, "axis": "y", "origin": [14, 13.5, 14.5]},
			"faces": {
				"north": {"uv": [6, 0, 10, 1], "texture": "#0"},
				"east": {"uv": [12, 4, 14, 5], "texture": "#0"},
				"south": {"uv": [5, 0, 9, 1], "rotation": 180, "texture": "#0"},
				"west": {"uv": [2, 4, 4, 5], "texture": "#0"},
				"up": {"uv": [3, 1, 7, 3], "texture": "#0"},
				"down": {"uv": [3, 1, 7, 3], "texture": "#0"}
			}
		},
		{
			"name": "Back Beam",
			"from": [6.5, 12, 14],
			"to": [9.5, 13, 15],
			"rotation": {"angle": 0, "axis": "y", "origin": [14, 12.5, 14.75]},
			"faces": {
				"north": {"uv": [6.5, 0, 9.5, 1], "texture": "#0"},
				"east": {"uv": [12, 4, 13, 5], "texture": "#0"},
				"south": {"uv": [5.5, 0, 8.5, 1], "rotation": 180, "texture": "#0"},
				"west": {"uv": [6, 14, 7, 15], "texture": "#0"},
				"up": {"uv": [3, 1, 6, 2], "texture": "#0"},
				"down": {"uv": [3, 1, 6, 2], "texture": "#0"}
			}
		},
		{
			"name": "Back Beam",
			"from": [11, 10, 14],
			"to": [12, 14, 15],
			"rotation": {"angle": 0, "axis": "y", "origin": [16, 13.5, 15]},
			"faces": {
				"north": {"uv": [4, 12, 5, 16], "texture": "#0"},
				"east": {"uv": [3, 12, 4, 16], "texture": "#0"},
				"south": {"uv": [4, 12, 5, 16], "texture": "#0"},
				"west": {"uv": [5, 12, 6, 16], "texture": "#0"},
				"up": {"uv": [3, 1, 4, 2], "texture": "#0"},
				"down": {"uv": [3, 1, 4, 2], "texture": "#0"}
			}
		},
		{
			"name": "Back Beam",
			"from": [4, 10, 14],
			"to": [5, 14, 15],
			"rotation": {"angle": 0, "axis": "y", "origin": [9, 13.5, 15]},
			"faces": {
				"north": {"uv": [4, 12, 5, 16], "texture": "#0"},
				"east": {"uv": [3, 12, 4, 16], "texture": "#0"},
				"south": {"uv": [4, 12, 5, 16], "texture": "#0"},
				"west": {"uv": [5, 12, 6, 16], "texture": "#0"},
				"up": {"uv": [3, 1, 4, 2], "texture": "#0"},
				"down": {"uv": [3, 1, 4, 2], "texture": "#0"}
			}
		},
		{
			"name": "Back Beam",
			"from": [7, 10, 14],
			"to": [9, 12, 15],
			"rotation": {"angle": 0, "axis": "y", "origin": [12, 13.5, 15]},
			"faces": {
				"north": {"uv": [8, 14, 10, 16], "texture": "#0"},
				"east": {"uv": [3, 12, 4, 14], "texture": "#0"},
				"south": {"uv": [4, 14, 6, 16], "texture": "#0"},
				"west": {"uv": [6, 14, 7, 16], "texture": "#0"},
				"up": {"uv": [3, 1, 5, 2], "texture": "#0"},
				"down": {"uv": [3, 1, 5, 2], "texture": "#0"}
			}
		},
		{
			"name": "Back Beam",
			"from": [2.5, 29, 13.5],
			"to": [13.5, 30, 15.5],
			"rotation": {"angle": 0, "axis": "y", "origin": [14.5, 29.5, 14.5]},
			"faces": {
				"north": {"uv": [3, 8, 14, 9], "texture": "#0"},
				"east": {"uv": [12, 4, 14, 5], "texture": "#0"},
				"south": {"uv": [3, 5, 14, 6], "rotation": 180, "texture": "#0"},
				"west": {"uv": [2, 4, 4, 5], "texture": "#0"},
				"up": {"uv": [3, 6, 14, 8], "rotation": 180, "texture": "#0"},
				"down": {"uv": [3, 3, 14, 5], "texture": "#0"}
			}
		},
		{
			"name": "Skirt Beam",
			"from": [12.5, 5, 1],
			"to": [13.5, 8, 2],
			"rotation": {"angle": 0, "axis": "y", "origin": [8, 7, 1.5]},
			"faces": {
				"north": {"uv": [3, 11, 4, 14], "texture": "#0"},
				"south": {"uv": [4, 11, 5, 14], "texture": "#0"},
				"west": {"uv": [5, 11, 6, 14], "texture": "#0"},
				"down": {"uv": [3, 1, 4, 2], "texture": "#0"}
			}
		},
		{
			"name": "Skirt Beam",
			"from": [2.5, 7, 1.5],
			"to": [13.5, 8, 2.5],
			"rotation": {"angle": 0, "axis": "y", "origin": [8, 7, 1.5]},
			"faces": {
				"north": {"uv": [2, 12, 13, 13], "texture": "#0"},
				"south": {"uv": [2, 5, 13, 6], "rotation": 180, "texture": "#0"},
				"down": {"uv": [2, 9, 13, 10], "texture": "#0"}
			}
		},
		{
			"name": "Skirt Beam",
			"from": [10.5, 6.5, 1.5],
			"to": [13.5, 7, 2.5],
			"rotation": {"angle": 0, "axis": "y", "origin": [8, 7, 1.5]},
			"faces": {
				"north": {"uv": [5, 11, 8, 11.5], "texture": "#0"},
				"south": {"uv": [2, 3, 5, 3.5], "rotation": 180, "texture": "#0"},
				"down": {"uv": [5, 10, 8, 11], "texture": "#0"}
			}
		},
		{
			"name": "Skirt Beam",
			"from": [10.5, 6, 1],
			"to": [11.5, 8, 2],
			"rotation": {"angle": 0, "axis": "y", "origin": [8, 7, 1.5]},
			"faces": {
				"north": {"uv": [7, 9, 8, 11], "texture": "#0"},
				"east": {"uv": [3, 12, 4, 14], "texture": "#0"},
				"south": {"uv": [4, 12, 5, 14], "texture": "#0"},
				"west": {"uv": [5, 12, 6, 14], "texture": "#0"},
				"down": {"uv": [3, 1, 4, 2], "texture": "#0"}
			}
		},
		{
			"name": "Skirt Beam",
			"from": [7.5, 6.5, 1],
			"to": [8.5, 8, 2],
			"rotation": {"angle": 0, "axis": "y", "origin": [8, 7, 1.5]},
			"faces": {
				"north": {"uv": [7, 6, 8, 7.5], "texture": "#0"},
				"east": {"uv": [3, 10, 4, 11.5], "texture": "#0"},
				"south": {"uv": [4, 10, 5, 11.5], "texture": "#0"},
				"west": {"uv": [5, 10, 6, 11.5], "texture": "#0"},
				"down": {"uv": [3, 1, 4, 2], "texture": "#0"}
			}
		},
		{
			"name": "Skirt Beam",
			"from": [4.5, 6, 1],
			"to": [5.5, 8, 2],
			"rotation": {"angle": 0, "axis": "y", "origin": [8, 7, 1.5]},
			"faces": {
				"north": {"uv": [4, 7, 5, 9], "texture": "#0"},
				"east": {"uv": [3, 12, 4, 14], "texture": "#0"},
				"south": {"uv": [4, 12, 5, 14], "texture": "#0"},
				"west": {"uv": [5, 12, 6, 14], "texture": "#0"},
				"down": {"uv": [3, 1, 4, 2], "texture": "#0"}
			}
		},
		{
			"name": "Skirt Beam",
			"from": [2.5, 6.5, 1.5],
			"to": [5.5, 7, 2.5],
			"rotation": {"angle": 0, "axis": "y", "origin": [8, 7, 1.5]},
			"faces": {
				"north": {"uv": [5, 10, 8, 10.5], "texture": "#0"},
				"south": {"uv": [2, 3, 5, 3.5], "rotation": 180, "texture": "#0"},
				"down": {"uv": [2, 9, 5, 10], "texture": "#0"}
			}
		},
		{
			"name": "Skirt Beam",
			"from": [2.5, 5, 1],
			"to": [3.5, 8, 2],
			"rotation": {"angle": 0, "axis": "y", "origin": [8, 7, 1.5]},
			"faces": {
				"north": {"uv": [12, 6, 13, 9], "texture": "#0"},
				"east": {"uv": [3, 6, 4, 9], "texture": "#0"},
				"south": {"uv": [4, 6, 5, 9], "texture": "#0"},
				"down": {"uv": [3, 1, 4, 2], "texture": "#0"}
			}
		}
	],
	"display": {
		"thirdperson_righthand": {
			"rotation": [45, 0, 0],
			"translation": [0, 1, 0],
			"scale": [0.35, 0.35, 0.35]
		},
		"thirdperson_lefthand": {
			"rotation": [45, 0, 0],
			"translation": [0, 1, 0],
			"scale": [0.35, 0.35, 0.35]
		},
		"firstperson_righthand": {
			"rotation": [-10, 15, 0],
			"translation": [1, 0, 0],
			"scale": [0.4, 0.4, 0.4]
		},
		"firstperson_lefthand": {
			"rotation": [-10, 15, 0],
			"translation": [1, 0, 0],
			"scale": [0.4, 0.4, 0.4]
		},
		"ground": {
			"translation": [0, 1, 0],
			"scale": [0.3, 0.3, 0.3]
		},
		"gui": {
			"rotation": [35, -135, 0],
			"translation": [0, -2.5, 0],
			"scale": [0.4, 0.4, 0.4]
		},
		"head": {
			"translation": [0, 1.5, 0]
		},
		"fixed": {
			"translation": [0, -3.5, -4.1],
			"scale": [0.8, 0.8, 0.8]
		}
	}
}