{
	"credit": "Made with Blockbench",
	"textures": {
		"0": "block/oak_planks",
		"1": "block/stripped_oak_log",
		"particle": "block/stripped_oak_log"
	},
	"elements": [
		{
			"name": "Seat",
			"from": [13, 8, 2],
			"to": [14, 10, 14],
			"rotation": {"angle": 0, "axis": "y", "origin": [8, 7, 8]},
			"faces": {
				"east": {"uv": [1, 3, 13, 5], "texture": "#0"},
				"up": {"uv": [1, 7, 13, 8], "rotation": 90, "texture": "#0"},
				"down": {"uv": [1, 8, 13, 9], "rotation": 90, "texture": "#0"}
			}
		},
		{
			"name": "Seat",
			"from": [3, 8, 2],
			"to": [13, 10, 3],
			"rotation": {"angle": 0, "axis": "y", "origin": [8, 7, 8]},
			"faces": {
				"north": {"uv": [4, 11, 14, 13], "texture": "#0"},
				"up": {"uv": [1, 7, 11, 8], "texture": "#0"},
				"down": {"uv": [1, 9, 11, 10], "texture": "#0"}
			}
		},
		{
			"name": "Seat",
			"from": [3, 8, 13],
			"to": [13, 10, 14],
			"rotation": {"angle": 0, "axis": "y", "origin": [8, 7, 8]},
			"faces": {
				"south": {"uv": [3, 3, 13, 5], "texture": "#0"},
				"up": {"uv": [2, 11, 12, 12], "rotation": 180, "texture": "#0"},
				"down": {"uv": [6, 9, 16, 10], "rotation": 180, "texture": "#0"}
			}
		},
		{
			"name": "Seat",
			"from": [3, 8, 3],
			"to": [13, 10, 13],
			"rotation": {"angle": 0, "axis": "y", "origin": [8, 7, 8]},
			"faces": {
				"up": {"uv": [3, 1, 13, 11], "texture": "#1"},
				"down": {"uv": [3, 2, 13, 12], "texture": "#1"}
			}
		},
		{
			"name": "Seat",
			"from": [2, 8, 2],
			"to": [3, 10, 14],
			"rotation": {"angle": 0, "axis": "y", "origin": [8, 7, 8]},
			"faces": {
				"west": {"uv": [1, 11, 13, 13], "texture": "#0"},
				"up": {"uv": [1, 7, 13, 8], "rotation": 90, "texture": "#0"},
				"down": {"uv": [1, 8, 13, 9], "rotation": 90, "texture": "#0"}
			}
		},
		{
			"name": "Arm",
			"from": [13, 14, 3],
			"to": [15, 15, 13],
			"rotation": {"angle": 0, "axis": "y", "origin": [14.5, 14.5, 14]},
			"faces": {
				"north": {"uv": [2, 4, 4, 5], "texture": "#0"},
				"east": {"uv": [2, 4, 12, 5], "texture": "#0"},
				"south": {"uv": [12, 4, 14, 5], "texture": "#0"},
				"west": {"uv": [3, 5, 13, 6], "texture": "#0"},
				"up": {"uv": [3, 4, 13, 6], "rotation": 90, "texture": "#0"},
				"down": {"uv": [3, 5, 13, 7], "rotation": 270, "texture": "#0"}
			}
		},
		{
			"name": "Leg.F.L",
			"from": [13, 13, 0.5],
			"to": [15.5, 14, 3],
			"rotation": {"angle": 0, "axis": "y", "origin": [21, 21, 7]},
			"faces": {
				"north": {"uv": [0.25, 2, 2.75, 3], "texture": "#0"},
				"east": {"uv": [12.25, 2, 14.75, 3], "texture": "#0"},
				"south": {"uv": [10.25, 2, 12.75, 3], "texture": "#0"},
				"west": {"uv": [3.25, 2, 5.75, 3], "texture": "#0"},
				"down": {"uv": [3.25, 4.25, 5.75, 6.75], "texture": "#0"}
			}
		},
		{
			"name": "Leg.F.L",
			"from": [13, 1, 1],
			"to": [15, 13, 3],
			"rotation": {"angle": 0, "axis": "y", "origin": [9, 16.5, 7]},
			"faces": {
				"north": {"uv": [3, 4, 15, 6], "rotation": 90, "texture": "#0"},
				"east": {"uv": [3, 5, 15, 7], "rotation": 90, "texture": "#0"},
				"south": {"uv": [3, 4, 15, 6], "rotation": 90, "texture": "#0"},
				"west": {"uv": [3, 5, 15, 7], "rotation": 90, "texture": "#0"}
			}
		},
		{
			"name": "Leg.F.L",
			"from": [12.5, 0, 0.5],
			"to": [15.5, 1, 3.5],
			"rotation": {"angle": 0, "axis": "y", "origin": [21, 8, 7]},
			"faces": {
				"north": {"uv": [0, 15, 3, 16], "texture": "#0"},
				"east": {"uv": [10, 15, 13, 16], "texture": "#0"},
				"south": {"uv": [7, 15, 10, 16], "texture": "#0"},
				"west": {"uv": [3, 15, 6, 16], "texture": "#0"},
				"up": {"uv": [13, 8, 16, 11], "rotation": 180, "texture": "#0"},
				"down": {"uv": [0, 0, 3, 3], "texture": "#0"}
			}
		},
		{
			"name": "Leg.F.L",
			"from": [13, 14, 0],
			"to": [16, 15, 3],
			"rotation": {"angle": 0, "axis": "y", "origin": [21, 22, 7]},
			"faces": {
				"north": {"uv": [0, 14, 3, 15], "texture": "#0"},
				"east": {"uv": [13, 14, 16, 15], "texture": "#0"},
				"south": {"uv": [10, 14, 13, 15], "texture": "#0"},
				"west": {"uv": [3, 14, 6, 15], "texture": "#0"},
				"up": {"uv": [13, 8, 16, 11], "rotation": 180, "texture": "#0"},
				"down": {"uv": [0, 0, 3, 3], "texture": "#0"}
			}
		},
		{
			"name": "Leg.B.L",
			"from": [13, 1, 13],
			"to": [15, 13, 15],
			"rotation": {"angle": 0, "axis": "y", "origin": [9, 16.5, 7]},
			"faces": {
				"north": {"uv": [3, 5, 15, 7], "rotation": 90, "texture": "#0"},
				"east": {"uv": [3, 4, 15, 6], "rotation": 90, "texture": "#0"},
				"south": {"uv": [3, 5, 15, 7], "rotation": 90, "texture": "#0"},
				"west": {"uv": [3, 4, 15, 6], "rotation": 90, "texture": "#0"}
			}
		},
		{
			"name": "Leg.B.L",
			"from": [12.5, 0, 12.5],
			"to": [15.5, 1, 15.5],
			"rotation": {"angle": 0, "axis": "y", "origin": [21, 8, 7]},
			"faces": {
				"north": {"uv": [3, 15, 6, 16], "texture": "#0"},
				"east": {"uv": [0, 15, 3, 16], "texture": "#0"},
				"south": {"uv": [10, 15, 13, 16], "texture": "#0"},
				"west": {"uv": [7, 15, 10, 16], "texture": "#0"},
				"up": {"uv": [13, 8, 16, 11], "rotation": 270, "texture": "#0"},
				"down": {"uv": [0, 0, 3, 3], "rotation": 270, "texture": "#0"}
			}
		},
		{
			"name": "Leg.B.L",
			"from": [13, 13, 13],
			"to": [15.5, 14, 15.5],
			"rotation": {"angle": 0, "axis": "y", "origin": [21, 21, 7]},
			"faces": {
				"north": {"uv": [3.25, 2, 5.75, 3], "texture": "#0"},
				"east": {"uv": [0.25, 2, 2.75, 3], "texture": "#0"},
				"south": {"uv": [12.25, 2, 14.75, 3], "texture": "#0"},
				"west": {"uv": [10.25, 2, 12.75, 3], "texture": "#0"},
				"down": {"uv": [3.25, 4.25, 5.75, 6.75], "rotation": 270, "texture": "#0"}
			}
		},
		{
			"name": "Leg.B.L",
			"from": [13, 14, 13],
			"to": [16, 15, 16],
			"rotation": {"angle": 0, "axis": "y", "origin": [14.5, 7.6, 14.5]},
			"faces": {
				"north": {"uv": [3, 13, 6, 14], "texture": "#0"},
				"east": {"uv": [0, 13, 3, 14], "texture": "#0"},
				"south": {"uv": [13, 13, 16, 14], "texture": "#0"},
				"west": {"uv": [10, 13, 13, 14], "texture": "#0"},
				"up": {"uv": [0, 8, 3, 11], "rotation": 270, "texture": "#0"},
				"down": {"uv": [0, 0, 3, 3], "rotation": 270, "texture": "#0"}
			}
		},
		{
			"name": "Leg.B.R",
			"from": [0, 14, 13],
			"to": [3, 15, 16],
			"rotation": {"angle": 0, "axis": "y", "origin": [14.5, 7.6, 14.5]},
			"faces": {
				"north": {"uv": [0, 13, 3, 14], "texture": "#0"},
				"east": {"uv": [3, 13, 6, 14], "texture": "#0"},
				"south": {"uv": [10, 13, 13, 14], "texture": "#0"},
				"west": {"uv": [13, 13, 16, 14], "texture": "#0"},
				"up": {"uv": [0, 8, 3, 11], "rotation": 270, "texture": "#0"},
				"down": {"uv": [0, 0, 3, 3], "rotation": 270, "texture": "#0"}
			}
		},
		{
			"name": "Leg.B.R",
			"from": [0.5, 13, 13],
			"to": [3, 14, 15.5],
			"rotation": {"angle": 0, "axis": "y", "origin": [21, 21, 7]},
			"faces": {
				"north": {"uv": [3.25, 2, 5.75, 3], "texture": "#0"},
				"east": {"uv": [0.25, 2, 2.75, 3], "texture": "#0"},
				"south": {"uv": [12.25, 2, 14.75, 3], "texture": "#0"},
				"west": {"uv": [10.25, 2, 12.75, 3], "texture": "#0"},
				"down": {"uv": [3.25, 4.25, 5.75, 6.75], "rotation": 270, "texture": "#0"}
			}
		},
		{
			"name": "Leg.B.R",
			"from": [1, 1, 13],
			"to": [3, 13, 15],
			"rotation": {"angle": 0, "axis": "y", "origin": [9, 16.5, 7]},
			"faces": {
				"north": {"uv": [3, 4, 15, 6], "rotation": 90, "texture": "#0"},
				"east": {"uv": [3, 5, 15, 7], "rotation": 90, "texture": "#0"},
				"south": {"uv": [3, 4, 15, 6], "rotation": 90, "texture": "#0"},
				"west": {"uv": [3, 5, 15, 7], "rotation": 90, "texture": "#0"}
			}
		},
		{
			"name": "Leg.B.R",
			"from": [0.5, 0, 12.5],
			"to": [3.5, 1, 15.5],
			"rotation": {"angle": 0, "axis": "y", "origin": [21, 8, 7]},
			"faces": {
				"north": {"uv": [0, 12, 3, 11], "texture": "#0"},
				"east": {"uv": [3, 11, 6, 12], "texture": "#0"},
				"south": {"uv": [7, 11, 10, 12], "texture": "#0"},
				"west": {"uv": [10, 11, 13, 12], "texture": "#0"},
				"up": {"uv": [13, 8, 16, 11], "rotation": 270, "texture": "#0"},
				"down": {"uv": [0, 0, 3, 3], "rotation": 270, "texture": "#0"}
			}
		},
		{
			"name": "Arm",
			"from": [1, 14, 3],
			"to": [3, 15, 13],
			"rotation": {"angle": 0, "axis": "y", "origin": [14.5, 14.5, 14]},
			"faces": {
				"north": {"uv": [2, 4, 4, 5], "texture": "#0"},
				"east": {"uv": [3, 5, 13, 6], "rotation": 180, "texture": "#0"},
				"south": {"uv": [12, 4, 14, 5], "texture": "#0"},
				"west": {"uv": [3, 4, 13, 5], "texture": "#0"},
				"up": {"uv": [3, 5, 13, 7], "rotation": 90, "texture": "#0"},
				"down": {"uv": [3, 4, 13, 6], "rotation": 270, "texture": "#0"}
			}
		},
		{
			"name": "Leg.F.R",
			"from": [0, 14, 0],
			"to": [3, 15, 3],
			"rotation": {"angle": 0, "axis": "y", "origin": [21, 22, 7]},
			"faces": {
				"north": {"uv": [3, 14, 6, 15], "texture": "#0"},
				"east": {"uv": [10, 14, 13, 15], "texture": "#0"},
				"south": {"uv": [13, 14, 16, 15], "texture": "#0"},
				"west": {"uv": [0, 14, 3, 15], "texture": "#0"},
				"up": {"uv": [7, 12, 10, 15], "rotation": 180, "texture": "#0"},
				"down": {"uv": [0, 0, 3, 3], "texture": "#0"}
			}
		},
		{
			"name": "Leg.F.R",
			"from": [0.5, 13, 0.5],
			"to": [3, 14, 3],
			"rotation": {"angle": 0, "axis": "y", "origin": [21, 21, 7]},
			"faces": {
				"north": {"uv": [0.25, 2, 2.75, 3], "texture": "#0"},
				"east": {"uv": [12.25, 2, 14.75, 3], "texture": "#0"},
				"south": {"uv": [10.25, 2, 12.75, 3], "texture": "#0"},
				"west": {"uv": [3.25, 2, 5.75, 3], "texture": "#0"},
				"down": {"uv": [3.25, 4.25, 5.75, 6.75], "texture": "#0"}
			}
		},
		{
			"name": "Leg.F.R",
			"from": [1, 1, 1],
			"to": [3, 13, 3],
			"rotation": {"angle": 0, "axis": "y", "origin": [7, 0, 7]},
			"faces": {
				"north": {"uv": [3, 5, 15, 7], "rotation": 90, "texture": "#0"},
				"east": {"uv": [3, 4, 15, 6], "rotation": 90, "texture": "#0"},
				"south": {"uv": [3, 5, 15, 7], "rotation": 90, "texture": "#0"},
				"west": {"uv": [3, 4, 15, 6], "rotation": 90, "texture": "#0"}
			}
		},
		{
			"name": "SeatBack",
			"from": [3, 15, 13.5],
			"to": [13, 28, 14.5],
			"faces": {
				"north": {"uv": [3, 1, 13, 14], "texture": "#1"},
				"south": {"uv": [3, 1, 13, 14], "texture": "#1"}
			}
		},
		{
			"name": "Leg.F.R",
			"from": [0.5, 0, 0.5],
			"to": [3.5, 1, 3.5],
			"rotation": {"angle": 0, "axis": "y", "origin": [21, 8, 7]},
			"faces": {
				"north": {"uv": [3, 11, 6, 12], "texture": "#0"},
				"east": {"uv": [7, 11, 10, 12], "texture": "#0"},
				"south": {"uv": [10, 11, 13, 12], "texture": "#0"},
				"west": {"uv": [0, 11, 3, 12], "texture": "#0"},
				"up": {"uv": [13, 8, 16, 11], "rotation": 180, "texture": "#0"},
				"down": {"uv": [0, 0, 3, 3], "texture": "#0"}
			}
		},
		{
			"name": "Back",
			"from": [13, 15, 13],
			"to": [15, 31, 15],
			"rotation": {"angle": 0, "axis": "y", "origin": [14.5, 20.6, 14.5]},
			"faces": {
				"north": {"uv": [0, 7, 16, 9], "rotation": 90, "texture": "#0"},
				"east": {"uv": [0, 8, 16, 10], "rotation": 90, "texture": "#0"},
				"south": {"uv": [0, 10, 16, 12], "rotation": 90, "texture": "#0"},
				"west": {"uv": [0, 5, 16, 7], "rotation": 270, "texture": "#0"}
			}
		},
		{
			"name": "Back",
			"from": [13, 31, 13],
			"to": [15, 32, 15],
			"rotation": {"angle": 0, "axis": "y", "origin": [14.5, 21.6, 14.5]},
			"faces": {
				"north": {"uv": [2, 15, 4, 16], "texture": "#0"},
				"east": {"uv": [14, 15, 16, 16], "texture": "#0"},
				"south": {"uv": [12, 15, 14, 16], "texture": "#0"},
				"west": {"uv": [2, 15, 4, 16], "texture": "#0"},
				"up": {"uv": [0, 11, 2, 13], "rotation": 180, "texture": "#0"}
			}
		},
		{
			"name": "Back",
			"from": [7, 29, 13],
			"to": [9, 31, 15],
			"rotation": {"angle": 0, "axis": "y", "origin": [7.25, 27.6, 14.5]},
			"faces": {
				"north": {"uv": [6, 2, 8, 4], "texture": "#0"},
				"east": {"uv": [4, 2, 6, 4], "texture": "#0"},
				"south": {"uv": [8, 1, 10, 3], "texture": "#0"},
				"west": {"uv": [8, 2, 10, 4], "texture": "#0"},
				"up": {"uv": [0, 2, 2, 4], "rotation": 90, "texture": "#0"}
			}
		},
		{
			"name": "Back",
			"from": [1, 15, 13],
			"to": [3, 31, 15],
			"rotation": {"angle": 0, "axis": "y", "origin": [1.5, 20.6, 14.5]},
			"faces": {
				"north": {"uv": [0, 10, 16, 12], "rotation": 90, "texture": "#0"},
				"east": {"uv": [0, 9, 16, 11], "rotation": 270, "texture": "#0"},
				"south": {"uv": [0, 7, 16, 9], "rotation": 90, "texture": "#0"},
				"west": {"uv": [0, 9, 16, 11], "rotation": 90, "texture": "#0"}
			}
		},
		{
			"name": "Back",
			"from": [1, 31, 13],
			"to": [3, 32, 15],
			"rotation": {"angle": 0, "axis": "y", "origin": [1.5, 31.5, 14.5]},
			"faces": {
				"north": {"uv": [14, 15, 16, 16], "texture": "#0"},
				"east": {"uv": [10, 15, 12, 16], "texture": "#0"},
				"south": {"uv": [1, 15, 3, 16], "texture": "#0"},
				"west": {"uv": [0, 15, 2, 16], "texture": "#0"},
				"up": {"uv": [0, 11, 2, 13], "rotation": 180, "texture": "#0"}
			}
		},
		{
			"name": "Back Beam",
			"from": [3, 14, 13],
			"to": [13, 15, 15],
			"rotation": {"angle": 0, "axis": "y", "origin": [14, 14.5, 14.5]},
			"faces": {
				"north": {"uv": [3, 7, 13, 8], "texture": "#0"},
				"east": {"uv": [12, 4, 14, 5], "texture": "#0"},
				"south": {"uv": [3, 3, 13, 4], "rotation": 180, "texture": "#0"},
				"west": {"uv": [2, 4, 4, 5], "texture": "#0"},
				"up": {"uv": [3, 3, 13, 5], "texture": "#0"},
				"down": {"uv": [3, 1, 13, 3], "texture": "#0"}
			}
		},
		{
			"name": "Back Beam",
			"from": [3, 28, 13],
			"to": [13, 29, 15],
			"rotation": {"angle": 0, "axis": "y", "origin": [14.5, 28.5, 14.5]},
			"faces": {
				"north": {"uv": [6, 3, 16, 4], "texture": "#0"},
				"east": {"uv": [12, 4, 14, 5], "texture": "#0"},
				"south": {"uv": [1, 7, 12, 8], "texture": "#0"},
				"west": {"uv": [2, 4, 4, 5], "texture": "#0"},
				"up": {"uv": [4, 3, 14, 5], "texture": "#0"},
				"down": {"uv": [4, 2, 14, 4], "texture": "#0"}
			}
		}
	],
	"display": {
		"thirdperson_righthand": {
			"rotation": [45, 0, 0],
			"translation": [0, 1, 0],
			"scale": [0.35, 0.35, 0.35]
		},
		"thirdperson_lefthand": {
			"rotation": [45, 0, 0],
			"translation": [0, 1, 0],
			"scale": [0.35, 0.35, 0.35]
		},
		"firstperson_righthand": {
			"rotation": [-10, 15, 0],
			"translation": [1, 0, 0],
			"scale": [0.4, 0.4, 0.4]
		},
		"firstperson_lefthand": {
			"rotation": [-10, 15, 0],
			"translation": [1, 0, 0],
			"scale": [0.4, 0.4, 0.4]
		},
		"ground": {
			"translation": [0, 1, 0],
			"scale": [0.3, 0.3, 0.3]
		},
		"gui": {
			"rotation": [35, -135, 0],
			"translation": [0, -2.5, 0],
			"scale": [0.4, 0.4, 0.4]
		},
		"head": {
			"translation": [0, 1.5, 0]
		},
		"fixed": {
			"translation": [0, -3.5, -4.1],
			"scale": [0.8, 0.8, 0.8]
		}
	}
}